Time,V(1),V(2),V(3),I(C1),I(L1),I(R1),I(V1)
0,0,0,0,0,0,0,0
1E-6,0.0314157198277948,0.0313843358058291,3.13840219656095E-7,3.13840219656095E-6,3.13840219656095E-6,3.13840219656122E-6,-3.1384021965614E-6
2E-6,0.062830199416763,0.0627360805692569,1.25502869471781E-6,9.41188475061716E-6,9.41188475061716E-6,9.41188475061805E-6,-9.41188475061822E-6
3E-6,0.0942421985770409,0.0940540288374234,3.13672609089285E-6,0.0000188169739617504,0.0000188169739617504,0.0000188169739617522,-0.0000188169739617529
4E-6,0.125650477216687,0.125336976772028,6.2717305374828E-6,0.0000313500444658995,0.0000313500444658995,0.0000313500444659026,-0.0000313500444659026
5E-6,0.157053795390641,0.156583722196249,0.0000109724624814104,0.0000470073194392762,0.0000470073194392762,0.0000470073194392795,-0.0000470073194392788
6E-6,0.188450913349673,0.187793064641588,0.0000175509495622583,0.0000657848708084788,0.0000657848708084788,0.0000657848708084802,-0.0000657848708084802
7E-6,0.219840591589324,0.218963805394657,0.0000263188115089377,0.0000876786194667935,0.0000876786194667935,0.0000876786194667939,-0.0000876786194667946
8E-6,0.251221590898848,0.250094747543881,0.0000375872450586052,0.000112684335496676,0.000112684335496676,0.000112684335496682,-0.000112684335496681
9E-6,0.282592672410123,0.281184696026139,0.0000516670088984452,0.0001407976383984,0.0001407976383984,0.000140797638398404,-0.000140797638398405
0.00001,0.313952597646567,0.312232457673318,0.0000688684086309321,0.000172013997324869,0.000172013997324869,0.000172013997324871,-0.000172013997324874
0.000011,0.345300128572029,0.343236841258803,0.0000895012817631894,0.000206328731322573,0.000206328731322573,0.000206328731322575,-0.000206328731322578
0.000012,0.376634027639664,0.374196657543877,0.000113874982721058,0.000243737009578688,0.000243737009578688,0.000243737009578687,-0.000243737009578693
0.000013,0.407953057840788,0.405110719324045,0.000142298367888489,0.000284233851674304,0.000284233851674304,0.000284233851674309,-0.000284233851674309
0.000014,0.439255982753716,0.435977841475278,0.000175079780672865,0.000327814127843765,0.000327814127843764,0.000327814127843778,-0.000327814127843773
0.000015,0.470541566592572,0.46679684100017,0.000212527036596877,0.000374472559240122,0.000374472559240122,0.00037447255924013,-0.000374472559240127
0.000016,0.501808574256075,0.497566537074008,0.000254947408417545,0.000424203718206681,0.000424203718206681,0.000424203718206689,-0.000424203718206694
0.000017,0.5330557713763,0.528285751090753,0.000302647611273008,0.000477002028554629,0.000477002028554629,0.000477002028554641,-0.000477002028554642
0.000018,0.564281924367409,0.558953306708941,0.000355933787857682,0.000532861765846737,0.000532861765846737,0.000532861765846748,-0.000532861765846743
0.000019,0.595485800474349,0.589568029897478,0.000415111493626394,0.000591777057687123,0.000591777057687122,0.000591777057687126,-0.000591777057687128
0.00002,0.626666167821521,0.620128748981351,0.0004804856820281,0.000653741884017055,0.000653741884017055,0.000653741884017067,-0.000653741884017067
0.000021,0.657821795461413,0.650634294687245,0.00055236068976978,0.000718750077416802,0.000718750077416802,0.000718750077416819,-0.000718750077416827
0.000022,0.688951453423191,0.681083500189055,0.00063104022211113,0.000786795323413497,0.000786795323413497,0.000786795323413514,-0.000786795323413511
0.000023,0.720053912761261,0.711475201153311,0.000716827338190631,0.000857871160795009,0.000857871160795009,0.00085787116079501,-0.000857871160795012
0.000024,0.751127945603785,0.741808235784487,0.000810024436383613,0.00093197098192982,0.000931970981929819,0.000931970981929819,-0.000931970981929833
0.000025,0.782172325201155,0.772081444870226,0.0009109332396929,0.00100908803309287,0.00100908803309287,0.00100908803309289,-0.00100908803309289
0.000026,0.813185825974418,0.802293671826444,0.00101985478117264,0.0010892154147974,0.0010892154147974,0.00108921541479741,-0.00108921541479741
0.000027,0.84416722356367,0.832443762742343,0.00113708938938591,0.0011723460821327,0.0011723460821327,0.00117234608213271,-0.00117234608213272
0.000028,0.875115294876381,0.862530566425302,0.00126293667389669,0.00125847284510784,0.00125847284510784,0.00125847284510785,-0.00125847284510786
0.000029,0.906028818135687,0.892552934445674,0.00139769551079683,0.00134758836900133,0.00134758836900132,0.00134758836900134,-0.00134758836900134
0.00003,0.936906572928623,0.922509721181457,0.00154166402826849,0.00143968517471664,0.00143968517471664,0.00143968517471665,-0.00143968517471665
0.000031,0.967747340254302,0.952399783862864,0.00169513959218286,0.00153475563914372,0.00153475563914371,0.00153475563914373,-0.00153475563914372
0.000032,0.998549902572035,0.982221982616773,0.00185841879173548,0.00163279199552622,0.00163279199552621,0.00163279199552624,-0.00163279199552624
0.000033,1.02931304384941,1.01197518051106,0.00203179742511897,0.00173378633383481,0.00173378633383481,0.00173378633383483,-0.00173378633383484
0.000034,1.06003554961027,1.04165824359881,0.00221557048523358,0.00183773060114617,0.00183773060114617,0.0018377306011462,-0.0018377306011462
0.000035,1.09071620698271,1.07127004096243,0.00241003214543637,0.00194461660202787,0.00194461660202787,0.00194461660202787,-0.00194461660202787
0.000036,1.12135380474691,1.10080944475761,0.00261547574532928,0.0020544359989291,0.00205443599892909,0.00205443599892912,-0.00205443599892911
0.000037,1.15194713338295,1.13027533025718,0.00283219377658699,0.00216718031257716,0.00216718031257715,0.00216718031257717,-0.00216718031257718
0.000038,1.18249498511862,1.15966657589483,0.00306047786882497,0.00228284092237976,0.00228284092237975,0.00228284092237978,-0.00228284092237978
0.000039,1.21299615397704,1.18898206330871,0.00330061877550828,0.00240140906683308,0.00240140906683307,0.00240140906683308,-0.00240140906683309
0.00004,1.24344943582427,1.21822067738492,0.00355290635990184,0.00252287584393558,0.00252287584393558,0.00252287584393558,-0.00252287584393558
0.000041,1.27385362841691,1.24738130630083,0.00381762958106259,0.00264723221160756,0.00264723221160755,0.00264723221160759,-0.00264723221160759
0.000042,1.30420753144948,1.27646284156832,0.00409507647987423,0.00277446898811639,0.0027744689881164,0.00277446898811642,-0.00277446898811642
0.000043,1.33450994660188,1.3054641780768,0.00438553416512499,0.00290457685250756,0.00290457685250756,0.0029045768525076,-0.00290457685250758
0.000044,1.36475967758663,1.33438421413621,0.00468928879962911,0.00303754634504122,0.00303754634504122,0.00303754634504125,-0.00303754634504125
0.000045,1.39495553019615,1.3632218515198,0.00500662558639257,0.00317336786763456,0.00317336786763456,0.00317336786763458,-0.00317336786763459
0.000046,1.42509631234988,1.39197599550678,0.00533782875482354,0.00331203168430977,0.00331203168430976,0.00331203168430978,-0.00331203168430977
0.000047,1.45518083414136,1.42064555492488,0.0056831815469883,0.00345352792164756,0.00345352792164755,0.00345352792164755,-0.00345352792164755
0.000048,1.48520790788517,1.44922944219271,0.00604296620391294,0.00359784656924643,0.00359784656924643,0.00359784656924644,-0.00359784656924644
0.000049,1.51517634816387,1.47772657336199,0.00641746395193169,0.00374497748018745,0.00374497748018744,0.00374497748018745,-0.00374497748018746
0.00005,1.54508497187474,1.50613586815969,0.00680695498908214,0.0038949103715045,0.0038949103715045,0.00389491037150451,-0.00389491037150452
0.000051,1.57493259827652,1.53445625002992,0.00721171847154817,0.00404763482466035,0.00404763482466034,0.00404763482466035,-0.00404763482466036
0.0000519999999999999,1.60471804903605,1.56268664617577,0.00763203250015096,0.0042031402860279,0.0042031402860279,0.00420314028602793,-0.00420314028602792
0.0000529999999999999,1.63444014827471,1.59082598760094,0.00806817410688869,0.00436141606737731,0.0043614160673773,0.00436141606737734,-0.00436141606737733
0.0000539999999999999,1.66409772261493,1.61887320915125,0.00852041924152552,0.00452245134636828,0.00452245134636827,0.00452245134636831,-0.00452245134636831
0.0000549999999999999,1.69368960122646,1.64682724955597,0.00898904275823033,0.00468623516704807,0.00468623516704805,0.00468623516704807,-0.00468623516704808
0.0000559999999999999,1.72321461587258,1.67468705146904,0.0094743184022658,0.00485275644035475,0.00485275644035473,0.00485275644035474,-0.00485275644035477
0.0000569999999999999,1.75267160095629,1.70245156151003,0.00997651879672841,0.00502200394462606,0.00502200394462606,0.00502200394462609,-0.0050220039446261
0.0000579999999999999,1.78205939356625,1.73011973030512,0.0104959154293398,0.00519396632611364,0.00519396632611364,0.00519396632611366,-0.00519396632611366
0.0000589999999999999,1.81137683352273,1.7576905125277,0.01103277863929,0.00536863209950248,0.00536863209950248,0.00536863209950251,-0.00536863209950253
0.0000599999999999999,1.84062276342339,1.78516286693903,0.0115873776041336,0.00554598964843596,0.00554598964843597,0.00554598964843598,-0.00554598964843597
0.0000609999999999999,1.869796028689,1.81253575642854,0.0121599803267382,0.00572602722604617,0.00572602722604615,0.00572602722604616,-0.00572602722604618
0.0000619999999999999,1.898895477609,1.83980814805411,0.0127508536222872,0.00590873295548933,0.00590873295548933,0.00590873295548937,-0.00590873295548938
0.0000629999999999999,1.92791996138698,1.86697901308211,0.0133602631053359,0.00609409483048703,0.00609409483048701,0.00609409483048704,-0.00609409483048703
0.0000639999999999999,1.95686833418601,1.89404732702729,0.0139884731769231,0.00628210071587205,0.00628210071587204,0.0062821007158721,-0.0062821007158721
0.0000649999999999999,1.9857394531739,1.9210120696925,0.0146357470117371,0.00647273834814013,0.00647273834814012,0.00647273834814015,-0.00647273834814013
0.0000659999999999999,2.01453217856831,1.94787222520825,0.0153023465453377,0.00666599533600641,0.00666599533600641,0.00666599533600643,-0.00666599533600643
0.0000669999999999999,2.04324537368174,1.97462678207207,0.0159885324614345,0.00686185916096751,0.00686185916096748,0.00686185916096751,-0.00686185916096752
0.0000679999999999999,2.07187790496642,2.00127473318773,0.0166945641792213,0.00706031717786833,0.00706031717786833,0.00706031717786835,-0.00706031717786837
0.0000689999999999999,2.10042864205903,2.02781507590428,0.0174206998407688,0.00726135661547465,0.00726135661547468,0.00726135661547471,-0.00726135661547472
0.0000699999999999999,2.12889645782536,2.05424681205486,0.0181671962984738,0.00746496457705029,0.00746496457705032,0.00746496457705037,-0.00746496457705037
0.0000709999999999999,2.15728022840479,2.0805689479954,0.0189343091025678,0.00767112804093962,0.0076711280409396,0.00767112804093966,-0.00767112804093964
0.0000719999999999999,2.18557883325466,2.10678049464311,0.0197222924886833,0.0078798338611551,0.00787983386115504,0.00787983386115507,-0.00787983386115507
0.0000729999999999999,2.2137911551945,2.1328804675148,0.0205313993654803,0.00809106876796997,0.00809106876796998,0.00809106876797001,-0.00809106876797
0.0000739999999999999,2.24191608045016,2.158867886765,0.0213618813023319,0.00830481936851625,0.00830481936851624,0.00830481936851628,-0.00830481936851626
0.0000749999999999999,2.26995249869773,2.18474177722386,0.0222139885170706,0.00852107214738693,0.00852107214738692,0.00852107214738695,-0.00852107214738695
0.0000759999999999999,2.29789930310744,2.210501168435,0.023087969863795,0.00873981346724409,0.00873981346724404,0.00873981346724406,-0.00873981346724406
0.0000769999999999999,2.32575539038729,2.23614509469298,0.0239840728207381,0.00896102956943128,0.00896102956943126,0.0089610295694313,-0.00896102956943132
0.0000779999999999999,2.35351966082666,2.26167259508074,0.0249025434781973,0.00918470657459154,0.00918470657459152,0.00918470657459158,-0.00918470657459158
0.0000789999999999999,2.38119101833969,2.2870827135068,0.0258436265265262,0.00941083048328958,0.00941083048328955,0.00941083048328961,-0.00941083048328961
0.0000799999999999999,2.40876837050857,2.31237449874218,0.0268075652441902,0.00963938717663936,0.00963938717663935,0.00963938717663941,-0.0096393871766394
0.0000809999999999999,2.43625062862666,2.33754700445729,0.0277946014858838,0.00987036241693651,0.00987036241693649,0.00987036241693651,-0.00987036241693651
0.0000819999999999999,2.46363670774145,2.3625992892585,0.0288049756707134,0.0101037418482953,0.0101037418482953,0.0101037418482953,-0.0101037418482953
0.0000829999999999999,2.49092552669745,2.38753041672454,0.0298389267704424,0.0103395109972907,0.0103395109972907,0.0103395109972907,-0.0103395109972907
0.0000839999999999999,2.5181160081788,2.41233945544275,0.030896692297803,0.0105776552736052,0.0105776552736052,0.0105776552736052,-0.0105776552736052
0.0000849999999999999,2.54520707875185,2.43702547904505,0.031978508294871,0.0108181599706802,0.0108181599706802,0.0108181599706802,-0.0108181599706802
0.0000859999999999999,2.57219766890753,2.4615875662438,0.0330846093215082,0.0110610102663725,0.0110610102663724,0.0110610102663725,-0.0110610102663725
0.0000869999999999999,2.59908671310354,2.4860248008674,0.0342152284438697,0.0113061912236148,0.0113061912236148,0.0113061912236148,-0.0113061912236148
0.0000879999999999998,2.62587314980647,2.51033627189565,0.0353705972229779,0.0115536877910821,0.011553687791082,0.0115536877910821,-0.0115536877910821
0.0000889999999999998,2.65255592153367,2.53452107349505,0.036550945703364,0.0118034848038613,0.0118034848038612,0.0118034848038613,-0.0118034848038613
0.0000899999999999998,2.67913397489498,2.55857830505371,0.0377565024017767,0.0120555669841265,0.0120555669841264,0.0120555669841265,-0.0120555669841265
0.0000909999999999998,2.70560626063437,2.58250707121619,0.0389874942959585,0.0123099189418185,0.0123099189418184,0.0123099189418185,-0.0123099189418185
0.0000919999999999998,2.73197173367134,2.60630648191805,0.0402441468134914,0.012566525175329,0.0125665251753289,0.0125665251753289,-0.0125665251753289
0.0000929999999999998,2.75822935314215,2.62997565242026,0.0415266838207103,0.0128253700721889,0.0128253700721888,0.0128253700721889,-0.0128253700721889
0.0000939999999999998,2.78437808244094,2.65351370334331,0.0428353276116865,0.0130864379097621,0.013086437909762,0.0130864379097621,-0.0130864379097621
0.0000949999999999998,2.81041688926065,2.67691976070122,0.0441702988972808,0.0133497128559425,0.0133497128559424,0.0133497128559425,-0.0133497128559425
0.0000959999999999998,2.83634474563378,2.70019295593521,0.0455318167942664,0.0136151789698566,0.0136151789698565,0.0136151789698566,-0.0136151789698566
0.0000969999999999998,2.86216062797295,2.72333242594725,0.0469200988145234,0.0138828202025698,0.0138828202025698,0.0138828202025698,-0.0138828202025698
0.0000979999999999998,2.88786351711133,2.74633731313336,0.0483353608543032,0.0141526203977977,0.0141526203977977,0.0141526203977977,-0.0141526203977977
0.0000989999999999998,2.91345239834288,2.76920676541666,0.0497778171835653,0.0144245632926211,0.014424563292621,0.0144245632926211,-0.0144245632926211
0.0000999999999999998,2.93892626146236,2.79193993628031,0.0512476804353858,0.0146986325182056,0.0146986325182055,0.0146986325182055,-0.0146986325182055
0.000101,2.96428410080529,2.81453598480003,0.0527451615954384,0.0149748116005261,0.0149748116005259,0.0149748116005259,-0.0149748116005259
0.000102,2.98952491528759,2.83699407567664,0.0542704699915479,0.0152530839610945,0.0152530839610945,0.0152530839610945,-0.0152530839610945
0.000103,3.01464770844512,2.85931337926819,0.0558238132833172,0.015533432917693,0.0155334329176929,0.015533432917693,-0.015533432917693
0.000104,3.03965148847302,2.88149307162192,0.0574053974518282,0.0158158416851099,0.01581584168511,0.01581584168511,-0.01581584168511
0.000105,3.06453526826488,2.90353233450606,0.0590154267894164,0.0161002933758817,0.0161002933758816,0.0161002933758816,-0.0161002933758816
0.000106,3.08929806545167,2.9254303554413,0.06065410388952,0.0163867710010368,0.0163867710010368,0.0163867710010369,-0.0163867710010369
0.000107,3.11393890244056,2.94718632773209,0.0623216296366047,0.0166752574708465,0.0166752574708463,0.0166752574708464,-0.0166752574708464
0.000108,3.1384568064535,2.96879945049773,0.0640182031961623,0.0169657355955765,0.0169657355955765,0.0169657355955765,-0.0169657355955766
0.000109,3.16285080956562,2.99026892870315,0.065744022004787,0.0172581880862463,0.0172581880862463,0.0172581880862464,-0.0172581880862464
0.00011,3.18711994874344,3.01159397318955,0.0674992817603259,0.0175525975553893,0.0175525975553893,0.0175525975553893,-0.0175525975553893
0.000111,3.21126326588292,3.03277380070473,0.0692841764121078,0.0178489465178187,0.0178489465178185,0.0178489465178186,-0.0178489465178186
0.000112,3.23527980784722,3.05380763393325,0.0710988981512475,0.0181472173913969,0.0181472173913967,0.0181472173913968,-0.0181472173913967
0.000113,3.25916862650439,3.0746947015263,0.0729436374010284,0.0184473924978093,0.0184473924978093,0.0184473924978093,-0.0184473924978093
0.000114,3.28292877876478,3.09543423813136,0.0748185828073626,0.0187494540633416,0.0187494540633417,0.0187494540633417,-0.0187494540633417
0.000115,3.30655932661825,3.11602548442165,0.0767239212293287,0.0190533842196609,0.0190533842196609,0.0190533842196609,-0.019053384219661
0.000116,3.33005933717125,3.13646768712525,0.0786598377297887,0.0193591650046004,0.0193591650046004,0.0193591650046005,-0.0193591650046004
0.000117,3.35342788268359,3.1567600990541,0.0806265155660836,0.0196667783629492,0.0196667783629492,0.0196667783629493,-0.0196667783629493
0.000118,3.37666404060512,3.17690197913267,0.0826241361808081,0.0199762061472446,0.0199762061472444,0.0199762061472445,-0.0199762061472445
0.000119,3.39976689361209,3.19689259242641,0.0846528791926649,0.0202874301185679,0.0202874301185678,0.0202874301185679,-0.0202874301185678
0.00012,3.42273552964344,3.21673121016998,0.0867129223873995,0.020600431947346,0.0206004319473461,0.0206004319473461,-0.0206004319473461
0.000121,3.44556904193674,3.23641710979519,0.0888044417088149,0.0209151932141548,0.0209151932141547,0.0209151932141547,-0.0209151932141547
0.000122,3.46826652906402,3.25594957495876,0.0909276112498675,0.0212316954105257,0.0212316954105256,0.0212316954105257,-0.0212316954105256
0.000123,3.49082709496736,3.27532789556978,0.0930826032438433,0.0215499199397583,0.0215499199397582,0.0215499199397582,-0.0215499199397582
0.000124,3.51324984899424,3.2945513678169,0.0952695880556168,0.0218698481177343,0.0218698481177343,0.0218698481177344,-0.0218698481177343
0.000125,3.53553390593273,3.31361929419537,0.0974887341729904,0.0221914611737367,0.0221914611737366,0.0221914611737366,-0.0221914611737366
0.000126,3.55767838604642,3.33253098353372,0.0997402081981175,0.0225147402512703,0.0225147402512701,0.0225147402512702,-0.0225147402512702
0.000127,3.57968241510915,3.35128575102027,0.102024174839006,0.0228396664088883,0.0228396664088882,0.0228396664088883,-0.0228396664088883
0.000128,3.60154512443953,3.36988291822932,0.104340796901108,0.0231662206210212,0.0231662206210211,0.0231662206210212,-0.0231662206210211
0.000129,3.62326565093523,3.38832181314715,0.106690235278989,0.0234943837788081,0.0234943837788079,0.0234943837788079,-0.0234943837788079
0.00013,3.64484313710705,3.40660177019772,0.109072648948083,0.0238241366909329,0.0238241366909328,0.0238241366909329,-0.0238241366909329
0.000131,3.66627673111279,3.42472213026815,0.111488194956529,0.0241554600844641,0.024155460084464,0.0241554600844641,-0.0241554600844641
0.000132,3.68756558679086,3.44268224073391,0.113937028417099,0.0244883346056957,0.0244883346056957,0.0244883346056958,-0.0244883346056958
0.000133,3.70870886369369,3.46048145548375,0.116419302499198,0.0248227408209942,0.0248227408209942,0.0248227408209942,-0.0248227408209942
0.000134,3.72970572712091,3.47811913494444,0.118935168420963,0.0251586592176467,0.0251586592176465,0.0251586592176466,-0.0251586592176466
0.000135,3.75055534815229,3.49559464610516,0.121484775441434,0.025496070204713,0.0254960702047129,0.0254960702047129,-0.025496070204713
0.000136,3.77125690368051,3.51290736254169,0.124068270852822,0.0258349541138821,0.0258349541138818,0.0258349541138819,-0.0258349541138818
0.000137,3.7918095764436,3.53005666444032,0.126685799972855,0.0261752912003285,0.0261752912003285,0.0261752912003286,-0.0261752912003286
0.000138,3.81221255505723,3.54704193862146,0.129337506137213,0.0265170616435773,0.0265170616435769,0.026517061643577,-0.026517061643577
0.000139,3.83246503404674,3.5638625785631,0.132023530692049,0.0268602455483644,0.0268602455483641,0.0268602455483641,-0.0268602455483641
0.00014,3.85256621387894,3.58051798442386,0.1347440129866,0.0272048229455077,0.0272048229455078,0.0272048229455078,-0.0272048229455079
0.000141,3.87251530099366,3.59700756306589,0.137499090365878,0.027550773792778,0.0275507737927778,0.0275507737927778,-0.0275507737927778
0.000142,3.89231150783511,3.61333072807742,0.140288898163455,0.0278980779757693,0.0278980779757692,0.0278980779757692,-0.0278980779757692
0.000143,3.91195405288294,3.62948689979514,0.143113569694333,0.0282467153087793,0.0282467153087793,0.0282467153087793,-0.0282467153087793
0.000144,3.93144216068309,3.64547550532622,0.145973236247901,0.0285966655356873,0.0285966655356871,0.0285966655356871,-0.0285966655356871
0.000145,3.95077506187845,3.66129597857009,0.148868027080985,0.0289479083308361,0.028947908330836,0.028947908330836,-0.028947908330836
0.000146,3.96995199323917,3.67694776023998,0.151798069410977,0.0293004232999189,0.0293004232999189,0.0293004232999189,-0.0293004232999189
0.000147,3.98897219769285,3.69243029788418,0.154763488409063,0.0296541899808664,0.0296541899808664,0.0296541899808665,-0.0296541899808665
0.000148,4.00783492435438,3.707743045907,0.157764407193537,0.0300091878447378,0.0300091878447378,0.0300091878447378,-0.0300091878447378
0.000149,4.0265394285556,3.72288546558946,0.160800946823199,0.0303653962966144,0.0303653962966144,0.0303653962966144,-0.0303653962966144
0.00015,4.04508497187473,3.73785702510977,0.163873226290848,0.0307227946764962,0.0307227946764963,0.0307227946764963,-0.0307227946764964
0.000151,4.06347082216546,3.75265719956345,0.166981362516868,0.031081362260201,0.031081362260201,0.031081362260201,-0.031081362260201
0.000152,4.08169625358591,3.76728547098326,0.170125470342895,0.031441078260265,0.031441078260265,0.0314410782602651,-0.031441078260265
0.000153,4.09976054662726,3.78174132835877,0.17330566252558,0.0318019218268484,0.0318019218268483,0.0318019218268484,-0.0318019218268484
0.000154,4.11766298814213,3.79602426765572,0.176522049730444,0.0321638720486409,0.0321638720486408,0.0321638720486408,-0.0321638720486409
0.000155,4.1354028713728,3.81013379183509,0.179774740525821,0.0325269079537721,0.0325269079537718,0.0325269079537718,-0.0325269079537718
0.000156,4.15297949597906,3.82406941087184,0.183063841376893,0.0328910085107215,0.0328910085107213,0.0328910085107213,-0.0328910085107213
0.000157,4.17039216806585,3.8378306417735,0.186389456639817,0.0332561526292346,0.0332561526292346,0.0332561526292347,-0.0332561526292347
0.000158,4.1876402002107,3.85141700859831,0.18975168855594,0.0336223191612386,0.0336223191612389,0.0336223191612389,-0.0336223191612389
0.000159,4.20472291149084,3.86482804247322,0.193150637246117,0.0339894869017615,0.0339894869017616,0.0339894869017616,-0.0339894869017616
0.00016,4.22163962751007,3.87806328161155,0.196586400705102,0.0343576345898525,0.0343576345898522,0.0343576345898522,-0.0343576345898522
0.000161,4.23838968042541,3.89112227133035,0.200059074796052,0.0347267409095059,0.0347267409095057,0.0347267409095057,-0.0347267409095057
0.000162,4.25497240897345,3.90400456406757,0.203568753245111,0.0350967844905883,0.0350967844905879,0.0350967844905879,-0.035096784490588
0.000163,4.27138715849647,3.91670971939883,0.207115527636088,0.0354677439097642,0.0354677439097642,0.0354677439097643,-0.0354677439097643
0.000164,4.28763328096826,3.92923730405396,0.210699487405231,0.0358395976914291,0.035839597691429,0.0358395976914291,-0.0358395976914291
0.000165,4.30371013501971,3.94158689193332,0.214320719836095,0.036212324308639,0.0362123243086388,0.0362123243086388,-0.0362123243086389
0.000166,4.31961708596417,3.95375806412371,0.217979310054499,0.0365859021840462,0.0365859021840457,0.0365859021840457,-0.0365859021840458
0.000167,4.33535350582244,3.9657504089141,0.221675341023583,0.0369603096908352,0.0369603096908348,0.0369603096908348,-0.0369603096908348
0.000168,4.35091877334762,3.977563521811,0.225408893538949,0.037335525153662,0.037335525153662,0.037335525153662,-0.037335525153662
0.000169,4.3663122740496,3.98919700555365,0.229180046223908,0.0377115268495948,0.0377115268495949,0.037711526849595,-0.037711526849595
0.00017,4.38153340021931,4.00065047012876,0.232988875524814,0.0380882930090556,0.0380882930090553,0.0380882930090554,-0.0380882930090554
0.000171,4.39658155095278,4.01192353278514,0.23683545570649,0.0384658018167636,0.0384658018167632,0.0384658018167633,-0.0384658018167632
0.000172,4.41145613217476,4.02301581804793,0.240719858847759,0.0388440314126834,0.0388440314126832,0.0388440314126833,-0.0388440314126833
0.000173,4.42615655666227,4.03392695773254,0.244642154837056,0.039222959892973,0.0392229598929728,0.0392229598929728,-0.0392229598929728
0.000174,4.44068224406772,4.0446565909584,0.248602411368149,0.0396025653109322,0.0396025653109318,0.0396025653109318,-0.0396025653109319
0.000175,4.45503262094183,4.05520436416229,0.252600693935945,0.0399828256779547,0.0399828256779544,0.0399828256779545,-0.0399828256779545
0.000176,4.46920712075631,4.06556993111149,0.256637065832393,0.0403637189644829,0.0403637189644823,0.0403637189644824,-0.0403637189644824
0.000177,4.48320518392617,4.07575295291658,0.260711588142489,0.0407452231009597,0.0407452231009598,0.0407452231009598,-0.0407452231009598
0.000178,4.49702625783185,4.08575309804395,0.264824319740368,0.04112731597879,0.0411273159787901,0.0411273159787902,-0.0411273159787902
0.000179,4.51066979684101,4.09557004232806,0.268975317285497,0.0415099754512949,0.0415099754512944,0.0415099754512945,-0.0415099754512945
0.00018,4.52413526233009,4.10520346898338,0.273164635218965,0.0418931793346716,0.0418931793346708,0.0418931793346709,-0.0418931793346709
0.000181,4.53742212270558,4.11465306861601,0.27739232575986,0.0422769054089561,0.0422769054089564,0.0422769054089565,-0.0422769054089565
0.000182,4.55052985342497,4.12391853923508,0.281658438901759,0.0426611314189895,0.0426611314189898,0.0426611314189898,-0.0426611314189899
0.000183,4.56345793701751,4.13299958626376,0.285963022409297,0.0430458350753754,0.0430458350753752,0.0430458350753753,-0.0430458350753753
0.000184,4.57620586310458,4.14189592255009,0.290306121814842,0.0434309940554489,0.0434309940554487,0.0434309940554488,-0.0434309940554489
0.000185,4.5887731284199,4.15060726837745,0.294687780415266,0.043816586004245,0.043816586004245,0.043816586004245,-0.043816586004245
0.000186,4.60115923682935,4.15913335147469,0.299108039268813,0.0442025885354658,0.0442025885354655,0.0442025885354656,-0.0442025885354656
0.000187,4.61336369935057,4.16747390702608,0.303566937192058,0.0445889792324494,0.044588979232449,0.044588979232449,-0.044588979232449
0.000188,4.62538603417229,4.17562867768087,0.308064510756972,0.0449757356491415,0.0449757356491413,0.0449757356491414,-0.0449757356491414
0.000189,4.6372257666733,4.18359741356261,0.312600794288079,0.0453628353110691,0.0453628353110688,0.0453628353110688,-0.0453628353110688
0.00019,4.64888242944125,4.19137987227815,0.31717581985971,0.0457502557163109,0.0457502557163106,0.0457502557163107,-0.0457502557163107
0.000191,4.66035556229105,4.19897581892631,0.321789617293357,0.0461379743364743,0.0461379743364739,0.046137974336474,-0.046137974336474
0.000192,4.67164471228306,4.20638502610636,0.326442214155124,0.0465259686176694,0.0465259686176691,0.0465259686176691,-0.0465259686176691
0.000193,4.68274943374096,4.21360727392609,0.331133635753273,0.0469142159814862,0.0469142159814864,0.0469142159814864,-0.0469142159814864
0.000194,4.69366928826937,4.22064235000963,0.33586390513587,0.0473026938259735,0.0473026938259737,0.0473026938259738,-0.0473026938259739
0.000195,4.70440384477112,4.22749004950497,0.340633043088532,0.047691379526616,0.0476913795266154,0.0476913795266154,-0.0476913795266154
0.000196,4.71495267946432,4.2341501750912,0.345441068132263,0.0480802504373112,0.0480802504373113,0.0480802504373114,-0.0480802504373113
0.000197,4.72531537589902,4.24062253698544,0.350287996521398,0.0484692838913575,0.0484692838913577,0.0484692838913578,-0.0484692838913577
0.000198,4.73549152497372,4.24690695294943,0.355173842241641,0.0488584572024287,0.0488584572024285,0.0488584572024285,-0.0488584572024285
0.000199,4.74548072495147,4.2530032482959,0.360098617008197,0.0492477476655573,0.0492477476655572,0.0492477476655573,-0.0492477476655573
0.0002,4.75528258147576,4.25891125589456,0.365062330264009,0.0496371325581202,0.0496371325581203,0.0496371325581204,-0.0496371325581204
0.000201,4.76489670758609,4.26463081617789,0.370064989178091,0.0500265891408203,0.0500265891408203,0.0500265891408204,-0.0500265891408204
0.000202,4.77432272373321,4.2701617771465,0.375106598643958,0.0504160946586713,0.0504160946586705,0.0504160946586707,-0.0504160946586706
0.000203,4.78356025779415,4.27550399437435,0.380187161278156,0.0508056263419798,0.0508056263419801,0.0508056263419802,-0.0508056263419802
0.000204,4.79260894508688,4.28065733101348,0.38530667741889,0.0511951614073403,0.0511951614073396,0.0511951614073396,-0.0511951614073397
0.000205,4.80146842838471,4.28562165779864,0.390465145124751,0.0515846770586076,0.051584677058607,0.051584677058607,-0.051584677058607
0.000206,4.81013835793043,4.29039685305148,0.39566256017354,0.0519741504878946,0.0519741504878948,0.0519741504878949,-0.0519741504878949
0.000207,4.81861839145004,4.29498280268447,0.400898916061196,0.052363558876557,0.0523635588765571,0.0523635588765572,-0.0523635588765572
0.000208,4.82690819416637,4.29937940020459,0.406174204000814,0.0527528793961779,0.0527528793961775,0.0527528793961776,-0.0527528793961776
0.000209,4.83500743881217,4.3035865467166,0.41148841292177,0.0531420892095569,0.053142089209557,0.0531420892095571,-0.053142089209557
0.00021,4.84291580564315,4.30760415092612,0.41684152946894,0.0535311654717036,0.0535311654717027,0.0535311654717028,-0.0535311654717028
0.000211,4.85063298245053,4.31143212914236,0.422233538002022,0.0539200853308169,0.0539200853308168,0.0539200853308168,-0.0539200853308168
0.000212,4.85815866457337,4.31507040528051,0.42766442059495,0.0543088259292862,0.0543088259292853,0.0543088259292854,-0.0543088259292854
0.000213,4.86549255491063,4.31851891086395,0.433134157035417,0.0546973644046689,0.0546973644046682,0.0546973644046683,-0.0546973644046683
0.000214,4.87263436393288,4.321777585026,0.438642724824486,0.0550856778906889,0.0550856778906883,0.0550856778906884,-0.0550856778906884
0.000215,4.87958380969373,4.32484637451151,0.444190099176308,0.0554737435182223,0.0554737435182219,0.0554737435182219,-0.0554737435182219
0.000216,4.88634061784096,4.32772523367808,0.449776253017937,0.055861538416288,0.0558615384162879,0.055861538416288,-0.055861538416288
0.000217,4.89290452162736,4.33041412449697,0.455401156989241,0.0562490397130389,0.0562490397130387,0.0562490397130388,-0.0562490397130387
0.000218,4.89927526192123,4.33291301655373,0.461064779442916,0.0566362245367497,0.0566362245367498,0.0566362245367499,-0.0566362245367499
0.000219,4.90545258721667,4.33522188704857,0.466767086444597,0.0570230700168106,0.0570230700168102,0.0570230700168103,-0.0570230700168102
0.000219999999999999,4.91143625364344,4.33734072079632,0.472508041773068,0.057409553284713,0.0574095532847125,0.0574095532847125,-0.0574095532847125
0.000220999999999999,4.91722602497665,4.33926951022621,0.478287606920573,0.0577956514750433,0.0577956514750431,0.0577956514750431,-0.0577956514750431
0.000221999999999999,4.92282167264602,4.34100825538131,0.48410574109322,0.0581813417264726,0.0581813417264719,0.0581813417264719,-0.0581813417264719
0.000222999999999999,4.92822297574499,4.34255696391756,0.489962401211494,0.0585666011827435,0.0585666011827425,0.0585666011827426,-0.0585666011827426
0.000223999999999999,4.93342972103934,4.34391565110272,0.495857541910861,0.0589514069936625,0.0589514069936617,0.0589514069936617,-0.0589514069936617
0.000224999999999999,4.93844170297569,4.3450843398148,0.501791115542469,0.0593357363160896,0.0593357363160889,0.0593357363160889,-0.0593357363160889
0.000225999999999999,4.94325872368957,4.34606306054031,0.507763072173962,0.0597195663149264,0.0597195663149255,0.0597195663149257,-0.0597195663149256
0.000226999999999999,4.94788059301325,4.34685185137221,0.513773359590373,0.0601028741641052,0.0601028741641037,0.0601028741641038,-0.0601028741641038
0.000227999999999999,4.95230712848325,4.3474507580075,0.51982192329513,0.0604856370475748,0.060485637047575,0.060485637047575,-0.060485637047575
0.000228999999999999,4.95653815534753,4.34785983374455,0.52590870651116,0.0608678321602973,0.0608678321602983,0.0608678321602984,-0.0608678321602983
0.000229999999999999,4.96057350657239,4.34807913948011,0.532033650182083,0.0612494367092287,0.0612494367092281,0.0612494367092282,-0.0612494367092282
0.000230999999999999,4.96441302284907,4.34810874370605,0.538196692973513,0.061630427914301,0.0616304279143014,0.0616304279143014,-0.0616304279143014
0.000231999999999999,4.96805655260004,4.34794872250579,0.544397771274455,0.0620107830094252,0.0620107830094245,0.0620107830094246,-0.0620107830094246
0.000232999999999999,4.97150395198499,4.34759915955039,0.550636819198801,0.0623904792434604,0.0623904792434597,0.0623904792434598,-0.0623904792434598
0.000233999999999999,4.9747550849065,4.34706014609439,0.556913768586922,0.0627694938812107,0.0627694938812104,0.0627694938812104,-0.0627694938812104
0.000234999999999999,4.9778098230154,4.34633178097133,0.563228549007363,0.0631478042044065,0.0631478042044068,0.0631478042044069,-0.0631478042044069
0.000235999999999999,4.98066804571586,4.34541417058896,0.569581087758632,0.0635253875126907,0.0635253875126899,0.0635253875126899,-0.0635253875126899
0.000236999999999999,4.98332964017015,4.3443074289242,0.575971309871092,0.0639022211245965,0.0639022211245952,0.0639022211245952,-0.0639022211245952
0.000237999999999999,4.98579450130307,4.34301167751771,0.582399138108946,0.0642782823785371,0.0642782823785361,0.0642782823785361,-0.0642782823785362
0.000238999999999999,4.98806253180612,4.34152704546827,0.588864492972324,0.0646535486337863,0.0646535486337857,0.0646535486337857,-0.0646535486337858
0.000239999999999999,4.99013364214136,4.33985366942677,0.59536729269947,0.0650279972714596,0.0650279972714584,0.0650279972714585,-0.0650279972714585
0.000240999999999999,4.99200775054487,4.33799169358997,0.601907453269019,0.0654016056954898,0.0654016056954905,0.0654016056954906,-0.0654016056954906
0.000241999999999999,4.99368478303009,4.33594126969389,0.608484888402381,0.0657743513336195,0.0657743513336197,0.0657743513336197,-0.0657743513336197
0.000242999999999999,4.99516467339062,4.33370255700699,0.615099509566217,0.0661462116383638,0.0661462116383637,0.0661462116383638,-0.0661462116383638
0.000243999999999999,4.99644736320295,4.33127572232296,0.621751225975017,0.0665171640879991,0.0665171640879985,0.0665171640879986,-0.0665171640879986
0.000244999999999999,4.99753280182866,4.32866093995331,0.628439944593771,0.0668871861875353,0.0668871861875345,0.0668871861875346,-0.0668871861875345
0.000245999999999999,4.9984209464165,4.32585839171958,0.63516557014074,0.0672562554696921,0.0672562554696924,0.0672562554696924,-0.0672562554696924
0.000247,4.99911176190404,4.32286826694527,0.641928005090328,0.0676243494958784,0.0676243494958779,0.0676243494958779,-0.0676243494958779
0.000248,4.99960522101908,4.31969076244753,0.648727149676044,0.0679914458571562,0.067991445857155,0.0679914458571551,-0.0679914458571551
0.000249,4.99990130428069,4.3163260825285,0.655562901893565,0.0683575221752197,0.0683575221752185,0.0683575221752186,-0.0683575221752186
0.00025,5,4.31277443896635,0.662435157503902,0.0687225561033644,0.0687225561033647,0.0687225561033649,-0.0687225561033649
0.000251,4.99990130428069,4.30903605100607,0.669343810036648,0.069086525327462,0.0690865253274617,0.0690865253274618,-0.0690865253274618
0.000252,4.99960522101908,4.30511114534991,0.67628875079334,0.0694494075669183,0.0694494075669173,0.0694494075669174,-0.0694494075669174
0.000253,4.99911176190404,4.30099995614757,0.683269868850905,0.0698111805756485,0.069811180575647,0.0698111805756471,-0.0698111805756471
0.000254,4.9984209464165,4.29670272498611,0.690287051065209,0.0701718221430392,0.0701718221430391,0.0701718221430392,-0.0701718221430392
0.000255,4.99753280182866,4.29221970087946,0.697340182074701,0.0705313100949201,0.0705313100949196,0.0705313100949197,-0.0705313100949197
0.000256,4.99644736320295,4.2875511402578,0.704429144304152,0.0708896222945155,0.070889622294515,0.0708896222945151,-0.0708896222945151
0.000257,4.99516467339062,4.28269730695649,0.711553817968494,0.0712467366434144,0.0712467366434138,0.0712467366434138,-0.0712467366434138
0.000258,4.99368478303009,4.27765847220482,0.718714081076747,0.071602631082528,0.0716026310825266,0.0716026310825266,-0.0716026310825266
0.000259,4.99200775054488,4.27243491461443,0.725909809436051,0.0719572835930449,0.0719572835930444,0.0719572835930444,-0.0719572835930444
0.00026,4.99013364214136,4.2670269201674,0.733140876655791,0.0723106721973965,0.0723106721973956,0.0723106721973957,-0.0723106721973957
0.000261,4.98806253180613,4.26143478220412,0.740407154151811,0.0726627749602016,0.0726627749602008,0.0726627749602009,-0.0726627749602008
0.000262,4.98579450130307,4.2556588014108,0.747708511150734,0.0730135699892276,0.0730135699892268,0.0730135699892269,-0.0730135699892269
0.000263,4.98332964017015,4.24969928580677,0.755044814694367,0.0733630354363379,0.0733630354363381,0.0733630354363381,-0.0733630354363381
0.000264,4.98066804571586,4.24355655073139,0.762415929644212,0.0737111494984466,0.0737111494984468,0.0737111494984468,-0.0737111494984468
0.000265,4.9778098230154,4.23723091883079,0.769821718686058,0.0740578904184619,0.0740578904184613,0.0740578904184614,-0.0740578904184613
0.000266,4.9747550849065,4.23072272004418,0.777262042334682,0.0744032364862335,0.0744032364862322,0.0744032364862322,-0.0744032364862323
0.000267,4.97150395198499,4.22403229159002,0.784736758938631,0.0747471660394983,0.0747471660394973,0.0747471660394974,-0.0747471660394974
0.000268,4.96805655260004,4.2171599779518,0.792245724685114,0.0750896574648241,0.075089657464824,0.0750896574648241,-0.0750896574648241
0.000269,4.96441302284907,4.21010613086357,0.799788793604969,0.0754306891985501,0.0754306891985499,0.0754306891985499,-0.0754306891985499
0.00027,4.96057350657239,4.20287110929517,0.807365817577741,0.0757702397277216,0.0757702397277216,0.0757702397277217,-0.0757702397277217
0.000271,4.95653815534753,4.19545527943721,0.814976646336844,0.0761082875910335,0.0761082875910317,0.0761082875910318,-0.0761082875910318
0.000272,4.95230712848326,4.18785901468573,0.82262112747482,0.0764448113797533,0.0764448113797528,0.0764448113797529,-0.0764448113797528
0.000273,4.94788059301325,4.18008269562655,0.830299106448687,0.0767797897386724,0.0767797897386706,0.0767797897386706,-0.0767797897386706
0.000274,4.94325872368957,4.17212671001943,0.838010426585388,0.0771132013670151,0.077113201367014,0.077113201367014,-0.0771132013670141
0.000275,4.93844170297569,4.16399145278185,0.845754929087327,0.0774450250193848,0.0774450250193834,0.0774450250193834,-0.0774450250193834
0.000276,4.93342972103934,4.15567732597257,0.853532453037995,0.0777752395066778,0.0777752395066769,0.077775239506677,-0.077775239506677
0.000277,4.92822297574499,4.14718473877485,0.861342835407696,0.0781038236970133,0.0781038236970136,0.0781038236970137,-0.0781038236970137
0.000278,4.92282167264603,4.13851410747947,0.869185911059361,0.0784307565166542,0.0784307565166556,0.0784307565166556,-0.0784307565166557
0.000279,4.91722602497665,4.12966585546738,0.877061512754454,0.0787560169509283,0.0787560169509269,0.078756016950927,-0.078756016950927
0.00028,4.91143625364344,4.12064041319214,0.884969471158967,0.0790795840451297,0.0790795840451302,0.0790795840451303,-0.0790795840451304
0.000281,4.90545258721667,4.11143821816205,0.892909614849513,0.079401436905463,0.0794014369054615,0.0794014369054615,-0.0794014369054615
0.000282,4.89927526192123,4.10205971492201,0.900881770319506,0.079721554699923,0.0797215546999217,0.0797215546999219,-0.0797215546999219
0.000283,4.89290452162736,4.09250535503509,0.908885761985429,0.0800399166592292,0.0800399166592267,0.0800399166592268,-0.0800399166592268
0.000284,4.88634061784096,4.08277559706383,0.9169214121932,0.0803565020777153,0.0803565020777138,0.0803565020777138,-0.0803565020777138
0.000285,4.87958380969373,4.07287090655127,0.924988541224625,0.0806712903142481,0.0806712903142465,0.0806712903142465,-0.0806712903142465
0.000286,4.87263436393288,4.06279175600172,0.933086967303937,0.0809842607931166,0.0809842607931163,0.0809842607931163,-0.0809842607931163
0.000287,4.86549255491063,4.05253862486121,0.941216506604431,0.081295393004942,0.0812953930049419,0.081295393004942,-0.081295393004942
0.000288000000000001,4.85815866457337,4.0421119994977,0.949376973255188,0.0816046665075665,0.0816046665075662,0.0816046665075662,-0.0816046665075662
0.000289000000000001,4.85063298245053,4.03151237318103,0.957568179347883,0.0819120609269508,0.0819120609269495,0.0819120609269496,-0.0819120609269496
0.000290000000000001,4.84291580564315,4.02074024606254,0.965789934943689,0.0822175559580629,0.0822175559580614,0.0822175559580614,-0.0822175559580614
0.000291000000000001,4.83500743881217,4.00979612515448,0.974042048080266,0.0825211313657692,0.0825211313657688,0.0825211313657689,-0.0825211313657689
0.000292000000000001,4.82690819416636,3.99868052430914,0.982324324778838,0.082822766985724,0.0828227669857218,0.082822766985722,-0.0828227669857219
0.000293000000000001,4.81861839145004,3.98739396419768,0.990636569051362,0.0831224427252386,0.0831224427252365,0.0831224427252365,-0.0831224427252366
0.000294000000000001,4.81013835793042,3.97593697228868,0.99897858290778,0.0834201385641753,0.0834201385641746,0.0834201385641746,-0.0834201385641746
0.000295000000000001,4.80146842838471,3.9643100828265,1.00735016636336,0.0837158345558209,0.0837158345558209,0.083715834555821,-0.0837158345558209
0.000296000000000001,4.79260894508687,3.9525138368093,1.01575111744614,0.0840095108277583,0.0840095108277572,0.0840095108277572,-0.0840095108277573
0.000297000000000001,4.78356025779415,3.94054878196681,1.02418123220441,0.0843011475827349,0.0843011475827335,0.0843011475827335,-0.0843011475827335
0.000298000000000001,4.77432272373321,3.92841547273785,1.03264030471436,0.0845907250995359,0.0845907250995358,0.0845907250995359,-0.0845907250995359
0.000299000000000001,4.76489670758609,3.91611447024757,1.04112812708775,0.084878223733853,0.0848782237338518,0.0848782237338518,-0.0848782237338518
0.000300000000000001,4.75528258147576,3.90364634228444,1.04964448947966,0.0851636239191356,0.0851636239191323,0.0851636239191323,-0.0851636239191323
0.000301000000000001,4.74548072495146,3.89101166327696,1.05818918009641,0.0854469061674523,0.0854469061674503,0.0854469061674504,-0.0854469061674504
0.000302000000000001,4.73549152497371,3.87821101427014,1.06676198520344,0.0857280510703573,0.085728051070357,0.0857280510703571,-0.0857280510703571
0.000303000000000001,4.72531537589902,3.86524498290168,1.07536268913342,0.0860070392997359,0.0860070392997339,0.0860070392997339,-0.0860070392997339
0.000304000000000001,4.71495267946431,3.85211416337789,1.08399107429428,0.0862838516086417,0.0862838516086422,0.0862838516086423,-0.0862838516086423
0.000305000000000001,4.70440384477112,3.83881915644942,1.0926469211775,0.0865584688321697,0.0865584688321694,0.0865584688321695,-0.0865584688321695
0.000306000000000001,4.69366928826936,3.82536056938664,1.10133000836633,0.0868308718882704,0.0868308718882714,0.0868308718882715,-0.0868308718882715
0.000307000000000001,4.68274943374095,3.81173901595483,1.11004011254419,0.0871010417786122,0.0871010417786125,0.0871010417786125,-0.0871010417786126
0.000308000000000001,4.67164471228305,3.79795511638904,1.11877700850313,0.0873689595894023,0.0873689595894011,0.0873689595894012,-0.0873689595894012
0.000309000000000001,4.66035556229104,3.78400949736882,1.12754046915235,0.087634606492224,0.0876346064922227,0.0876346064922228,-0.0876346064922228
0.000310000000000001,4.64888242944124,3.76990279199255,1.13633026552684,0.0878979637448718,0.0878979637448693,0.0878979637448694,-0.0878979637448694
0.000311000000000001,4.63722576667329,3.75563563975164,1.14514616679605,0.0881590126921639,0.0881590126921649,0.088159012692165,-0.088159012692165
0.000312000000000001,4.62538603417228,3.7412086865044,1.15398794027273,0.0884177347667903,0.088417734766788,0.0884177347667881,-0.0884177347667882
0.000313000000000001,4.61336369935056,3.72662258444965,1.16285535142174,0.0886741114900902,0.0886741114900908,0.0886741114900909,-0.0886741114900909
0.000314000000000001,4.60115923682934,3.7118779921002,1.17174816386903,0.0889281244729156,0.088928124472914,0.0889281244729141,-0.088928124472914
0.000315000000000001,4.58877312841989,3.69697557425591,1.18066613941067,0.0891797554163998,0.0891797554163985,0.0891797554163986,-0.0891797554163986
0.000316000000000001,4.57620586310457,3.68191600197663,1.18960903802195,0.0894289861127961,0.089428986112794,0.089428986112794,-0.089428986112794
0.000317000000000001,4.5634579370175,3.66669995255487,1.19857661786658,0.0896757984462648,0.0896757984462628,0.0896757984462629,-0.0896757984462628
0.000318000000000001,4.55052985342496,3.65132810948815,1.20756863530595,0.0899201743936828,0.089920174393681,0.0899201743936811,-0.0899201743936811
0.000319000000000001,4.53742212270557,3.63580116245121,1.21658484490849,0.0901620960254368,0.0901620960254353,0.0901620960254354,-0.0901620960254353
0.000320000000000001,4.52413526233008,3.62011980726792,1.22562499945911,0.0904015455062179,0.0904015455062162,0.0904015455062162,-0.0904015455062162
0.000321000000000001,4.510669796841,3.60428474588292,1.23468884996869,0.0906385050958081,0.0906385050958076,0.0906385050958077,-0.0906385050958077
0.000322000000000001,4.49702625783184,3.58829668633311,1.24377614568368,0.0908729571498745,0.0908729571498725,0.0908729571498726,-0.0908729571498726
0.000323000000000001,4.48320518392616,3.57215634271881,1.25288663409576,0.0911048841207385,0.0911048841207349,0.0911048841207349,-0.0911048841207349
0.000324000000000001,4.4692071207563,3.55586443517473,1.26202006095157,0.0913342685581586,0.0913342685581572,0.0913342685581573,-0.0913342685581572
0.000325000000000001,4.45503262094182,3.53942168984067,1.27117617026258,0.0915610931101152,0.091561093110115,0.091561093110115,-0.091561093110115
0.000326000000000001,4.4406822440677,3.52282883883203,1.28035470431494,0.0917853405235669,0.0917853405235667,0.0917853405235667,-0.0917853405235667
0.000327000000000001,4.42615655666225,3.50608662021006,1.28955540367946,0.0920069936452217,0.0920069936452197,0.0920069936452198,-0.0920069936452198
0.000328000000000001,4.41145613217474,3.48919577795182,1.29877800722169,0.0922260354222937,0.0922260354222928,0.0922260354222928,-0.0922260354222929
0.000329000000000001,4.39658155095276,3.47215706192002,1.30802225211202,0.0924424489032738,0.0924424489032736,0.0924424489032737,-0.0924424489032737
0.000330000000000002,4.3815334002193,3.45497122783256,1.31728787383589,0.0926562172386736,0.0926562172386732,0.0926562172386733,-0.0926562172386733
0.000331000000000002,4.36631227404958,3.43763903723182,1.32657460620406,0.0928673236817779,0.092867323681776,0.0928673236817761,-0.0928673236817761
0.000332000000000002,4.3509187733476,3.42016125745375,1.335882181363,0.0930757515893887,0.0930757515893851,0.0930757515893852,-0.0930757515893851
0.000333000000000002,4.33535350582243,3.40253866159678,1.34521032980526,0.0932814844225671,0.0932814844225642,0.0932814844225643,-0.0932814844225643
0.000334000000000002,4.31961708596415,3.3847720284904,1.35455878038,0.0934845057473743,0.0934845057473753,0.0934845057473754,-0.0934845057473753
0.000335000000000002,4.30371013501969,3.36686214266358,1.36392726030356,0.0936847992356116,0.0936847992356113,0.0936847992356113,-0.0936847992356113
0.000336000000000002,4.28763328096823,3.34880979431298,1.37331549517011,0.093882348665526,0.0938823486655256,0.0938823486655256,-0.0938823486655256
0.000337000000000002,4.27138715849645,3.33061577927088,1.38272320896237,0.0940771379225569,0.0940771379225565,0.0940771379225565,-0.0940771379225565
0.000338000000000002,4.25497240897343,3.31228089897296,1.39215012406237,0.0942691510000482,0.0942691510000475,0.0942691510000476,-0.0942691510000476
0.000339000000000002,4.23838968042539,3.29380596042575,1.40159596126237,0.0944583719999637,0.0944583719999638,0.0944583719999639,-0.0944583719999639
0.000340000000000002,4.22163962751005,3.27519177617401,1.41106043977573,0.0946447851336063,0.0946447851336037,0.0946447851336038,-0.0946447851336037
0.000341000000000002,4.20472291149081,3.25643916426776,1.42054327724796,0.0948283747223067,0.0948283747223057,0.0948283747223057,-0.0948283747223057
0.000342000000000002,4.18764020021068,3.23754894822916,1.43004418976777,0.0950091251981555,0.0950091251981518,0.0950091251981519,-0.0950091251981519
0.000343000000000002,4.17039216806582,3.21852195701916,1.43956289187824,0.0951870211046657,0.0951870211046659,0.095187021104666,-0.095187021104666
0.000344000000000002,4.15297949597903,3.19935902500395,1.44909909658799,0.0953620470975092,0.0953620470975075,0.0953620470975076,-0.0953620470975076
0.000345000000000002,4.13540287137278,3.18006099192116,1.45865251538251,0.095534187945161,0.0955341879451614,0.0955341879451615,-0.0955341879451615
0.000346000000000002,4.1176629881421,3.16062870284588,1.46822285823547,0.0957034285296232,0.0957034285296225,0.0957034285296225,-0.0957034285296225
0.000347000000000002,4.09976054662723,3.14106300815647,1.47780983362018,0.0958697538470776,0.0958697538470761,0.0958697538470762,-0.0958697538470761
0.000348000000000002,4.08169625358588,3.12136476350014,1.48741314852104,0.0960331490085764,0.096033149008574,0.0960331490085741,-0.0960331490085741
0.000349000000000002,4.06347082216543,3.10153482975838,1.49703250844511,0.0961935992407081,0.0961935992407053,0.0961935992407054,-0.0961935992407054
0.000350000000000002,4.0450849718747,3.08157407301207,1.50666761743373,0.0963510898862641,0.0963510898862632,0.0963510898862633,-0.0963510898862632
0.000351000000000002,4.02653942855557,3.06148336450651,1.51631817807422,0.0965056064049086,0.0965056064049064,0.0965056064049064,-0.0965056064049065
0.000352000000000002,4.00783492435434,3.04126358061617,1.52598389151161,0.0966571343738187,0.0966571343738169,0.096657134373817,-0.096657134373817
0.000353000000000002,3.98897219769282,3.0209156028093,1.53566445746044,0.0968056594883526,0.0968056594883518,0.0968056594883518,-0.0968056594883518
0.000354000000000002,3.96995199323914,3.00044031761222,1.54535957421671,0.0969511675626911,0.0969511675626913,0.0969511675626913,-0.0969511675626913
0.000355000000000002,3.95077506187841,2.97983861657359,1.55506893866976,0.0970936445304837,0.0970936445304817,0.0970936445304818,-0.0970936445304818
0.000356000000000002,3.93144216068305,2.95911139622832,1.56479224631431,0.0972330764454732,0.0972330764454731,0.0972330764454731,-0.0972330764454731
0.000357000000000002,3.9119540528829,2.93825955806137,1.57452919126252,0.0973694494821542,0.097369449482153,0.0973694494821531,-0.097369449482153
0.000358000000000002,3.89231150783507,2.91728400847133,1.58427946625616,0.0975027499363756,0.0975027499363745,0.0975027499363746,-0.0975027499363746
0.000359000000000002,3.87251530099363,2.89618565873382,1.59404276267876,0.0976329642259821,0.09763296422598,0.0976329642259801,-0.0976329642259801
0.000360000000000002,3.8525662138789,2.8749654249647,1.6038187705679,0.0977600788914201,0.0977600788914197,0.0977600788914198,-0.0977600788914198
0.000361000000000002,3.8324650340467,2.85362422808305,1.61360717862753,0.0978840805963643,0.0978840805963653,0.0978840805963653,-0.0978840805963653
0.000362000000000002,3.81221255505719,2.83216299377401,1.62340767424037,0.0980049561283214,0.0980049561283187,0.0980049561283187,-0.0980049561283187
0.000363000000000002,3.79180957644356,2.8105826524514,1.63321994348029,0.0981226923992162,0.0981226923992158,0.0981226923992158,-0.0981226923992158
0.000364000000000002,3.77125690368047,2.78888413922022,1.64304367112489,0.0982372764460271,0.0982372764460253,0.0982372764460253,-0.0982372764460254
0.000365000000000002,3.75055534815225,2.76706839383882,1.65287854066803,0.0983486954313428,0.0983486954313424,0.0983486954313424,-0.0983486954313424
0.000366000000000002,3.72970572712086,2.74513636068109,1.66272423433242,0.0984569366439803,0.0984569366439773,0.0984569366439773,-0.0984569366439773
0.000367000000000002,3.70870886369365,2.72308898869826,1.67258043308238,0.0985619874995392,0.0985619874995389,0.0985619874995389,-0.0985619874995389
0.000368000000000002,3.68756558679082,2.70092723138068,1.68244681663648,0.0986638355410152,0.0986638355410133,0.0986638355410134,-0.0986638355410133
0.000369000000000002,3.66627673111275,2.67865204671938,1.69232306348041,0.0987624684393373,0.0987624684393372,0.0987624684393373,-0.0987624684393372
0.000370000000000002,3.644843137107,2.65626439716735,1.70220885087981,0.0988578739939672,0.0988578739939659,0.0988578739939659,-0.098857873993966
0.000371000000000003,3.62326565093518,2.63376524960081,1.71210385489315,0.0989500401334409,0.0989500401334367,0.0989500401334368,-0.0989500401334368
0.000372000000000003,3.60154512443948,2.61115557528022,1.72200775038475,0.099038954915931,0.0990389549159263,0.0990389549159263,-0.0990389549159263
0.000373000000000003,3.5796824151091,2.58843634981106,1.73192021103773,0.0991246065298035,0.0991246065298036,0.0991246065298036,-0.0991246065298036
0.000374000000000003,3.55767838604637,2.5656085531046,1.74184090936714,0.0992069832941778,0.0992069832941774,0.0992069832941774,-0.0992069832941774
0.000375000000000003,3.53553390593268,2.5426731693383,1.75176951673309,0.0992860736594392,0.0992860736594379,0.099286073659438,-0.099286073659438
0.000376000000000003,3.51324984899419,2.51963118691625,1.76170570335387,0.0993618662077944,0.0993618662077941,0.0993618662077942,-0.0993618662077942
0.000377000000000003,3.4908270949673,2.49648359842925,1.77164913831925,0.0994343496538064,0.0994343496538051,0.0994343496538052,-0.0994343496538052
0.000378000000000003,3.46826652906396,2.4732314006149,1.78159948960374,0.0995035128449073,0.0995035128449063,0.0995035128449063,-0.0995035128449063
0.000379000000000003,3.44556904193668,2.44987559431738,1.79155642407993,0.0995693447619317,0.09956934476193,0.0995693447619301,-0.0995693447619301
0.000380000000000003,3.42273552964338,2.42641718444717,1.8015196075319,0.0996318345196245,0.0996318345196216,0.0996318345196216,-0.0996318345196216
0.000381000000000003,3.39976689361203,2.40285717994054,1.81148870466861,0.0996909713671479,0.0996909713671488,0.0996909713671488,-0.0996909713671488
0.000382000000000003,3.37666404060506,2.37919659371899,1.82146337913747,0.0997467446886091,0.0997467446886069,0.099746744688607,-0.099746744688607
0.000383000000000003,3.35342788268353,2.35543644264835,1.83144329353782,0.0997991440035184,0.099799144003518,0.099799144003518,-0.099799144003518
0.000384000000000003,3.33005933717119,2.33157774749795,1.84142810943456,0.0998481589673283,0.0998481589673243,0.0998481589673244,-0.0998481589673244
0.000385000000000003,3.30655932661819,2.30762153289942,1.85141748737174,0.0998937793718757,0.0998937793718771,0.0998937793718771,-0.0998937793718771
0.000386000000000003,3.28292877876471,2.28356882730552,1.86141108688634,0.0999359951459233,0.099935995145919,0.099935995145919,-0.099935995145919
0.000387000000000003,3.25916862650432,2.25942066294871,1.87140856652189,0.0999747963555642,0.0999747963555617,0.0999747963555617,-0.0999747963555617
0.000388000000000003,3.23527980784715,2.23517807579958,1.88140958384237,0.100010173204756,0.100010173204757,0.100010173204757,-0.100010173204757
0.000389000000000003,3.21126326588285,2.2108421055252,1.89141379544594,0.100042116035768,0.100042116035765,0.100042116035765,-0.100042116035765
0.000390000000000003,3.18711994874338,2.18641379544725,1.90142085697891,0.100070615329613,0.100070615329612,0.100070615329612,-0.100070615329612
0.000391000000000003,3.16285080956555,2.16189419250008,1.91143042314956,0.100095661706552,0.100095661706547,0.100095661706547,-0.100095661706547
0.000392000000000003,3.13845680645343,2.13728434718851,1.92144214774221,0.100117245926492,0.100117245926492,0.100117245926492,-0.100117245926492
0.000393000000000003,3.11393890244049,2.11258531354565,1.93145568363116,0.100135358889484,0.100135358889483,0.100135358889483,-0.100135358889483
0.000394000000000003,3.0892980654516,2.08779814909047,1.94147068279477,0.100149991636114,0.100149991636113,0.100149991636113,-0.100149991636113
0.000395000000000003,3.06453526826481,2.06292391478522,1.95148679632957,0.100161135347958,0.100161135347958,0.100161135347959,-0.100161135347959
0.000396000000000003,3.03965148847295,2.03796367499284,1.96150367446437,0.100168781348011,0.100168781348011,0.100168781348011,-0.100168781348011
0.000397000000000003,3.01464770844504,2.01291849743407,1.97152096657448,0.1001729211011,0.100172921101097,0.100172921101097,-0.100172921101097
0.000398000000000003,2.98952491528751,1.98778945314459,1.98153832119591,0.100173546214295,0.100173546214292,0.100173546214292,-0.100173546214292
0.000399000000000003,2.96428410080522,1.9625776164319,1.99155538603964,0.100170648437337,0.100170648437331,0.100170648437331,-0.100170648437331
0.000400000000000003,2.93892626146228,1.93728406483214,2.00157180800594,0.100164219663013,0.100164219663014,0.100164219663014,-0.100164219663014
0.000401000000000003,2.9134523983428,1.91190987906679,2.0115872331987,0.100154251927602,0.100154251927601,0.100154251927601,-0.100154251927601
0.000402000000000003,2.88786351711125,1.88645614299919,2.02160130693982,0.100140737411207,0.100140737411207,0.100140737411207,-0.100140737411207
0.000403000000000003,2.86216062797287,1.86092394359099,2.03161367378364,0.100123668438186,0.100123668438188,0.100123668438188,-0.100123668438188
0.000404000000000003,2.8363447456337,1.83531437085849,2.04162397753139,0.100103037477521,0.10010303747752,0.10010303747752,-0.10010303747752
0.000405000000000003,2.81041688926057,1.80962851782878,2.05163186124571,0.10007883714318,0.100078837143179,0.100078837143179,-0.100078837143179
0.000406000000000003,2.78437808244085,1.78386748049584,2.06163696726516,0.100051060194502,0.100051060194502,0.100051060194502,-0.100051060194502
0.000407000000000003,2.75822935314206,1.75803235777649,2.07163893721882,0.10001969953656,0.100019699536557,0.100019699536557,-0.100019699536557
0.000408000000000003,2.73197173367126,1.73212425146626,2.08163741204087,0.0999847482205007,0.0999847482204999,0.0999847482205,-0.0999847482205
0.000409000000000003,2.70560626063429,1.70614426619508,2.09163203198526,0.099946199443921,0.0999461994439209,0.099946199443921,-0.099946199443921
0.000410000000000003,2.67913397489489,1.68009350938294,2.10162243664038,0.0999040465511936,0.0999040465511952,0.0999040465511953,-0.0999040465511952
0.000411000000000003,2.65255592153358,1.65397309119537,2.11160826494376,0.0998582830338224,0.0998582830338204,0.0998582830338204,-0.0998582830338204
0.000412000000000004,2.62587314980638,1.62778412449888,2.12158915519684,0.0998089025307536,0.0998089025307506,0.0998089025307506,-0.0998089025307506
0.000413000000000004,2.59908671310345,1.60152772481621,2.13156474507971,0.0997558988287262,0.0997558988287242,0.0997558988287242,-0.0997558988287242
0.000414000000000004,2.57219766890744,1.57520501028158,2.14153467166597,0.0996992658625917,0.0996992658625858,0.0996992658625858,-0.0996992658625858
0.000415000000000004,2.54520707875176,1.54881710159574,2.15149857143753,0.0996389977156031,0.0996389977156017,0.0996389977156017,-0.0996389977156017
0.000416000000000004,2.51811600817871,1.52236512198101,2.16145608029951,0.0995750886197744,0.0995750886197698,0.0995750886197699,-0.0995750886197699
0.000417000000000004,2.49092552669736,1.49585019713612,2.17140683359512,0.0995075329561246,0.0995075329561239,0.0995075329561239,-0.0995075329561239
0.000418000000000004,2.46363670774136,1.46927345519105,2.18135046612062,0.0994363252550334,0.099436325255031,0.099436325255031,-0.099436325255031
0.000419000000000004,2.43625062862656,1.44263602666173,2.19128661214027,0.0993614601964854,0.0993614601964831,0.0993614601964831,-0.0993614601964831
0.000420000000000004,2.40876837050847,1.41593904440464,2.20121490540131,0.0992829326103895,0.0992829326103835,0.0992829326103835,-0.0992829326103835
0.000421000000000004,2.38119101833959,1.38918364357134,2.21113497914899,0.0992007374768233,0.0992007374768257,0.0992007374768257,-0.0992007374768257
0.000422000000000004,2.35351966082656,1.36237096156288,2.22104646614163,0.0991148699263711,0.0991148699263678,0.0991148699263679,-0.0991148699263679
0.000423000000000004,2.32575539038719,1.33550213798419,2.23094899866566,0.0990253252403006,0.0990253252402997,0.0990253252402997,-0.0990253252402997
0.000424000000000004,2.29789930310733,1.30857831459829,2.24084220855075,0.0989320988509013,0.0989320988509045,0.0989320988509045,-0.0989320988509045
0.000425000000000004,2.26995249869763,1.28160063528049,2.25072572718492,0.0988351863417192,0.098835186341714,0.098835186341714,-0.0988351863417141
0.000426000000000004,2.24191608045005,1.25457024597247,2.2605991855297,0.0987345834477615,0.0987345834477583,0.0987345834477583,-0.0987345834477583
0.000427000000000004,2.2137911551944,1.22748829463631,2.27046221413528,0.0986302860558119,0.0986302860558084,0.0986302860558084,-0.0986302860558084
0.000428000000000004,2.18557883325455,1.20035593120842,2.28031444315574,0.0985222902046168,0.0985222902046137,0.0985222902046137,-0.0985222902046137
0.000429000000000004,2.15728022840468,1.17317430755336,2.29015550236425,0.0984105920851341,0.0984105920851326,0.0984105920851326,-0.0984105920851326
0.000430000000000004,2.12889645782525,1.14594457741768,2.29998502116833,0.0982951880407645,0.0982951880407575,0.0982951880407575,-0.0982951880407575
0.000431000000000004,2.10042864205892,1.11866789638358,2.30980262862508,0.0981760745675331,0.0981760745675334,0.0981760745675334,-0.0981760745675334
0.000432000000000004,2.07187790496631,1.09134542182261,2.31960795345652,0.0980532483143737,0.09805324831437,0.09805324831437,-0.09805324831437
0.000433000000000004,2.04324537368163,1.06397831284915,2.32940062406484,0.0979267060832489,0.0979267060832484,0.0979267060832485,-0.0979267060832485
0.000434000000000004,2.0145321785682,1.03656773027399,2.33918026854779,0.0977964448294255,0.0977964448294211,0.0977964448294211,-0.0977964448294211
0.000435000000000004,1.98573945317379,1.00911483655773,2.34894651471395,0.0976624616616073,0.0976624616616054,0.0976624616616054,-0.0976624616616055
0.000436000000000004,1.95686833418589,0.981620795764173,2.35869899009817,0.0975247538421753,0.0975247538421721,0.097524753842172,-0.0975247538421721
0.000437000000000004,1.92791996138686,0.954086773513606,2.3684373219769,0.0973833187873252,0.0973833187873257,0.0973833187873257,-0.0973833187873257
0.000438000000000004,1.89889547760889,0.926513936936075,2.37816113738363,0.0972381540672806,0.097238154067281,0.097238154067281,-0.097238154067281
0.000439000000000004,1.86979602868888,0.898903454624571,2.38787006312427,0.0970892574064308,0.097089257406431,0.097089257406431,-0.097089257406431
0.000440000000000004,1.84062276342327,0.871256496588162,2.39756372579262,0.0969366266835126,0.0969366266835106,0.0969366266835106,-0.0969366266835106
0.000441000000000004,1.81137683352261,0.84357423420508,2.4072417517858,0.0967802599317569,0.0967802599317525,0.0967802599317525,-0.0967802599317525
0.000442000000000004,1.78205939356613,0.815857840175748,2.4169037673197,0.09662015533904,0.0966201553390381,0.0966201553390381,-0.0966201553390381
0.000443000000000004,1.75267160095617,0.788108488475757,2.42654939844451,0.0964563112480477,0.0964563112480412,0.0964563112480412,-0.0964563112480412
0.000444000000000004,1.72321461587246,0.760327354308798,2.43617827106014,0.0962887261563683,0.0962887261563661,0.0962887261563661,-0.0962887261563661
0.000445000000000004,1.69368960122633,0.73251561405954,2.44579001093181,0.0961173987166797,0.0961173987166789,0.0961173987166789,-0.0961173987166789
0.000446000000000004,1.6640977226148,0.704674445246475,2.45538424370549,0.0959423277368332,0.095942327736833,0.095942327736833,-0.095942327736833
0.000447000000000004,1.63444014827458,0.676805026474701,2.46496059492349,0.0957635121799916,0.0957635121799881,0.0957635121799882,-0.0957635121799882
0.000448000000000004,1.60471804903592,0.648908537388687,2.47451869003996,0.0955809511647265,0.095580951164723,0.095580951164723,-0.095580951164723
0.000449000000000004,1.57493259827639,0.620986158624974,2.48405815443648,0.0953946439651432,0.0953946439651419,0.0953946439651419,-0.0953946439651419
0.000450000000000004,1.5450849718746,0.593039071764859,2.49357861343758,0.0952045900109777,0.0952045900109746,0.0952045900109746,-0.0952045900109746
0.000451000000000004,1.51517634816374,0.56506845928703,2.50307969232634,0.0950107888876772,0.0950107888876707,0.0950107888876707,-0.0950107888876707
0.000452000000000004,1.48520790788504,0.537075504520173,2.51256101635999,0.0948132403364887,0.0948132403364867,0.0948132403364867,-0.0948132403364867
0.000453000000000005,1.45518083414122,0.509061391595547,2.52202221078545,0.0946119442545701,0.0946119442545677,0.0946119442545677,-0.0946119442545677
0.000454000000000005,1.42509631234974,0.481027305399522,2.53146290085495,0.0944069006950254,0.0944069006950222,0.0944069006950222,-0.0944069006950222
0.000455000000000005,1.39495553019601,0.452974431526103,2.54088271184165,0.0941981098669897,0.0941981098669906,0.0941981098669906,-0.0941981098669906
0.000456000000000005,1.36475967758649,0.424903956229407,2.55028126905522,0.093985572135713,0.0939855721357081,0.0939855721357081,-0.0939855721357081
0.000457000000000005,1.33450994660174,0.396817066376139,2.55965819785748,0.0937692880225605,0.0937692880225599,0.0937692880225599,-0.0937692880225599
0.000458000000000005,1.30420753144934,0.368714949398025,2.56901312367799,0.0935492582051367,0.0935492582051319,0.0935492582051319,-0.0935492582051319
0.000459000000000005,1.27385362841677,0.340598793244236,2.57834567202972,0.0933254835172548,0.0933254835172534,0.0933254835172534,-0.0933254835172534
0.000460000000000005,1.24344943582413,0.312469786333789,2.58765546852462,0.0930979649490382,0.0930979649490343,0.0930979649490343,-0.0930979649490343
0.000461000000000005,1.21299615397689,0.284329117507932,2.59694213888931,0.0928667036469033,0.0928667036468962,0.0928667036468962,-0.0928667036468962
0.000462000000000005,1.18249498511848,0.256177975982515,2.60620530898067,0.0926317009135946,0.0926317009135964,0.0926317009135964,-0.0926317009135964
0.000463000000000005,1.15194713338281,0.228017551300345,2.6154446048015,0.0923929582082517,0.0923929582082463,0.0923929582082463,-0.0923929582082463
0.000464000000000005,1.12135380474676,0.19984903328353,2.62465965251613,0.0921504771463288,0.092150477146323,0.092150477146323,-0.092150477146323
0.000465000000000005,1.09071620698257,0.171673611985816,2.6338500784661,0.0919042594996755,0.091904259499675,0.091904259499675,-0.091904259499675
0.000466000000000005,1.06003554961013,0.143492477644916,2.64301550918575,0.0916543071965226,0.0916543071965209,0.0916543071965209,-0.0916543071965209
0.000467000000000005,1.02931304384926,0.115306820634832,2.65215557141789,0.091400622321447,0.0914006223214426,0.0914006223214426,-0.0914006223214426
0.000468000000000005,0.998549902571885,0.0871178314181706,2.66126989212943,0.0911432071153762,0.0911432071153715,0.0911432071153715,-0.0911432071153715
0.000469000000000005,0.96774734025415,0.0589267004984643,2.67035809852699,0.0908820639755703,0.0908820639755686,0.0908820639755686,-0.0908820639755686
0.000470000000000005,0.936906572928471,0.0307346183724855,2.67941981807255,0.0906171954556001,0.0906171954555986,0.0906171954555986,-0.0906171954555986
0.000471000000000005,0.906028818135534,0.00254277548256468,2.68845467849908,0.0903486042653023,0.090348604265297,0.0903486042652969,-0.090348604265297
0.000472000000000005,0.875115294876227,-0.0256476378310855,2.69746230782615,0.0900762932707311,0.0900762932707312,0.0900762932707312,-0.0900762932707312
0.000473000000000005,0.844167223563515,-0.0538354313780436,2.70644233437557,0.0898002654941576,0.0898002654941558,0.0898002654941558,-0.0898002654941558
0.000474000000000005,0.813185825974262,-0.0820194151653438,2.71539438678696,0.0895205241139596,0.0895205241139606,0.0895205241139606,-0.0895205241139606
0.000475000000000005,0.782172325200998,-0.11019839944513,2.72431809403343,0.0892370724646163,0.0892370724646128,0.0892370724646128,-0.0892370724646128
0.000476000000000005,0.751127945603628,-0.1383711947623,2.73321308543709,0.0889499140365935,0.0889499140365928,0.0889499140365928,-0.0889499140365928
0.000477000000000005,0.720053912761103,-0.166536612002139,2.74207899068472,0.0886590524763298,0.0886590524763241,0.0886590524763241,-0.0886590524763241
0.000478000000000005,0.688951453423031,-0.194693462437929,2.75091543984333,0.0883644915860948,0.088364491586096,0.088364491586096,-0.088364491586096
0.000479000000000005,0.657821795461253,-0.222840557778553,2.75972206337573,0.0880662353239847,0.0880662353239806,0.0880662353239806,-0.0880662353239806
0.000480000000000005,0.62666616782136,-0.250976710216073,2.7684984921561,0.0877642878037443,0.0877642878037434,0.0877642878037434,-0.0877642878037434
0.000481000000000005,0.595485800474187,-0.279100732473288,2.77724435748558,0.0874586532947497,0.0874586532947475,0.0874586532947475,-0.0874586532947475
0.000482000000000005,0.564281924367246,-0.30721143785127,2.78595929110776,0.0871493362218523,0.0871493362218516,0.0871493362218516,-0.0871493362218516
0.000483000000000005,0.533055771376136,-0.335307640276879,2.79464292522429,0.0868363411653084,0.0868363411653015,0.0868363411653015,-0.0868363411653015
0.000484000000000005,0.50180857425591,-0.363388154350244,2.80329489251035,0.0865196728606143,0.0865196728606154,0.0865196728606154,-0.0865196728606154
0.000485000000000005,0.470541566592406,-0.391451795392226,2.8119148261302,0.0861993361984625,0.0861993361984632,0.0861993361984632,-0.0861993361984632
0.000486000000000005,0.43925598275355,-0.419497379491838,2.82050235975265,0.0858753362245412,0.0858753362245387,0.0858753362245387,-0.0858753362245387
0.000487000000000005,0.407953057840621,-0.447523723553646,2.8290571275666,0.0855476781394282,0.0855476781394267,0.0855476781394267,-0.0855476781394267
0.000488000000000005,0.376634027639496,-0.47552964534513,2.83757876429644,0.0852163672984663,0.0852163672984626,0.0852163672984626,-0.0852163672984626
0.000489000000000005,0.34530012857186,-0.503513963544004,2.8460669052176,0.0848814092115857,0.0848814092115864,0.0848814092115864,-0.0848814092115864
0.000490000000000005,0.313952597646397,-0.53147549778551,2.85452118617192,0.0845428095431933,0.0845428095431907,0.0845428095431907,-0.0845428095431907
0.000491000000000005,0.282592672409952,-0.559413068709662,2.86294124358312,0.0842005741119589,0.0842005741119614,0.0842005741119614,-0.0842005741119614
0.000492000000000005,0.251221590898677,-0.587325498008457,2.87132671447219,0.0838547088907182,0.0838547088907133,0.0838547088907133,-0.0838547088907133
0.000493000000000005,0.219840591589153,-0.615211608473035,2.87967723647281,0.0835052200062236,0.0835052200062188,0.0835052200062187,-0.0835052200062187
0.000494000000000006,0.1884509133495,-0.6430702240408,2.88799244784671,0.0831521137390334,0.08315211373903,0.08315211373903,-0.08315211373903
0.000495000000000006,0.157053795390468,-0.67090016984249,2.89627198749904,0.0827953965232986,0.0827953965232959,0.0827953965232958,-0.0827953965232958
0.000496000000000006,0.125650477216513,-0.698700272249203,2.9045154949937,0.0824350749465719,0.0824350749465716,0.0824350749465716,-0.0824350749465716
0.000497000000000006,0.0942421985768658,-0.726469358919362,2.91272261056866,0.0820711557496212,0.0820711557496228,0.0820711557496227,-0.0820711557496227
0.000498000000000006,0.0628301994165871,-0.754206258845643,2.92089297515129,0.0817036458262299,0.0817036458262231,0.0817036458262231,-0.0817036458262231
0.000499000000000006,0.0314157198276181,-0.781909802401837,2.92902623037358,0.081332552222948,0.0813325522229455,0.0813325522229455,-0.0813325522229455
0.000500000000000006,-1.77446219610383E-13,-0.809578821389656,2.93712201858748,0.0809578821389501,0.0809578821389478,0.0809578821389478,-0.0809578821389478
0.000501000000000006,-0.031415719827973,-0.837212149085485,2.94517998288005,0.080579642925751,0.0805796429257513,0.0805796429257512,-0.0805796429257513
0.000502000000000006,-0.062830199416942,-0.864808620287079,2.95319976708875,0.0801978420870153,0.0801978420870137,0.0801978420870137,-0.0801978420870137
0.000503000000000006,-0.0942421985772206,-0.892367071360181,2.96118101581658,0.079812487278299,0.079812487278296,0.079812487278296,-0.079812487278296
0.000504000000000006,-0.125650477216868,-0.919886340285095,2.96912337444727,0.0794235863068238,0.0794235863068228,0.0794235863068228,-0.0794235863068228
0.000505000000000006,-0.157053795390823,-0.947365266703187,2.97702648916039,0.079031147131241,0.0790311471312364,0.0790311471312364,-0.0790311471312364
0.000506000000000006,-0.188450913349855,-0.974802691963309,2.98489000694652,0.0786351778613437,0.0786351778613454,0.0786351778613454,-0.0786351778613454
0.000507000000000006,-0.219840591589507,-1.00219745916817,2.99271357562231,0.078235686757866,0.0782356867578664,0.0782356867578664,-0.0782356867578664
0.000508000000000006,-0.251221590899031,-1.02954841322063,3.00049684384553,0.077832682232164,0.0778326822321598,0.0778326822321598,-0.0778326822321598
0.000509000000000006,-0.282592672410307,-1.0568544008699,3.00823946113012,0.0774261728459624,0.0774261728459598,0.0774261728459597,-0.0774261728459597
0.000510000000000006,-0.313952597646752,-1.08411427075773,3.01594107786123,0.0770161673111014,0.0770161673110979,0.0770161673110978,-0.0770161673110978
0.000511000000000006,-0.345300128572214,-1.11132687346442,3.02360134531016,0.0766026744892212,0.0766026744892204,0.0766026744892204,-0.0766026744892204
0.000512000000000006,-0.37663402763985,-1.13849106155485,3.03121991564931,0.0761857033915003,0.0761857033915,0.0761857033915,-0.0761857033915
0.000513000000000006,-0.407953057840975,-1.16560568962438,3.03879644196714,0.0757652631783401,0.0757652631783409,0.0757652631783409,-0.0757652631783409
0.000514000000000006,-0.439255982753903,-1.19266961434468,3.04633057828305,0.0753413631590805,0.0753413631590781,0.0753413631590781,-0.0753413631590781
0.000515000000000006,-0.47054156659276,-1.21968169450947,3.05382197956222,0.0749140127916759,0.0749140127916709,0.0749140127916709,-0.0749140127916709
0.000516000000000006,-0.501808574256263,-1.24664079108016,3.06127030173045,0.0744832216823932,0.0744832216823899,0.0744832216823898,-0.0744832216823898
0.000517000000000006,-0.533055771376489,-1.27354576723147,3.068675201689,0.0740489995854965,0.0740489995854978,0.0740489995854978,-0.0740489995854978
0.000518000000000006,-0.564281924367598,-1.30039548839685,3.0760363373293,0.0736113564029273,0.0736113564029252,0.0736113564029252,-0.0736113564029252
0.000519000000000006,-0.595485800474539,-1.32718882231393,3.08335336754769,0.0731703021839403,0.0731703021839391,0.073170302183939,-0.0731703021839391
0.000520000000000006,-0.626666167821712,-1.35392463906977,3.09062595226017,0.0727258471248105,0.0727258471248061,0.0727258471248061,-0.0727258471248061
0.000521000000000006,-0.657821795461604,-1.3806018111461,3.09785375241702,0.0722780015684554,0.0722780015684498,0.0722780015684497,-0.0722780015684497
0.000522000000000006,-0.688951453423383,-1.4072192134644,3.10503643001743,0.071826776004098,0.0718267760041016,0.0718267760041016,-0.0718267760041016
0.000523000000000006,-0.720053912761454,-1.43377572343091,3.11217364812412,0.0713721810669465,0.0713721810669461,0.0713721810669461,-0.0713721810669461
0.000524000000000006,-0.751127945603979,-1.46027022098158,3.1192650708779,0.0709142275377594,0.0709142275377602,0.0709142275377601,-0.0709142275377601
0.000525000000000006,-0.782172325201349,-1.48670158862681,3.12631036351215,0.070452926342548,0.0704529263425463,0.0704529263425462,-0.0704529263425462
0.000526000000000006,-0.813185825974613,-1.51306871149621,3.13330919236737,0.069988288552163,0.0699882885521599,0.0699882885521599,-0.0699882885521599
0.000527000000000006,-0.844167223563865,-1.53937047738317,3.14026122490556,0.069520325381931,0.069520325381931,0.069520325381931,-0.069520325381931
0.000528000000000006,-0.875115294876576,-1.56560577678937,3.14716612972469,0.0690490481912809,0.0690490481912796,0.0690490481912796,-0.0690490481912796
0.000529000000000006,-0.906028818135883,-1.59177350296914,3.15402357657302,0.0685744684833267,0.0685744684833254,0.0685744684833254,-0.0685744684833254
0.000530000000000006,-0.93690657292882,-1.61787255197374,3.16083323636347,0.0680965979044945,0.0680965979044917,0.0680965979044917,-0.0680965979044917
0.000531000000000006,-0.967747340254499,-1.64390182269553,3.16759478118788,0.0676154482441049,0.0676154482441034,0.0676154482441033,-0.0676154482441033
0.000532000000000006,-0.998549902572233,-1.66986021691202,3.17430788433128,0.0671310314339824,0.067131031433979,0.067131031433979,-0.067131031433979
0.000533000000000006,-1.02931304384961,-1.69574663932978,3.18097222028608,0.0666433595480198,0.0666433595480174,0.0666433595480174,-0.0666433595480174
0.000534000000000006,-1.06003554961047,-1.72155999762825,3.18758746476626,0.0661524448017836,0.066152444801778,0.066152444801778,-0.066152444801778
0.000535000000000007,-1.09071620698291,-1.74729920250347,3.19415329472147,0.065658299552056,0.0656582995520555,0.0656582995520555,-0.0656582995520555
0.000536000000000007,-1.12135380474711,-1.7729631677116,3.20066938835111,0.0651609362964534,0.0651609362964493,0.0651609362964492,-0.0651609362964492
0.000537000000000007,-1.15194713338315,-1.79855081011241,3.2071354251184,0.064660367672924,0.0646603676729262,0.0646603676729262,-0.0646603676729262
0.000538000000000007,-1.18249498511882,-1.82406104971261,3.21355108576434,0.0641566064593846,0.0641566064593785,0.0641566064593784,-0.0641566064593785
0.000539000000000007,-1.21299615397724,-1.84949280970899,3.21991605232166,0.0636496655731777,0.0636496655731754,0.0636496655731754,-0.0636496655731754
0.000540000000000007,-1.24344943582448,-1.87484501653157,3.22623000812873,0.0631395580707084,0.0631395580707094,0.0631395580707094,-0.0631395580707094
0.000541000000000007,-1.27385362841711,-1.90011659988648,3.23249263784343,0.0626262971469371,0.0626262971469364,0.0626262971469364,-0.0626262971469364
0.000542000000000007,-1.30420753144969,-1.92530649279879,3.23870362745692,0.0621098961349142,0.0621098961349108,0.0621098961349108,-0.0621098961349108
0.000543000000000007,-1.33450994660208,-1.95041363165523,3.24486266430745,0.0615903685053221,0.0615903685053146,0.0615903685053145,-0.0615903685053145
0.000544000000000007,-1.36475967758683,-1.97543695624663,3.25096943709405,0.0610677278659821,0.0610677278659805,0.0610677278659805,-0.0610677278659805
0.000545000000000007,-1.39495553019635,-2.00037540981045,3.25702363589019,0.0605419879614155,0.0605419879614105,0.0605419879614104,-0.0605419879614104
0.000546000000000007,-1.42509631235008,-2.02522793907296,3.26302495215742,0.0600131626722833,0.0600131626722874,0.0600131626722874,-0.0600131626722874
0.000547000000000007,-1.45518083414156,-2.04999349429139,3.26897307875892,0.0594812660149824,0.0594812660149824,0.0594812660149824,-0.0594812660149824
0.000548000000000007,-1.48520790788538,-2.07467102929593,3.27486770997302,0.0589463121410594,0.0589463121410555,0.0589463121410555,-0.0589463121410554
0.000549000000000007,-1.51517634816407,-2.09925950153159,3.2807085415067,0.0584083153367532,0.0584083153367517,0.0584083153367516,-0.0584083153367516
0.000550000000000007,-1.54508497187494,-2.12375787209985,3.28649527050895,0.0578672900224886,0.0578672900224908,0.0578672900224908,-0.0578672900224908
0.000551000000000007,-1.57493259827673,-2.14816510580025,3.29222759558418,0.0573232507523525,0.0573232507523524,0.0573232507523523,-0.0573232507523523
0.000552000000000007,-1.60471804903625,-2.1724801711718,3.29790521680554,0.0567762122135562,0.0567762122135546,0.0567762122135546,-0.0567762122135546
0.000553000000000007,-1.63444014827492,-2.1967020405342,3.30352783572813,0.0562261892259297,0.0562261892259284,0.0562261892259284,-0.0562261892259284
0.000554000000000007,-1.66409772261514,-2.22082969002899,3.30909515540227,0.0556731967413926,0.0556731967413853,0.0556731967413852,-0.0556731967413852
0.000555000000000007,-1.69368960122666,-2.24486209966047,3.31460688038661,0.0551172498433861,0.0551172498433806,0.0551172498433805,-0.0551172498433805
0.000556000000000007,-1.72321461587279,-2.2687982533365,3.32006271676124,0.0545583637463709,0.0545583637463708,0.0545583637463708,-0.0545583637463708
0.000557000000000007,-1.7526716009565,-2.29263713890916,3.32546237214077,0.053996553795268,0.0539965537952658,0.0539965537952658,-0.0539965537952658
0.000558000000000007,-1.78205939356646,-2.31637774821522,3.33080555568726,0.0534318354648766,0.0534318354648756,0.0534318354648756,-0.0534318354648755
0.000559000000000007,-1.81137683352294,-2.34001907711645,3.33609197812319,0.0528642243593547,0.0528642243593516,0.0528642243593516,-0.0528642243593516
0.000560000000000007,-1.8406227634236,-2.36356012553983,3.34132135174436,0.0522937362116283,0.0522937362116232,0.0522937362116231,-0.0522937362116231
0.000561000000000007,-1.86979602868921,-2.38699989751749,3.34649339043264,0.0517203868828275,0.0517203868828282,0.0517203868828282,-0.0517203868828282
0.000562000000000007,-1.89889547760921,-2.4103374012266,3.35160780966881,0.0511441923617451,0.0511441923617387,0.0511441923617386,-0.0511441923617386
0.000563000000000007,-1.92791996138719,-2.433571649029,3.35666432654523,0.0505651687641828,0.0505651687641812,0.0505651687641812,-0.0505651687641812
0.000564000000000007,-1.95686833418622,-2.45670165751074,3.36166265977848,0.0499833323324594,0.0499833323324523,0.0499833323324523,-0.0499833323324523
0.000565000000000007,-1.98573945317411,-2.47972644752139,3.36660252972195,0.0493986994347351,0.049398699434728,0.0493986994347279,-0.0493986994347279
0.000566000000000007,-2.01453217856852,-2.50264504421321,3.3714836583784,0.0488112865644696,0.0488112865644688,0.0488112865644688,-0.0488112865644688
0.000567000000000007,-2.04324537368195,-2.52545647708015,3.37630576941238,0.0482211103398278,0.0482211103398196,0.0482211103398195,-0.0482211103398195
0.000568000000000007,-2.07187790496663,-2.54815977999667,3.38106858816268,0.0476281875029994,0.0476281875030036,0.0476281875030036,-0.0476281875030036
0.000569000000000007,-2.10042864205924,-2.57075399125636,3.38577184165465,0.0470325349197109,0.0470325349197125,0.0470325349197124,-0.0470325349197124
0.000570000000000007,-2.12889645782557,-2.59323815361047,3.3904152586125,0.0464341695784931,0.0464341695784902,0.0464341695784902,-0.0464341695784903
0.000571000000000007,-2.157280228405,-2.61561131430613,3.39499856947151,0.0458331085901165,0.0458331085901125,0.0458331085901125,-0.0458331085901125
0.000572000000000007,-2.18557883325487,-2.63787252512448,3.39952150639021,0.045229369186961,0.045229369186961,0.045229369186961,-0.045229369186961
0.000573000000000007,-2.21379115519472,-2.66002084241865,3.40398380326245,0.0446229687223942,0.0446229687223929,0.0446229687223929,-0.0446229687223929
0.000574000000000007,-2.24191608045037,-2.68205532715142,3.40838519572946,0.0440139246701099,0.0440139246701048,0.0440139246701048,-0.0440139246701048
0.000575000000000007,-2.26995249869794,-2.70397504493287,3.41272542119181,0.043402254623488,0.0434022546234923,0.0434022546234923,-0.0434022546234923
0.000576000000000008,-2.29789930310765,-2.72577906605769,3.41700421882131,0.0427879762950134,0.0427879762950045,0.0427879762950044,-0.0427879762950044
0.000577000000000008,-2.3257553903875,-2.74746646554243,3.42122132957286,0.042171107515494,0.0421711075154929,0.0421711075154929,-0.0421711075154929
0.000578000000000008,-2.35351966082687,-2.76903632316244,3.42537649619622,0.0415516662335547,0.0415516662335571,0.041551666233557,-0.041551666233557
0.000579000000000008,-2.3811910183399,-2.79048772348874,3.4294694632477,0.0409296705148909,0.0409296705148834,0.0409296705148833,-0.0409296705148834
0.000580000000000008,-2.40876837050879,-2.81181975592459,3.43349997710186,0.0403051385415898,0.0403051385415808,0.0403051385415808,-0.0403051385415808
0.000581000000000008,-2.43625062862687,-2.83303151474197,3.43746778596301,0.0396780886115122,0.0396780886115103,0.0396780886115102,-0.0396780886115102
0.000582000000000008,-2.46363670774167,-2.85412209911777,3.44137263987678,0.0390485391376139,0.0390485391376108,0.0390485391376108,-0.0390485391376108
0.000583000000000008,-2.49092552669766,-2.87509061316986,3.4452142907415,0.038416508647221,0.0384165086472197,0.0384165086472196,-0.0384165086472196
0.000584000000000008,-2.51811600817901,-2.8959361659929,3.44899249231964,0.0377820157813868,0.0377820157813884,0.0377820157813884,-0.0377820157813884
0.000585000000000008,-2.54520707875207,-2.91665787169401,3.45270700024906,0.037145079294203,0.0371450792941941,0.037145079294194,-0.037145079294194
0.000586000000000008,-2.57219766890774,-2.9372548494282,3.45635757205426,0.0365057180520401,0.0365057180520459,0.0365057180520458,-0.0365057180520458
0.000587000000000008,-2.59908671310376,-2.95772622343362,3.45994396715756,0.0358639510329883,0.0358639510329868,0.0358639510329867,-0.0358639510329867
0.000588000000000008,-2.62587314980669,-2.9780711230666,3.46346594689016,0.0352197973259916,0.0352197973259911,0.0352197973259911,-0.0352197973259911
0.000589000000000008,-2.65255592153388,-2.99828868283645,3.46692327450319,0.0345732761302608,0.0345732761302572,0.0345732761302571,-0.0345732761302571
0.000590000000000008,-2.67913397489519,-3.01837804244014,3.47031571517864,0.0339244067545019,0.0339244067544953,0.0339244067544952,-0.0339244067544953
0.000591000000000008,-2.70560626063459,-3.0383383467967,3.47364303604026,0.0332732086162091,0.0332732086162116,0.0332732086162115,-0.0332732086162115
0.000592000000000008,-2.73197173367155,-3.05816874608142,3.47690500616436,0.0326197012409901,0.032619701240987,0.032619701240987,-0.032619701240987
0.000593000000000008,-2.75822935314236,-3.07786839575988,3.48010139659053,0.0319639042617581,0.031963904261752,0.0319639042617519,-0.0319639042617519
0.000594000000000008,-2.78437808244115,-3.09743645662171,3.48323198033234,0.0313058374180608,0.0313058374180566,0.0313058374180566,-0.0313058374180565
0.000595000000000008,-2.81041688926086,-3.11687209481422,3.48629653238787,0.0306455205553435,0.0306455205553363,0.0306455205553363,-0.0306455205553363
0.000596000000000008,-2.83634474563399,-3.13617448187573,3.48929482975029,0.0299829736241763,0.0299829736241738,0.0299829736241737,-0.0299829736241737
0.000597000000000008,-2.86216062797316,-3.15534279476871,3.49222665141824,0.0293182166795569,0.0293182166795551,0.029318216679555,-0.029318216679555
0.000598000000000008,-2.88786351711154,-3.17437621591278,3.49509177840626,0.0286512698801245,0.0286512698801232,0.0286512698801231,-0.0286512698801231
0.000599000000000008,-2.91345239834309,-3.19327393321734,3.497889993755,0.0279821534874269,0.0279821534874259,0.0279821534874259,-0.0279821534874259
0.000600000000000008,-2.93892626146257,-3.21203514011417,3.50062108254152,0.0273108878651618,0.0273108878651604,0.0273108878651603,-0.0273108878651603
0.000601000000000008,-2.9642841008055,-3.23065903558963,3.50328483188936,0.0266374934784164,0.0266374934784125,0.0266374934784124,-0.0266374934784124
0.000602000000000008,-2.9895249152878,-3.24914482421673,3.50588103097865,0.0259619908928954,0.0259619908928929,0.0259619908928929,-0.0259619908928929
0.000603000000000008,-3.01464770844533,-3.26749171618701,3.50840947105606,0.0252844007741748,0.0252844007741686,0.0252844007741686,-0.0252844007741685
0.000604000000000008,-3.03965148847323,-3.28569892734213,3.51086994544475,0.0246047438868935,0.0246047438868899,0.0246047438868899,-0.0246047438868899
0.000605000000000008,-3.06453526826509,-3.30376567920523,3.51326224955416,0.0239230410940161,0.023923041094014,0.023923041094014,-0.023923041094014
0.000606000000000008,-3.08929806545187,-3.32169119901211,3.51558618088976,0.0232393133560249,0.0232393133560238,0.0232393133560238,-0.0232393133560238
0.000607000000000008,-3.11393890244077,-3.3394747197422,3.51784153906277,0.022553581730147,0.0225535817301433,0.0225535817301433,-0.0225535817301433
0.000608000000000008,-3.1384568064537,-3.35711548014919,3.52002812579973,0.021865867369546,0.0218658673695484,0.0218658673695483,-0.0218658673695484
0.000609000000000008,-3.16285080956582,-3.37461272479156,3.52214574495199,0.0211761915225761,0.0211761915225741,0.021176191522574,-0.021176191522574
0.000610000000000008,-3.18711994874365,-3.39196570406282,3.52419420250518,0.0204845755319205,0.0204845755319173,0.0204845755319172,-0.0204845755319172
0.000611000000000008,-3.21126326588312,-3.40917367422148,3.52617330658856,0.0197910408338409,0.0197910408338363,0.0197910408338362,-0.0197910408338362
0.000612000000000008,-3.23527980784742,-3.42623589742088,3.5280828674843,0.0190956089573513,0.0190956089573457,0.0190956089573457,-0.0190956089573457
0.000613000000000008,-3.25916862650459,-3.44315164173867,3.52992269763664,0.0183983015234102,0.0183983015234082,0.0183983015234081,-0.0183983015234082
0.000614000000000008,-3.28292877876498,-3.4599201812062,3.53169261166105,0.0176991402441162,0.0176991402441215,0.0176991402441214,-0.0176991402441214
0.000615000000000008,-3.30655932661846,-3.47654079583748,3.53339242635324,0.0169981469219005,0.0169981469219024,0.0169981469219024,-0.0169981469219024
0.000616000000000008,-3.33005933717146,-3.49301277165812,3.53502196069811,0.0162953434486646,0.0162953434486668,0.0162953434486667,-0.0162953434486667
0.000617000000000008,-3.3534278826838,-3.50933540073385,3.53658103587861,0.0155907518050125,0.0155907518050056,0.0155907518050055,-0.0155907518050055
0.000618000000000009,-3.37666404060532,-3.52550798119889,3.53806947528454,0.0148843940593579,0.0148843940593572,0.0148843940593571,-0.0148843940593572
0.000619000000000009,-3.39976689361229,-3.54152981728406,3.53948710452126,0.0141762923671829,0.0141762923671767,0.0141762923671766,-0.0141762923671767
0.000620000000000009,-3.42273552964364,-3.55740021934464,3.54083375141827,0.0134664689701047,0.0134664689701004,0.0134664689701003,-0.0134664689701003
0.000621000000000009,-3.44556904193694,-3.57311850388801,3.54210924603778,0.0127549461951082,0.0127549461951078,0.0127549461951077,-0.0127549461951078
0.000622000000000009,-3.46826652906422,-3.58868399360101,3.54331342068315,0.0120417464536837,0.0120417464536794,0.0120417464536794,-0.0120417464536794
0.000623000000000009,-3.49082709496756,-3.60409601737707,3.54444610990725,0.0113268922409571,0.011326892240951,0.0113268922409509,-0.0113268922409509
0.000624000000000009,-3.51324984899444,-3.61935391034309,3.54550715052073,0.0106104061348677,0.0106104061348646,0.0106104061348645,-0.0106104061348646
0.000625000000000009,-3.53553390593293,-3.63445701388609,3.54649638160027,0.00989231079532082,0.00989231079531596,0.00989231079531589,-0.00989231079531594
0.000626000000000009,-3.55767838604662,-3.6494046756796,3.5474136444966,0.00917262896330318,0.00917262896329834,0.00917262896329825,-0.00917262896329829
0.000627000000000009,-3.57968241510935,-3.66419624970978,3.5482587828426,0.00845138346003971,0.0084513834600431,0.00845138346004304,-0.00845138346004304
0.000628000000000009,-3.60154512443973,-3.67883109630129,3.54903164256122,0.00772859718615848,0.00772859718615685,0.00772859718615684,-0.00772859718615682
0.000629000000000009,-3.62326565093542,-3.69330858214297,3.54973207187329,0.00700429312075812,0.00700429312075522,0.00700429312075515,-0.00700429312075518
0.000630000000000009,-3.64484313710725,-3.70762808031318,3.55035992130535,0.00627849432059957,0.00627849432059337,0.00627849432059331,-0.0062784943205933
0.000631000000000009,-3.66627673111299,-3.72178897030492,3.55091504369727,0.0055512239192046,0.00555122391919315,0.00555122391919309,-0.0055512239191931
0.000632000000000009,-3.68756558679106,-3.73579063805073,3.55139729420987,0.00482250512597204,0.00482250512596709,0.00482250512596698,-0.00482250512596699
0.000633000000000009,-3.70870886369388,-3.74963247594727,3.5518065303324,0.00409236122534296,0.00409236122533913,0.00409236122533909,-0.00409236122533907
0.000634000000000009,-3.7297057271211,-3.76331388287972,3.55214261188999,0.00336081557586354,0.00336081557586215,0.00336081557586212,-0.0033608155758621
0.000635000000000009,-3.75055534815248,-3.77683426424581,3.55240540105092,0.00262789160933252,0.00262789160933248,0.00262789160933243,-0.00262789160933241
0.000636000000000009,-3.7712569036807,-3.79019303197971,3.55259476233391,0.00189361282990408,0.00189361282990112,0.00189361282990106,-0.00189361282990103
0.000637000000000009,-3.79180957644379,-3.80338960457561,3.55271056261523,0.00115800281318634,0.00115800281318203,0.00115800281318199,-0.00115800281318201
0.000638000000000009,-3.81221255505742,-3.816423407111,3.55275267113577,0.000421085205362104,0.000421085205357358,0.000421085205357308,-0.00042108520535733
0.000639000000000009,-3.83246503404693,-3.82929387126973,3.552720959508,-0.000317116277712692,-0.000317116277720414,-0.000317116277720464,0.000317116277720464
0.000640000000000009,-3.85256621387913,-3.84200043536483,3.55261530172285,-0.00105657785142377,-0.00105657785142918,-0.00105657785142927,0.00105657785142926
0.000641000000000009,-3.87251530099385,-3.85454254436104,3.55243557415653,-0.00179727566328225,-0.00179727566328094,-0.00179727566328101,0.00179727566328103
0.000642000000000009,-3.8923115078353,-3.86691964989701,3.55218165557714,-0.00253918579382617,-0.00253918579382836,-0.00253918579382839,0.00253918579382839
0.000643000000000009,-3.91195405288312,-3.87913121030738,3.55185342715139,-0.00328228425757082,-0.00328228425757423,-0.00328228425757424,0.00328228425757426
0.000644000000000009,-3.93144216068327,-3.89117669064443,3.551450772451,-0.00402654700387917,-0.00402654700388378,-0.00402654700388383,0.00402654700388383
0.000645000000000009,-3.95077506187863,-3.90305556269963,3.55097357745921,-0.00477194991789442,-0.00477194991789966,-0.00477194991789971,0.0047719499178997
0.000646000000000009,-3.96995199323935,-3.91476730502475,3.55042173057706,-0.00551846882145934,-0.00551846882145984,-0.00551846882145988,0.0055184688214599
0.000647000000000009,-3.98897219769303,-3.92631140295285,3.54979512262966,-0.00626607947401325,-0.00626607947401809,-0.00626607947401818,0.00626607947401819
0.000648000000000009,-4.00783492435456,-3.93768734861888,3.54909364687231,-0.00701475757356462,-0.00701475757356721,-0.00701475757356729,0.00701475757356729
0.000649000000000009,-4.02653942855578,-3.94889464098013,3.54831719899655,-0.00776447875756148,-0.00776447875756488,-0.00776447875756494,0.00776447875756492
0.000650000000000009,-4.04508497187491,-3.95993278583629,3.54746567713616,-0.00851521860385951,-0.00851521860386213,-0.00851521860386217,0.00851521860386217
0.000651000000000009,-4.06347082216564,-3.9708012958493,3.546538981873,-0.00926695263163246,-0.00926695263163435,-0.00926695263163442,0.00926695263163441
0.000652000000000009,-4.08169625358609,-3.98149969056294,3.54553701624277,-0.0100196563023136,-0.0100196563023149,-0.010019656302315,0.010019656302315
0.000653000000000009,-4.09976054662743,-3.99202749642212,3.54445968574072,-0.0107733050205239,-0.0107733050205312,-0.0107733050205312,0.0107733050205313
0.000654000000000009,-4.1176629881423,-4.00238424679187,3.54330689832721,-0.0115278741350311,-0.0115278741350431,-0.0115278741350432,0.0115278741350432
0.000655000000000009,-4.13540287137298,-4.01256948197613,3.54207856443325,-0.0122833389396781,-0.0122833389396841,-0.0122833389396841,0.0122833389396841
0.000656000000000009,-4.15297949597923,-4.02258274923619,3.54077459696582,-0.0130396746742978,-0.0130396746743043,-0.0130396746743044,0.0130396746743043
0.000657000000000009,-4.17039216806602,-4.03242360280885,3.53939491131324,-0.0137968565257118,-0.0137968565257165,-0.0137968565257165,0.0137968565257166
0.000658000000000009,-4.18764020021087,-4.04209160392443,3.53793942535038,-0.0145548596286371,-0.0145548596286439,-0.014554859628644,0.014554859628644
0.00065900000000001,-4.20472291149101,-4.0515863208243,3.53640805944371,-0.0153136590666714,-0.0153136590666708,-0.0153136590666707,0.0153136590666708
0.00066000000000001,-4.22163962751024,-4.06090732877829,3.53480073645639,-0.0160732298731903,-0.0160732298731942,-0.0160732298731944,0.0160732298731943
0.00066100000000001,-4.23838968042558,-4.07005421010178,3.53311738175316,-0.0168335470323777,-0.0168335470323797,-0.0168335470323798,0.0168335470323798
0.00066200000000001,-4.25497240897362,-4.07902655417244,3.53135792320515,-0.0175945854801141,-0.0175945854801175,-0.0175945854801176,0.0175945854801176
0.00066300000000001,-4.27138715849663,-4.08782395744682,3.52952229119465,-0.0183563201049797,-0.0183563201049816,-0.0183563201049817,0.0183563201049817
0.00066400000000001,-4.28763328096842,-4.0964460234765,3.52761041861973,-0.0191187257491965,-0.0191187257491912,-0.0191187257491913,0.0191187257491913
0.00066500000000001,-4.30371013501987,-4.10489236292414,3.52562224089877,-0.0198817772095738,-0.0198817772095735,-0.0198817772095736,0.0198817772095736
0.00066600000000001,-4.31961708596433,-4.11316259357904,3.52355769597492,-0.0206454492385255,-0.0206454492385289,-0.020645449238529,0.020645449238529
0.00066700000000001,-4.3353535058226,-4.12125634037262,3.52141672432042,-0.0214097165449978,-0.0214097165449982,-0.0214097165449983,0.0214097165449983
0.00066800000000001,-4.35091877334778,-4.12917323539346,3.51919926894087,-0.0221745537954288,-0.0221745537954317,-0.0221745537954317,0.0221745537954317
0.00066900000000001,-4.36631227404975,-4.13691291790215,3.5169052753794,-0.0229399356147564,-0.0229399356147598,-0.0229399356147598,0.0229399356147599
0.00067000000000001,-4.38153340021947,-4.1444750343458,3.51453469172066,-0.0237058365873599,-0.0237058365873665,-0.0237058365873665,0.0237058365873665
0.00067100000000001,-4.39658155095293,-4.1518592383723,3.51208746859486,-0.0244722312580636,-0.0244722312580632,-0.0244722312580633,0.0244722312580633
0.00067200000000001,-4.41145613217491,-4.15906519084425,3.50956355918155,-0.0252390941330649,-0.0252390941330658,-0.0252390941330659,0.0252390941330659
0.00067300000000001,-4.42615655666242,-4.1660925598527,3.50696291921345,-0.026006399680969,-0.0260063996809724,-0.0260063996809724,0.0260063996809724
0.00067400000000001,-4.44068224406787,-4.17294102073043,3.50428550698008,-0.0267741223337437,-0.0267741223337434,-0.0267741223337435,0.0267741223337435
0.00067500000000001,-4.45503262094198,-4.17961025606515,3.50153128333131,-0.0275422364876743,-0.0275422364876831,-0.0275422364876832,0.0275422364876832
0.00067600000000001,-4.46920712075646,-4.18609995571223,3.49870021168087,-0.0283107165044205,-0.0283107165044224,-0.0283107165044225,0.0283107165044225
0.00067700000000001,-4.48320518392632,-4.19240981680728,3.49579225800968,-0.0290795367119001,-0.0290795367119041,-0.0290795367119042,0.0290795367119042
0.00067800000000001,-4.49702625783199,-4.1985395437783,3.49280739086914,-0.0298486714053636,-0.0298486714053688,-0.0298486714053689,0.0298486714053689
0.00067900000000001,-4.51066979684115,-4.20448884835772,3.48974558138431,-0.0306180948483403,-0.030618094848343,-0.0306180948483431,0.030618094848343
0.00068000000000001,-4.52413526233023,-4.21025744959395,3.48660680325695,-0.0313877812736196,-0.0313877812736281,-0.0313877812736282,0.0313877812736281
0.00068100000000001,-4.53742212270572,-4.2158450738628,3.48339103276852,-0.0321577048842903,-0.0321577048842913,-0.0321577048842913,0.0321577048842913
0.00068200000000001,-4.55052985342511,-4.22125145487853,3.48009824878305,-0.0329278398546551,-0.0329278398546574,-0.0329278398546576,0.0329278398546575
0.00068300000000001,-4.56345793701764,-4.22647633370461,3.47672843274992,-0.0336981603313014,-0.0336981603313029,-0.0336981603313029,0.033698160331303
0.00068400000000001,-4.57620586310472,-4.23151945876422,3.47328156870652,-0.0344686404340511,-0.03446864043405,-0.03446864043405,0.03446864043405
0.00068500000000001,-4.58877312842003,-4.2363805858504,3.46975764328082,-0.0352392542569602,-0.0352392542569631,-0.0352392542569631,0.0352392542569631
0.00068600000000001,-4.60115923682948,-4.24105947813602,3.46615664569389,-0.0360099758693488,-0.0360099758693461,-0.0360099758693461,0.0360099758693461
0.00068700000000001,-4.6133636993507,-4.24555590618329,3.46247856776221,-0.036780779316743,-0.0367807793167406,-0.0367807793167406,0.0367807793167407
0.00068800000000001,-4.62538603417241,-4.24986964795315,3.45872340390002,-0.0375516386219266,-0.037551638621926,-0.037551638621926,0.037551638621926
0.00068900000000001,-4.63722576667343,-4.25400048881423,3.45489115112143,-0.0383225277859189,-0.0383225277859195,-0.0383225277859196,0.0383225277859196
0.00069000000000001,-4.64888242944138,-4.25794822155159,3.45098180904253,-0.0390934207889782,-0.0390934207889789,-0.0390934207889789,0.0390934207889789
0.00069100000000001,-4.66035556229117,-4.26171264637512,3.44699537988337,-0.0398642915916048,-0.0398642915916048,-0.0398642915916049,0.0398642915916049
0.00069200000000001,-4.67164471228318,-4.26529357092773,3.44293186846981,-0.0406351141355454,-0.0406351141355446,-0.0406351141355446,0.0406351141355446
0.00069300000000001,-4.68274943374108,-4.2686908102931,3.43879128223533,-0.041405862344801,-0.0414058623447974,-0.0414058623447975,0.0414058623447975
0.00069400000000001,-4.69366928826948,-4.27190418700328,3.43457363122267,-0.0421765101266125,-0.04217651012662,-0.04217651012662,0.04217651012662
0.00069500000000001,-4.70440384477124,-4.27493353104591,3.43027892808542,-0.0429470313725355,-0.0429470313725331,-0.0429470313725332,0.0429470313725333
0.00069600000000001,-4.71495267946443,-4.27777867987114,3.42590718808949,-0.0437173999593288,-0.0437173999593292,-0.0437173999593293,0.0437173999593293
0.00069700000000001,-4.72531537589913,-4.28043947839833,3.42145842911448,-0.0444875897500774,-0.0444875897500805,-0.0444875897500805,0.0444875897500805
0.00069800000000001,-4.73549152497383,-4.28291577902234,3.41693267165496,-0.0452575745951478,-0.0452575745951482,-0.0452575745951482,0.0452575745951482
0.00069900000000001,-4.74548072495158,-4.28520744161965,3.41232993882165,-0.0460273283331869,-0.0460273283331924,-0.0460273283331924,0.0460273283331924
0.000700000000000011,-4.75528258147587,-4.28731433355405,3.40765025634243,-0.0467968247921791,-0.046796824792182,-0.0467968247921821,0.0467968247921821
0.000701000000000011,-4.76489670758619,-4.28923632968213,3.40289365256339,-0.0475660377904052,-0.0475660377904066,-0.0475660377904066,0.0475660377904066
0.000702000000000011,-4.77432272373331,-4.29097331235844,3.39806015844964,-0.0483349411374823,-0.0483349411374874,-0.0483349411374874,0.0483349411374874
0.000703000000000011,-4.78356025779425,-4.29252517144035,3.3931498075861,-0.049103508635393,-0.04910350863539,-0.0491035086353901,0.0491035086353901
0.000704000000000011,-4.79260894508697,-4.2938918042926,3.38816263617816,-0.0498717140794325,-0.0498717140794371,-0.0498717140794372,0.0498717140794372
0.000705000000000011,-4.80146842838481,-4.29507311579159,3.38309868305223,-0.0506395312593133,-0.0506395312593215,-0.0506395312593216,0.0506395312593216
0.000706000000000011,-4.81013835793052,-4.29606901832932,3.37795798965621,-0.051406933960112,-0.05140693396012,-0.0514069339601201,0.0514069339601201
0.000707000000000011,-4.81861839145014,-4.29687943181706,3.37274060005988,-0.0521738959633078,-0.0521738959633077,-0.0521738959633079,0.0521738959633078
0.000708000000000011,-4.82690819416646,-4.29750428368874,3.36744656095511,-0.0529403910477688,-0.0529403910477721,-0.0529403910477722,0.0529403910477722
0.000709000000000011,-4.83500743881226,-4.29794350890398,3.36207592165602,-0.0537063929908266,-0.0537063929908281,-0.0537063929908282,0.0537063929908282
0.000710000000000011,-4.84291580564324,-4.29819704995091,3.3566287340991,-0.0544718755692264,-0.0544718755692331,-0.0544718755692332,0.0544718755692332
0.000711000000000011,-4.85063298245061,-4.29826485684859,3.35110505284308,-0.0552368125602021,-0.0552368125602023,-0.0552368125602024,0.0552368125602024
0.000712000000000011,-4.85815866457345,-4.29814688714921,3.34550493506884,-0.0560011777424263,-0.0560011777424241,-0.0560011777424242,0.0560011777424242
0.000713000000000011,-4.86549255491071,-4.29784310593995,3.33982844057913,-0.056764944897072,-0.056764944897076,-0.0567649448970761,0.0567649448970761
0.000714000000000011,-4.87263436393296,-4.29735348584456,3.33407563179825,-0.0575280878088336,-0.0575280878088403,-0.0575280878088404,0.0575280878088404
0.000715000000000011,-4.87958380969381,-4.29667800702461,3.32824657377156,-0.0582905802669176,-0.0582905802669199,-0.05829058026692,0.05829058026692
0.000716000000000011,-4.88634061784104,-4.2958166571805,3.32234133416495,-0.0590523960660505,-0.0590523960660545,-0.0590523960660545,0.0590523960660545
0.000717000000000011,-4.89290452162743,-4.29476943155207,3.3163599832642,-0.0598135090075314,-0.0598135090075361,-0.0598135090075361,0.0598135090075361
0.000718000000000011,-4.8992752619213,-4.29353633291905,3.31030259397418,-0.0605738929002175,-0.0605738929002254,-0.0605738929002254,0.0605738929002255
0.000719000000000011,-4.90545258721674,-4.29211737160106,3.30416924181802,-0.061333521561564,-0.0613335215615673,-0.0613335215615674,0.0613335215615674
0.000720000000000011,-4.91143625364351,-4.29051256545744,3.29796000493616,-0.0620923688186004,-0.0620923688186067,-0.0620923688186068,0.0620923688186068
0.000721000000000011,-4.91722602497671,-4.28872193988667,3.29167496408526,-0.0628504085090009,-0.0628504085090039,-0.062850408509004,0.062850408509004
0.000722000000000011,-4.92282167264609,-4.28674552782559,3.28531420263705,-0.063607614482053,-0.0636076144820502,-0.0636076144820502,0.0636076144820502
0.000723000000000011,-4.92822297574505,-4.28458336974822,3.27887780657709,-0.0643639605996826,-0.0643639605996827,-0.0643639605996828,0.0643639605996828
0.000724000000000011,-4.9334297210394,-4.2822355136644,3.27236586450334,-0.0651194207374939,-0.0651194207374995,-0.0651194207374996,0.0651194207374995
0.000725000000000011,-4.93844170297574,-4.27970201511801,3.26577846762476,-0.0658739687857723,-0.0658739687857738,-0.0658739687857739,0.0658739687857738
0.000726000000000011,-4.94325872368962,-4.27698293718494,3.25911570975971,-0.0666275786504666,-0.0666275786504682,-0.0666275786504683,0.0666275786504683
0.000727000000000011,-4.94788059301331,-4.27407835047082,3.25237768733429,-0.0673802242542454,-0.0673802242542488,-0.0673802242542489,0.0673802242542488
0.000728000000000011,-4.9523071284833,-4.27098833310833,3.24556449938054,-0.0681318795374963,-0.0681318795374977,-0.0681318795374977,0.0681318795374977
0.000729000000000011,-4.95653815534758,-4.26771297075431,3.23867624753461,-0.0688825184593211,-0.0688825184593265,-0.0688825184593266,0.0688825184593266
0.000730000000000011,-4.96057350657243,-4.26425235658655,3.23171303603475,-0.0696321149985835,-0.0696321149985887,-0.0696321149985887,0.0696321149985887
0.000731000000000011,-4.96441302284911,-4.2606065913002,3.22467497171926,-0.0703806431548859,-0.0703806431548906,-0.0703806431548907,0.0703806431548907
0.000732000000000011,-4.96805655260008,-4.25677578310405,3.2175621640243,-0.0711280769496048,-0.0711280769496035,-0.0711280769496035,0.0711280769496035
0.000733000000000011,-4.97150395198503,-4.2527600477163,3.21037472498161,-0.0718743904268671,-0.0718743904268732,-0.0718743904268734,0.0718743904268733
0.000734000000000011,-4.97475508490654,-4.24855950836023,3.20311276921615,-0.0726195576546296,-0.0726195576546309,-0.072619557654631,0.072619557654631
0.000735000000000011,-4.97780982301543,-4.24417429575942,3.19577641394359,-0.0733635527256027,-0.0733635527256012,-0.0733635527256013,0.0733635527256012
0.000736000000000011,-4.98066804571589,-4.23960454813278,3.18836577896776,-0.0741063497583072,-0.0741063497583112,-0.0741063497583113,0.0741063497583113
0.000737000000000011,-4.98332964017018,-4.2348504111892,3.18088098667795,-0.0748479228980914,-0.074847922898098,-0.0748479228980981,0.0748479228980981
0.000738000000000011,-4.9857945013031,-4.22991203812195,3.17332216204614,-0.0755882463181123,-0.0755882463181148,-0.0755882463181148,0.0755882463181148
0.000739000000000011,-4.98806253180615,-4.22478958960278,3.1656894326241,-0.0763272942203397,-0.0763272942203375,-0.0763272942203375,0.0763272942203376
0.000740000000000011,-4.99013364214138,-4.21948323377569,3.15798292854045,-0.0770650408365681,-0.0770650408365691,-0.0770650408365691,0.0770650408365691
0.000741000000000012,-4.9920077505449,-4.21399314625046,3.1502027824975,-0.077801460429443,-0.0778014604294439,-0.077801460429444,0.077801460429444
0.000742000000000012,-4.99368478303011,-4.2083195100958,3.14234912976816,-0.0785365272934291,-0.0785365272934303,-0.0785365272934304,0.0785365272934304
0.000743000000000012,-4.99516467339064,-4.20246251583231,3.13442210819258,-0.0792702157558312,-0.0792702157558328,-0.0792702157558328,0.0792702157558329
0.000744000000000012,-4.99644736320296,-4.19642236142503,3.1264218581748,-0.0800025001777893,-0.0800025001777928,-0.0800025001777929,0.0800025001777929
0.000745000000000012,-4.99753280182867,-4.19019925227578,3.11834852267927,-0.0807333549552824,-0.0807333549552883,-0.0807333549552884,0.0807333549552884
0.000746000000000012,-4.99842094641651,-4.18379340121518,3.11020224722726,-0.0814627545201274,-0.0814627545201325,-0.0814627545201326,0.0814627545201326
0.000747000000000012,-4.99911176190405,-4.17720502849434,3.10198317989316,-0.0821906733409694,-0.0821906733409713,-0.0821906733409714,0.0821906733409714
0.000748000000000012,-4.99960522101909,-4.17043436177629,3.09369147130073,-0.0829170859242723,-0.082917085924279,-0.0829170859242791,0.0829170859242791
0.000749000000000012,-4.99990130428069,-4.16348163612715,3.0853272746192,-0.0836419668153532,-0.0836419668153536,-0.0836419668153537,0.0836419668153537
0.000750000000000012,-5,-4.1563470940069,3.07689074555927,-0.0843652905993064,-0.0843652905993102,-0.0843652905993103,0.0843652905993103
0.000751000000000012,-4.99990130428068,-4.14903098525995,3.06838204236906,-0.0850870319020691,-0.0850870319020731,-0.0850870319020732,0.0850870319020732
0.000752000000000012,-4.99960522101908,-4.14153356710541,3.05980132582992,-0.0858071653913672,-0.0858071653913667,-0.0858071653913668,0.0858071653913668
0.000753000000000012,-4.99911176190404,-4.13385510412699,3.05114875925215,-0.0865256657777014,-0.0865256657777046,-0.0865256657777046,0.0865256657777046
0.000754000000000012,-4.99842094641649,-4.12599586826271,3.04242450847062,-0.0872425078153727,-0.0872425078153779,-0.087242507815378,0.087242507815378
0.000755000000000012,-4.99753280182865,-4.11795613879423,3.03362874184027,-0.087957666303442,-0.0879576663034414,-0.0879576663034414,0.0879576663034414
0.000756000000000012,-4.99644736320293,-4.10973620233595,3.0247616302316,-0.0886711160866982,-0.0886711160866981,-0.0886711160866982,0.0886711160866982
0.000757000000000012,-4.99516467339061,-4.10133635282378,3.01582334702593,-0.0893828320566792,-0.0893828320566831,-0.0893828320566832,0.0893828320566832
0.000758000000000012,-4.99368478303007,-4.09275689150362,3.00681406811067,-0.0900927891526404,-0.0900927891526446,-0.0900927891526446,0.0900927891526446
0.000759000000000012,-4.99200775054485,-4.08399812691961,2.99773397187442,-0.0908009623625228,-0.090800962362524,-0.090800962362524,0.090800962362524
0.000760000000000012,-4.99013364214133,-4.07506037490199,2.98858323920202,-0.0915073267239341,-0.0915073267239344,-0.0915073267239344,0.0915073267239344
0.000761000000000012,-4.9880625318061,-4.06594395855473,2.97936205346951,-0.0922118573251351,-0.0922118573251368,-0.0922118573251369,0.0922118573251369
0.000762000000000012,-4.98579450130304,-4.05664920824289,2.97007060053891,-0.0929145293060119,-0.092914529306015,-0.092914529306015,0.0929145293060151
0.000763000000000012,-4.98332964017012,-4.04717646157963,2.96070906875301,-0.0936153178590438,-0.0936153178590483,-0.0936153178590484,0.0936153178590484
0.000764000000000012,-4.98066804571583,-4.037526063413,2.95127764892998,-0.0943141982302764,-0.0943141982302826,-0.0943141982302826,0.0943141982302825
0.000765000000000012,-4.97780982301536,-4.02769836581237,2.94177653435795,-0.0950111457202985,-0.0950111457202996,-0.0950111457202996,0.0950111457202996
0.000766000000000012,-4.97475508490646,-4.01769372805462,2.93220592078943,-0.0957061356851829,-0.095706135685184,-0.0957061356851841,0.0957061356851841
0.000767000000000012,-4.97150395198495,-4.00751251661007,2.92256600643568,-0.0963991435374867,-0.0963991435374886,-0.0963991435374885,0.0963991435374886
0.000768000000000012,-4.9680565526,-3.99715510512802,2.91285699196096,-0.0970901447471961,-0.0970901447471975,-0.0970901447471975,0.0970901447471976
0.000769000000000012,-4.96441302284902,-3.98662187442215,2.90307908047669,-0.0977791148426865,-0.0977791148426874,-0.0977791148426874,0.0977791148426874
0.000770000000000012,-4.96057350657234,-3.97591321245548,2.89323247753552,-0.0984660294116857,-0.0984660294116865,-0.0984660294116865,0.0984660294116865
0.000771000000000012,-4.95653815534748,-3.96502951432517,2.8833173911253,-0.0991508641022287,-0.0991508641022315,-0.0991508641022315,0.0991508641022316
0.000772000000000012,-4.9523071284832,-3.95397118224698,2.87333403166294,-0.0998335946236217,-0.0998335946236225,-0.0998335946236226,0.0998335946236226
0.000773000000000012,-4.9478805930132,-3.94273862553945,2.8632826119882,-0.10051419674737,-0.100514196747375,-0.100514196747375,0.100514196747375
0.000774000000000012,-4.94325872368951,-3.93133226060779,2.85316334735739,-0.101192646308168,-0.101192646308172,-0.101192646308172,0.101192646308172
0.000775000000000012,-4.93844170297563,-3.91975251092755,2.8429764554369,-0.101868919204806,-0.101868919204808,-0.101868919204808,0.101868919204808
0.000776000000000012,-4.93342972103928,-3.90799980702787,2.83272215629679,-0.102542991401138,-0.102542991401141,-0.102542991401141,0.102542991401141
0.000777000000000012,-4.92822297574492,-3.89607458647464,2.82240067240409,-0.103214838927026,-0.103214838927029,-0.103214838927029,0.103214838927029
0.000778000000000012,-4.92282167264596,-3.8839772938532,2.81201222861616,-0.103884437879271,-0.103884437879276,-0.103884437879276,0.103884437879276
0.000779000000000012,-4.91722602497658,-3.8717083807509,2.8015570521739,-0.104551764422567,-0.104551764422568,-0.104551764422568,0.104551764422568
0.000780000000000012,-4.91143625364337,-3.85926830573926,2.79103537269486,-0.105216794790408,-0.105216794790411,-0.105216794790412,0.105216794790412
0.000781000000000012,-4.90545258721659,-3.84665753435596,2.78044742216626,-0.105879505286057,-0.105879505286064,-0.105879505286064,0.105879505286064
0.000782000000000013,-4.89927526192116,-3.83387653908649,2.76979343493791,-0.106539872283462,-0.106539872283466,-0.106539872283466,0.106539872283466
0.000783000000000013,-4.89290452162728,-3.82092579934556,2.75907364771509,-0.107197872228171,-0.107197872228172,-0.107197872228172,0.107197872228172
0.000784000000000013,-4.88634061784088,-3.80780580145815,2.74828829955127,-0.107853481638274,-0.107853481638273,-0.107853481638273,0.107853481638273
0.000785000000000013,-4.87958380969365,-3.79451703864044,2.73743763184073,-0.108506677105322,-0.108506677105321,-0.108506677105321,0.108506677105321
0.000786000000000013,-4.8726343639328,-3.78106001098029,2.72652188831121,-0.109157435295248,-0.10915743529525,-0.10915743529525,0.10915743529525
0.000787000000000013,-4.86549255491054,-3.7674352254176,2.71554131501628,-0.109805732949293,-0.109805732949294,-0.109805732949294,0.109805732949294
0.000788000000000013,-4.85815866457328,-3.75364319572429,2.70449616032779,-0.110451546884898,-0.110451546884899,-0.110451546884899,0.110451546884899
0.000789000000000013,-4.85063298245043,-3.73968444248403,2.69338667492813,-0.111094853996638,-0.11109485399664,-0.11109485399664,0.11109485399664
0.000790000000000013,-4.84291580564306,-3.72555949307178,2.68221311180241,-0.111735631257126,-0.111735631257128,-0.111735631257128,0.111735631257128
0.000791000000000013,-4.83500743881207,-3.71126888163293,2.67097572623062,-0.112373855717909,-0.112373855717914,-0.112373855717914,0.112373855717914
0.000792000000000013,-4.82690819416626,-3.69681314906228,2.65967477577958,-0.113009504510395,-0.113009504510398,-0.113009504510398,0.113009504510398
0.000793000000000013,-4.81861839144994,-3.68219284298268,2.64831052029491,-0.113642554846725,-0.113642554846726,-0.113642554846726,0.113642554846726
0.000794000000000013,-4.81013835793032,-3.66740851772344,2.63688322189284,-0.114272984020687,-0.114272984020688,-0.114272984020688,0.114272984020688
0.000795000000000013,-4.8014684283846,-3.65246073429848,2.62539314495198,-0.11490076940861,-0.114900769408613,-0.114900769408613,0.114900769408613
0.000796000000000013,-4.79260894508676,-3.63735006038415,2.61384055610496,-0.115525888470263,-0.115525888470262,-0.115525888470262,0.115525888470262
0.000797000000000013,-4.78356025779403,-3.62207707029689,2.60222572422998,-0.116148318749709,-0.116148318749714,-0.116148318749714,0.116148318749714
0.000798000000000013,-4.77432272373309,-3.60664234497054,2.59054892044236,-0.116768037876254,-0.116768037876256,-0.116768037876256,0.116768037876256
0.000799000000000013,-4.76489670758597,-3.5910464719334,2.57881041808583,-0.11738502356526,-0.117385023565257,-0.117385023565258,0.117385023565257
0.000800000000000013,-4.75528258147564,-3.57529004528506,2.56701049272393,-0.117999253619057,-0.117999253619058,-0.117999253619058,0.117999253619058
0.000801000000000013,-4.74548072495134,-3.55937366567296,2.55514942213114,-0.118610705927837,-0.118610705927839,-0.118610705927839,0.118610705927839
0.000802000000000013,-4.73549152497359,-3.54329794026865,2.5432274862841,-0.119219358470488,-0.119219358470494,-0.119219358470494,0.119219358470494
0.000803000000000013,-4.72531537589889,-3.52706348274385,2.53124496735254,-0.119825189315503,-0.119825189315504,-0.119825189315504,0.119825189315504
0.000804000000000013,-4.71495267946419,-3.51067091324621,2.51920214969037,-0.120428176621794,-0.120428176621797,-0.120428176621797,0.120428176621797
0.000805000000000013,-4.70440384477099,-3.49412085837481,2.5070993198264,-0.121028298639616,-0.121028298639617,-0.121028298639618,0.121028298639618
0.000806000000000013,-4.69366928826923,-3.47741395115544,2.49493676645527,-0.121625533711378,-0.121625533711379,-0.121625533711379,0.121625533711379
0.000807000000000013,-4.68274943374082,-3.46055083101559,2.48271478042801,-0.122219860272517,-0.122219860272523,-0.122219860272523,0.122219860272523
0.000808000000000013,-4.67164471228291,-3.44353214375918,2.47043365474278,-0.122811256852371,-0.122811256852373,-0.122811256852373,0.122811256852373
0.000809000000000013,-4.66035556229091,-3.4263585415411,2.45809368453528,-0.123399702074978,-0.123399702074981,-0.123399702074981,0.123399702074981
0.000810000000000013,-4.6488824294411,-3.40903068284139,2.44569516706928,-0.123985174659969,-0.123985174659972,-0.123985174659972,0.123985174659972
0.000811000000000013,-4.63722576667315,-3.39154923243927,2.43323840172694,-0.124567653423391,-0.124567653423388,-0.124567653423388,0.124567653423388
0.000812000000000013,-4.62538603417213,-3.37391486138686,2.42072368999909,-0.125147117278526,-0.125147117278527,-0.125147117278527,0.125147117278527
0.000813000000000013,-4.61336369935041,-3.35612824698269,2.40815133547541,-0.125723545236767,-0.125723545236773,-0.125723545236773,0.125723545236773
0.000814000000000013,-4.60115923682919,-3.33819007274488,2.39552164383457,-0.126296916408428,-0.126296916408431,-0.126296916408431,0.126296916408431
0.000815000000000013,-4.58877312841974,-3.32010102838421,2.38283492283422,-0.126867210003554,-0.126867210003553,-0.126867210003553,0.126867210003553
0.000816000000000013,-4.57620586310442,-3.30186180977681,2.37009148230094,-0.127434405332756,-0.12743440533276,-0.12743440533276,0.12743440533276
0.000817000000000013,-4.56345793701734,-3.28347311893668,2.35729163412013,-0.127998481808067,-0.127998481808066,-0.127998481808066,0.127998481808066
0.000818000000000013,-4.5505298534248,-3.26493566398793,2.34443569222577,-0.128559418943688,-0.128559418943688,-0.128559418943688,0.128559418943688
0.000819000000000013,-4.53742212270541,-3.24625015913681,2.33152397259008,-0.129117196356856,-0.12911719635686,-0.12911719635686,0.12911719635686
0.000820000000000013,-4.52413526232992,-3.22741732464346,2.31855679321322,-0.129671793768642,-0.129671793768646,-0.129671793768646,0.129671793768646
0.000821000000000013,-4.51066979684083,-3.20843788679347,2.30553447411274,-0.130223191004735,-0.130223191004736,-0.130223191004737,0.130223191004737
0.000822000000000013,-4.49702625783167,-3.18931257786912,2.29245733731312,-0.130771367996254,-0.130771367996255,-0.130771367996255,0.130771367996255
0.000823000000000014,-4.48320518392599,-3.17004213612049,2.27932570683506,-0.131316304780547,-0.13131630478055,-0.13131630478055,0.13131630478055
0.000824000000000014,-4.46920712075613,-3.1506273057362,2.26613990868486,-0.131857981501988,-0.131857981501992,-0.131857981501992,0.131857981501992
0.000825000000000014,-4.45503262094165,-3.13106883681406,2.25290027084359,-0.132396378412754,-0.132396378412758,-0.132396378412758,0.132396378412758
0.000826000000000014,-4.44068224406753,-3.11136748533136,2.23960712325623,-0.132931475873614,-0.132931475873617,-0.132931475873617,0.132931475873617
0.000827000000000014,-4.42615655666208,-3.09152401311497,2.22626079782076,-0.133463254354709,-0.13346325435471,-0.13346325435471,0.133463254354711
0.000828000000000014,-4.41145613217456,-3.07153918781127,2.21286162837712,-0.133991694436326,-0.133991694436329,-0.133991694436329,0.133991694436329
0.000829000000000014,-4.39658155095258,-3.05141378285573,2.19940995069615,-0.134516776809681,-0.134516776809684,-0.134516776809685,0.134516776809685
0.000830000000000014,-4.38153340021911,-3.03114857744236,2.18590610246839,-0.135038482277672,-0.135038482277676,-0.135038482277676,0.135038482277676
0.000831000000000014,-4.36631227404939,-3.01074435649285,2.17235042329282,-0.135556791755649,-0.135556791755654,-0.135556791755654,0.135556791755654
0.000832000000000014,-4.35091877334742,-2.99020191062558,2.1587432546656,-0.136071686272179,-0.136071686272183,-0.136071686272183,0.136071686272183
0.000833000000000014,-4.33535350582224,-2.96952203612431,2.14508493996863,-0.136583146969791,-0.136583146969793,-0.136583146969793,0.136583146969793
0.000834000000000014,-4.31961708596396,-2.94870553490667,2.13137582445805,-0.137091155105722,-0.137091155105729,-0.137091155105729,0.137091155105729
0.000835000000000014,-4.3037101350195,-2.92775321449246,2.11761625525278,-0.137595692052699,-0.137595692052704,-0.137595692052704,0.137595692052704
0.000836000000000014,-4.28763328096804,-2.90666588797171,2.10380658132282,-0.138096739299627,-0.138096739299633,-0.138096739299633,0.138096739299633
0.000837000000000014,-4.27138715849625,-2.88544437397247,2.08994715347758,-0.138594278452375,-0.138594278452378,-0.138594278452378,0.138594278452378
0.000838000000000014,-4.25497240897323,-2.86408949662847,2.07603832435414,-0.139088291234475,-0.139088291234476,-0.139088291234476,0.139088291234476
0.000839000000000014,-4.23838968042518,-2.84260208554647,2.06208044840535,-0.139578759487868,-0.139578759487871,-0.139578759487872,0.139578759487872
0.000840000000000014,-4.22163962750984,-2.82098297577346,2.04807388188798,-0.140065665173639,-0.140065665173638,-0.140065665173638,0.140065665173638
0.000841000000000014,-4.20472291149061,-2.79923300776362,2.03401898285072,-0.140548990372698,-0.140548990372699,-0.140548990372699,0.140548990372699
0.000842000000000014,-4.18764020021047,-2.77735302734501,2.01991611112206,-0.141028717286549,-0.141028717286546,-0.141028717286546,0.141028717286546
0.000843000000000014,-4.17039216806561,-2.75534388568617,2.00576562829827,-0.141504828237937,-0.141504828237944,-0.141504828237944,0.141504828237944
0.000844000000000014,-4.15297949597882,-2.73320643926238,1.9915678977311,-0.141977305671641,-0.141977305671644,-0.141977305671644,0.141977305671644
0.000845000000000014,-4.13540287137256,-2.71094154982179,1.97732328451559,-0.142446132155079,-0.142446132155077,-0.142446132155077,0.142446132155077
0.000846000000000014,-4.11766298814189,-2.68855008435128,1.96303215547769,-0.142911290379057,-0.14291129037906,-0.14291129037906,0.14291129037906
0.000847000000000014,-4.09976054662701,-2.6660329150422,1.94869487916184,-0.14337276315848,-0.143372763158481,-0.143372763158481,0.143372763158481
0.000848000000000014,-4.08169625358566,-2.64339091925578,1.93431182581854,-0.143830533432985,-0.143830533432988,-0.143830533432988,0.143830533432988
0.000849000000000014,-4.06347082216521,-2.62062497948845,1.91988336739177,-0.144284584267675,-0.144284584267676,-0.144284584267676,0.144284584267676
0.000850000000000014,-4.04508497187448,-2.59773598333687,1.9054098775064,-0.14473489885376,-0.14473489885376,-0.14473489885376,0.14473489885376
0.000851000000000014,-4.02653942855535,-2.57472482346282,1.89089173145547,-0.145181460509249,-0.145181460509252,-0.145181460509252,0.145181460509252
0.000852000000000014,-4.00783492435412,-2.55159239755785,1.87632930618751,-0.145624252679626,-0.145624252679627,-0.145624252679627,0.145624252679627
0.000853000000000014,-3.98897219769259,-2.52833960830772,1.86172298029366,-0.146063258938485,-0.146063258938487,-0.146063258938487,0.146063258938487
0.000854000000000014,-3.9699519932389,-2.50496736335668,1.84707313399484,-0.14649846298822,-0.146498462988222,-0.146498462988222,0.146498462988222
0.000855000000000014,-3.95077506187818,-2.48147657527156,1.83238014912877,-0.146929848660662,-0.146929848660662,-0.146929848660662,0.146929848660662
0.000856000000000014,-3.93144216068282,-2.45786816150555,1.817644409137,-0.147357399917722,-0.147357399917726,-0.147357399917726,0.147357399917726
0.000857000000000014,-3.91195405288266,-2.43414304436198,1.8028662990518,-0.147781100852067,-0.147781100852068,-0.147781100852068,0.147781100852068
0.000858000000000014,-3.89231150783483,-2.41030215095772,1.78804620548302,-0.148200935687708,-0.148200935687712,-0.148200935687712,0.148200935687712
0.000859000000000014,-3.87251530099338,-2.38634641318647,1.77318451660496,-0.14861688878069,-0.148616888780691,-0.148616888780691,0.148616888780691
0.000860000000000014,-3.85256621387866,-2.36227676768192,1.75828162214299,-0.149028944619671,-0.149028944619673,-0.149028944619673,0.149028944619674
0.000861000000000014,-3.83246503404646,-2.33809415578058,1.74333791336033,-0.149437087826585,-0.149437087826588,-0.149437087826588,0.149437087826588
0.000862000000000014,-3.81221255505695,-2.31379952348454,1.72835378304461,-0.149841303157239,-0.149841303157241,-0.149841303157241,0.149841303157241
0.000863000000000014,-3.79180957644331,-2.28939382142399,1.71332962549441,-0.15024157550193,-0.150241575501932,-0.150241575501932,0.150241575501932
0.000864000000000015,-3.77125690368022,-2.26487800481957,1.69826583650581,-0.150637889886065,-0.150637889886065,-0.150637889886065,0.150637889886065
0.000865000000000015,-3.750555348152,-2.24025303344454,1.68316281335873,-0.151030231470741,-0.151030231470745,-0.151030231470745,0.151030231470745
0.000866000000000015,-3.72970572712061,-2.21551987158676,1.66802095480339,-0.151418585553385,-0.151418585553384,-0.151418585553384,0.151418585553384
0.000867000000000015,-3.70870886369339,-2.19067948801049,1.65284066104657,-0.151802937568286,-0.15180293756829,-0.15180293756829,0.15180293756829
0.000868000000000015,-3.68756558679056,-2.165732855918,1.63762233373784,-0.152183273087256,-0.152183273087256,-0.152183273087256,0.152183273087256
0.000869000000000015,-3.66627673111249,-2.14068095291107,1.62236637595583,-0.152559577820142,-0.152559577820142,-0.152559577820142,0.152559577820142
0.000870000000000015,-3.64484313710674,-2.11552476095217,1.60707319219428,-0.152931837615458,-0.152931837615457,-0.152931837615457,0.152931837615457
0.000871000000000015,-3.62326565093492,-2.09026526632567,1.59174318834819,-0.153300038460922,-0.153300038460924,-0.153300038460924,0.153300038460924
0.000872000000000015,-3.60154512443921,-2.06490345959867,1.57637677169978,-0.153664166484055,-0.153664166484054,-0.153664166484054,0.153664166484054
0.000873000000000015,-3.57968241510883,-2.03944033558181,1.56097435090451,-0.154024207952703,-0.154024207952703,-0.154024207952703,0.154024207952703
0.000874000000000015,-3.5576783860461,-2.01387689328981,1.54553633597695,-0.154380149275626,-0.154380149275629,-0.154380149275629,0.154380149275629
0.000875000000000015,-3.53553390593241,-1.98821413590194,1.53006313827664,-0.154731977003046,-0.154731977003047,-0.154731977003047,0.154731977003047
0.000876000000000015,-3.51324984899392,-1.96245307072223,1.51455517049393,-0.155079677827168,-0.155079677827169,-0.155079677827169,0.155079677827169
0.000877000000000015,-3.49082709496703,-1.93659470913957,1.49901284663565,-0.155423238582744,-0.155423238582746,-0.155423238582746,0.155423238582746
0.000878000000000015,-3.46826652906369,-1.91064006658763,1.48343658201089,-0.155762646247606,-0.155762646247606,-0.155762646247606,0.155762646247606
0.000879000000000015,-3.4455690419364,-1.88459016250462,1.46782679321658,-0.156097887943178,-0.156097887943178,-0.156097887943178,0.156097887943178
0.000880000000000015,-3.4227355296431,-1.8584460202929,1.45218389812307,-0.156428950935017,-0.15642895093502,-0.15642895093502,0.15642895093502
0.000881000000000015,-3.39976689361175,-1.83220866727842,1.43650831585974,-0.156755822633332,-0.156755822633334,-0.156755822633334,0.156755822633334
0.000882000000000015,-3.37666404060478,-1.80587913466997,1.42080046680039,-0.157078490593481,-0.157078490593481,-0.157078490593481,0.157078490593481
0.000883000000000015,-3.35342788268325,-1.77945845751838,1.40506077254874,-0.157396942516486,-0.157396942516488,-0.157396942516488,0.157396942516488
0.000884000000000015,-3.33005933717091,-1.75294767467543,1.38928965592379,-0.157711166249546,-0.157711166249547,-0.157711166249547,0.157711166249547
0.000885000000000015,-3.30655932661791,-1.72634782875273,1.37348754094514,-0.158021149786518,-0.158021149786517,-0.158021149786517,0.158021149786517
0.000886000000000015,-3.28292877876443,-1.69965996608035,1.3576548528183,-0.158326881268407,-0.158326881268407,-0.158326881268407,0.158326881268407
0.000887000000000015,-3.25916862650404,-1.67288513666538,1.34179201791991,-0.158628348983865,-0.158628348983866,-0.158628348983866,0.158628348983866
0.000888000000000015,-3.23527980784686,-1.64602439415027,1.32589946378294,-0.158925541369659,-0.158925541369659,-0.158925541369659,0.158925541369659
0.000889000000000015,-3.21126326588256,-1.61907879577112,1.30997761908183,-0.159218447011142,-0.159218447011144,-0.159218447011144,0.159218447011144
0.000890000000000015,-3.18711994874308,-1.59204940231571,1.29402691361756,-0.159507054642736,-0.159507054642738,-0.159507054642738,0.159507054642738
0.000891000000000015,-3.16285080956525,-1.56493727808149,1.27804777830272,-0.159791353148375,-0.159791353148376,-0.159791353148376,0.159791353148376
0.000892000000000015,-3.13845680645313,-1.53774349083339,1.26204064514652,-0.160071331561973,-0.160071331561974,-0.160071331561974,0.160071331561974
0.000893000000000015,-3.11393890244019,-1.51046911176145,1.24600594723973,-0.160346979067874,-0.160346979067874,-0.160346979067874,0.160346979067874
0.000894000000000015,-3.0892980654513,-1.48311521543838,1.22994411873961,-0.160618285001293,-0.160618285001292,-0.160618285001292,0.160618285001292
0.000895000000000015,-3.0645352682645,-1.45568287977695,1.21385559485473,-0.160885238848756,-0.160885238848755,-0.160885238848755,0.160885238848755
0.000896000000000015,-3.03965148847265,-1.42817318598728,1.19774081182988,-0.161147830248536,-0.161147830248537,-0.161147830248537,0.161147830248537
0.000897000000000015,-3.01464770844474,-1.40058721853391,1.18160020693077,-0.161406048991082,-0.161406048991083,-0.161406048991083,0.161406048991083
0.000898000000000015,-2.98952491528721,-1.37292606509285,1.16543421842882,-0.161659885019436,-0.161659885019436,-0.161659885019436,0.161659885019436
0.000899000000000015,-2.96428410080491,-1.34519081650846,1.14924328558586,-0.161909328429646,-0.161909328429645,-0.161909328429645,0.161909328429645
0.000900000000000015,-2.93892626146198,-1.31738256675014,1.13302784863874,-0.162154369471186,-0.162154369471184,-0.162154369471184,0.162154369471184
0.000901000000000015,-2.91345239834249,-1.289502412869,1.11678834878401,-0.162394998547346,-0.162394998547349,-0.162394998547349,0.162394998547349
0.000902000000000015,-2.88786351711094,-1.26155145495433,1.10052522816244,-0.16263120621566,-0.162631206215661,-0.162631206215661,0.162631206215661
0.000903000000000015,-2.86216062797256,-1.23353079609001,1.08423892984361,-0.162862983188254,-0.162862983188254,-0.162862983188254,0.162862983188254
0.000904000000000015,-2.83634474563338,-1.20544154231072,1.06792989781039,-0.163090320332266,-0.163090320332266,-0.163090320332266,0.163090320332266
0.000905000000000015,-2.81041688926025,-1.17728480255808,1.05159857694337,-0.163313208670215,-0.163313208670217,-0.163313208670217,0.163313208670217
0.000906000000000016,-2.78437808244054,-1.14906168863673,1.03524541300533,-0.163531639380379,-0.163531639380381,-0.163531639380381,0.163531639380381
0.000907000000000016,-2.75822935314174,-1.12077331517014,1.01887085262561,-0.163745603797159,-0.16374560379716,-0.16374560379716,0.16374560379716
0.000908000000000016,-2.73197173367094,-1.09242079955649,1.00247534328447,-0.163955093411443,-0.163955093411444,-0.163955093411444,0.163955093411444
0.000909000000000016,-2.70560626063397,-1.0640052619243,0.986059333297372,-0.164160099870966,-0.164160099870967,-0.164160099870967,0.164160099870967
0.000910000000000016,-2.67913397489457,-1.03552782508802,0.969623271799307,-0.164360614980655,-0.164360614980655,-0.164360614980655,0.164360614980655
0.000911000000000016,-2.65255592153325,-1.00698961450347,0.953167608729009,-0.164556630702977,-0.164556630702979,-0.164556630702979,0.164556630702979
0.000912000000000016,-2.62587314980606,-0.978391758223237,0.936692794813181,-0.164748139158282,-0.164748139158282,-0.164748139158282,0.164748139158282
0.000913000000000016,-2.59908671310313,-0.949735386851901,0.920199281550668,-0.164935132625124,-0.164935132625123,-0.164935132625123,0.164935132625123
0.000914000000000016,-2.57219766890711,-0.921021633501186,0.903687521196609,-0.165117603540592,-0.165117603540592,-0.165117603540592,0.165117603540592
0.000915000000000016,-2.54520707875143,-0.892251633745017,0.887157966746545,-0.16529554450064,-0.165295544500641,-0.165295544500641,0.165295544500641
0.000916000000000016,-2.51811600817838,-0.863426525574467,0.870611071920506,-0.16546894826039,-0.165468948260391,-0.165468948260391,0.165468948260391
0.000917000000000016,-2.49092552669702,-0.834547449352615,0.854047291147062,-0.165637807734442,-0.165637807734441,-0.165637807734441,0.165637807734441
0.000918000000000016,-2.46363670774103,-0.8056155477693,0.837467079547345,-0.165802115997172,-0.165802115997173,-0.165802115997173,0.165802115997173
0.000919000000000016,-2.43625062862623,-0.776631965795787,0.82087089291904,-0.165961866283042,-0.165961866283044,-0.165961866283044,0.165961866283044
0.000920000000000016,-2.40876837050814,-0.74759785063934,0.804259187720352,-0.16611705198688,-0.16611705198688,-0.16611705198688,0.16611705198688
0.000921000000000016,-2.38119101833926,-0.718514351697705,0.787632421053937,-0.166267666664156,-0.166267666664155,-0.166267666664155,0.166267666664155
0.000922000000000016,-2.35351966082622,-0.689382620513506,0.77099105065081,-0.166413704031271,-0.166413704031272,-0.166413704031272,0.166413704031272
0.000923000000000016,-2.32575539038685,-0.66020381072855,0.754335534854227,-0.16655515796583,-0.16655515796583,-0.16655515796583,0.16655515796583
0.000924000000000016,-2.29789930310699,-0.630979078038054,0.737666332603537,-0.166692022506894,-0.166692022506894,-0.166692022506894,0.166692022506894
0.000925000000000016,-2.26995249869729,-0.601709580144783,0.720983903418012,-0.16682429185525,-0.16682429185525,-0.16682429185525,0.16682429185525
0.000926000000000016,-2.24191608044971,-0.572396476713115,0.704288707380647,-0.166951960373659,-0.16695196037366,-0.16695196037366,0.16695196037366
0.000927000000000016,-2.21379115519406,-0.543040929323014,0.687581205121936,-0.167075022587103,-0.167075022587104,-0.167075022587104,0.167075022587104
0.000928000000000016,-2.18557883325421,-0.513644101423941,0.670861857803634,-0.167193473183027,-0.167193473183027,-0.167193473183027,0.167193473183027
0.000929000000000016,-2.15728022840434,-0.484207158288678,0.654131127102477,-0.167307307011566,-0.167307307011566,-0.167307307011566,0.167307307011566
0.000930000000000016,-2.12889645782491,-0.454731266967084,0.637389475193899,-0.167416519085782,-0.167416519085782,-0.167416519085782,0.167416519085782
0.000931000000000016,-2.10042864205857,-0.425217596239774,0.620637364735711,-0.167521104581879,-0.16752110458188,-0.16752110458188,0.16752110458188
0.000932000000000016,-2.07187790496596,-0.395667316571738,0.603875258851769,-0.167621058839422,-0.167621058839422,-0.167621058839422,0.167621058839422
0.000933000000000016,-2.04324537368128,-0.366081600065879,0.587103621115615,-0.16771637736154,-0.16771637736154,-0.16771637736154,0.16771637736154
0.000934000000000016,-2.01453217856785,-0.336461620416494,0.570322915534101,-0.167807055815136,-0.167807055815135,-0.167807055815135,0.167807055815135
0.000935000000000016,-1.98573945317344,-0.306808552862688,0.553533606530994,-0.167893090031074,-0.167893090031075,-0.167893090031075,0.167893090031075
0.000936000000000016,-1.95686833418554,-0.277123574141723,0.536736158930555,-0.167974476004381,-0.167974476004382,-0.167974476004382,0.167974476004382
0.000937000000000016,-1.92791996138651,-0.247407862442308,0.519931037941114,-0.16805120989442,-0.16805120989442,-0.16805120989442,0.16805120989442
0.000938000000000016,-1.89889547760853,-0.217662597357833,0.503118709138607,-0.168123288025069,-0.16812328802507,-0.16812328802507,0.16812328802507
0.000939000000000016,-1.86979602868853,-0.187888959839538,0.486299638450117,-0.168190706884899,-0.168190706884899,-0.168190706884899,0.168190706884899
0.000940000000000016,-1.84062276342291,-0.158088132149636,0.469474292137384,-0.168253463127327,-0.168253463127328,-0.168253463127328,0.168253463127328
0.000941000000000016,-1.81137683352225,-0.128261297814378,0.452643136780305,-0.168311553570787,-0.168311553570787,-0.168311553570787,0.168311553570787
0.000942000000000016,-1.78205939356577,-0.0984096415770643,0.435806639260418,-0.16836497519887,-0.168364975198871,-0.168364975198871,0.168364975198871
0.000943000000000016,-1.75267160095581,-0.0685343493510088,0.41896526674437,-0.16841372516048,-0.16841372516048,-0.16841372516048,0.16841372516048
0.000944000000000016,-1.7232146158721,-0.0386366081724576,0.402119486667374,-0.168457800769964,-0.168457800769964,-0.168457800769964,0.168457800769964
0.000945000000000016,-1.69368960122597,-0.00871760615345726,0.385269766716649,-0.168497199507251,-0.168497199507251,-0.168497199507251,0.168497199507251
0.000946000000000016,-1.66409772261444,0.0212214675653179,0.368416574814851,-0.168531919017976,-0.168531919017976,-0.168531919017976,0.168531919017976
0.000947000000000017,-1.63444014827422,0.0511794228617824,0.351560379103491,-0.1685619571136,-0.1685619571136,-0.1685619571136,0.1685619571136
0.000948000000000017,-1.60471804903556,0.0811550686796955,0.334701647926339,-0.168587311771525,-0.168587311771525,-0.168587311771525,0.168587311771525
0.000949000000000017,-1.57493259827603,0.111147213075958,0.317840849812819,-0.168607981135198,-0.168607981135199,-0.168607981135199,0.168607981135199
0.000950000000000017,-1.54508497187424,0.14115466326794,0.300978453461397,-0.168623963514218,-0.168623963514218,-0.168623963514218,0.168623963514218
0.000951000000000017,-1.51517634816337,0.171176225680851,0.284114927722955,-0.168635257384422,-0.168635257384422,-0.168635257384422,0.168635257384422
0.000952000000000017,-1.48520790788468,0.201210705995138,0.267250741584157,-0.168641861387981,-0.168641861387981,-0.168641861387981,0.168641861387981
0.000953000000000017,-1.45518083414086,0.231256909193911,0.250386364150809,-0.168643774333477,-0.168643774333477,-0.168643774333477,0.168643774333477
0.000954000000000017,-1.42509631234938,0.261313639610413,0.233522264631211,-0.168640995195979,-0.168640995195979,-0.168640995195979,0.168640995195979
0.000955000000000017,-1.39495553019564,0.291379700975493,0.2166589123195,-0.168633523117114,-0.168633523117114,-0.168633523117113,0.168633523117114
0.000956000000000017,-1.36475967758612,0.321453896465129,0.199796776578987,-0.168621357405124,-0.168621357405125,-0.168621357405125,0.168621357405125
0.000957000000000017,-1.33450994660137,0.351535028747956,0.182936326825494,-0.168604497534933,-0.168604497534933,-0.168604497534933,0.168604497534933
0.000958000000000017,-1.30420753144898,0.381621900032829,0.166078032510676,-0.16858294314818,-0.16858294314818,-0.16858294314818,0.16858294314818
0.000959000000000017,-1.2738536284164,0.411713312116393,0.149222363105348,-0.168556694053279,-0.168556694053279,-0.168556694053279,0.168556694053279
0.000960000000000017,-1.24344943582376,0.441808066430684,0.132369788082804,-0.168525750225445,-0.168525750225445,-0.168525750225445,0.168525750225445
0.000961000000000017,-1.21299615397652,0.471904964090734,0.115520776902131,-0.168490111806726,-0.168490111806726,-0.168490111806726,0.168490111806726
0.000962000000000017,-1.18249498511811,0.502002805942198,0.0986757989915279,-0.16844977910603,-0.168449779106031,-0.168449779106031,0.168449779106031
0.000963000000000017,-1.15194713338244,0.532100392608993,0.0818353237316136,-0.168404752599143,-0.168404752599143,-0.168404752599143,0.168404752599143
0.000964000000000017,-1.12135380474639,0.562196524540939,0.0649998204387403,-0.168355032928733,-0.168355032928733,-0.168355032928733,0.168355032928733
0.000965000000000017,-1.09071620698219,0.592290002061421,0.0481697583483042,-0.168300620904361,-0.168300620904361,-0.168300620904361,0.168300620904361
0.000966000000000017,-1.06003554960975,0.622379625415045,0.0313456065980563,-0.16824151750248,-0.16824151750248,-0.16824151750248,0.16824151750248
0.000967000000000017,-1.02931304384888,0.652464194815309,0.0145278342114143,-0.168177723866419,-0.168177723866419,-0.168177723866419,0.168177723866419
0.000968000000000017,-0.998549902571511,0.68254251049227,-0.00228308991922349,-0.168109241306378,-0.168109241306378,-0.168109241306378,0.168109241306378
0.000969000000000017,-0.967747340253776,0.712613372740216,-0.0190866970491634,-0.168036071299399,-0.168036071299399,-0.168036071299399,0.168036071299399
0.000970000000000017,-0.936906572928096,0.742675581965332,-0.0358825185980977,-0.167958215489343,-0.167958215489343,-0.167958215489343,0.167958215489343
0.000971000000000017,-0.906028818135159,0.77272793873337,-0.052670086166783,-0.167875675686853,-0.167875675686853,-0.167875675686853,0.167875675686853
0.000972000000000017,-0.875115294875851,0.802769243817307,-0.0694489315537146,-0.167788453869316,-0.167788453869316,-0.167788453869316,0.167788453869316
0.000973000000000017,-0.844167223563138,0.832798298245003,-0.086218586771796,-0.167696552180814,-0.167696552180814,-0.167696552180814,0.167696552180814
0.000974000000000017,-0.813185825973886,0.862813903346843,-0.102978584065003,-0.167599972932073,-0.167599972932073,-0.167599972932073,0.167599972932073
0.000975000000000017,-0.782172325200621,0.89281486080338,-0.119728455925043,-0.1674987186004,-0.1674987186004,-0.1674987186004,0.1674987186004
0.000976000000000017,-0.75112794560325,0.92279997269295,-0.136467735108005,-0.16739279182962,-0.16739279182962,-0.16739279182962,0.16739279182962
0.000977000000000017,-0.720053912760728,0.952768041539282,-0.153195954651005,-0.167282195430001,-0.167282195430001,-0.167282195430001,0.167282195430001
0.000978000000000017,-0.68895145342266,0.982717870359102,-0.169912647888823,-0.167166932378176,-0.167166932378176,-0.167166932378176,0.167166932378176
0.000979000000000017,-0.657821795460884,1.0126482627097,-0.186617348470529,-0.167047005817058,-0.167047005817058,-0.167047005817058,0.167047005817058
0.000980000000000017,-0.626666167820995,1.04255802273647,-0.203309590376104,-0.166922419055747,-0.166922419055747,-0.166922419055747,0.166922419055747
0.000981000000000017,-0.595485800473825,1.07244595522049,-0.219988907933047,-0.166793175569432,-0.166793175569432,-0.166793175569431,0.166793175569432
0.000982000000000017,-0.564281924366887,1.10231086562597,-0.236654835832975,-0.166659278999286,-0.166659278999286,-0.166659278999286,0.166659278999286
0.000983000000000017,-0.53305577137578,1.13215156014778,-0.253306909148211,-0.166520733152356,-0.166520733152356,-0.166520733152356,0.166520733152356
0.000984000000000017,-0.501808574255557,1.1619668457589,-0.269944663348356,-0.166377542001445,-0.166377542001445,-0.166377542001445,0.166377542001445
0.000985000000000016,-0.470541566592057,1.19175553025782,-0.286567634316854,-0.166229709684988,-0.166229709684988,-0.166229709684988,0.166229709684988
0.000986000000000016,-0.439255982753203,1.22151642231599,-0.303175358367546,-0.16607724050692,-0.16607724050692,-0.16607724050692,0.16607724050692
0.000987000000000016,-0.407953057840278,1.25124833152513,-0.319767372261201,-0.165920138936541,-0.165920138936541,-0.165920138936541,0.165920138936541
0.000988000000000016,-0.376634027639156,1.28095006844459,-0.336343213222038,-0.165758409608374,-0.165758409608374,-0.165758409608374,0.165758409608374
0.000989000000000016,-0.345300128571524,1.31062044464862,-0.352902418954239,-0.165592057322014,-0.165592057322014,-0.165592057322014,0.165592057322014
0.000990000000000016,-0.313952597646064,1.34025827277364,-0.369444527658436,-0.165421087041971,-0.165421087041971,-0.165421087041971,0.165421087041971
0.000991000000000016,-0.282592672409622,1.36986236656547,-0.385969078048187,-0.16524550389751,-0.165245503897509,-0.165245503897509,0.165245503897509
0.000992000000000016,-0.25122159089835,1.39943154092645,-0.402475609366436,-0.165065313182481,-0.16506531318248,-0.16506531318248,0.16506531318248
0.000993000000000016,-0.219840591588829,1.42896461196261,-0.41896366140195,-0.164880520355144,-0.164880520355144,-0.164880520355144,0.164880520355144
0.000994000000000016,-0.18845091334918,1.45846039703072,-0.435432774505749,-0.16469113103799,-0.16469113103799,-0.16469113103799,0.16469113103799
0.000995000000000016,-0.157053795390151,1.48791771478536,-0.451882489607504,-0.164497151017551,-0.164497151017551,-0.164497151017551,0.164497151017551
0.000996000000000016,-0.125650477216199,1.51733538522585,-0.468312348231925,-0.164298586244206,-0.164298586244205,-0.164298586244205,0.164298586244205
0.000997000000000015,-0.0942421985765555,1.54671222974324,-0.484721892515123,-0.164095442831979,-0.164095442831979,-0.164095442831979,0.164095442831979
0.000998000000000015,-0.0628301994162803,1.57604707116712,-0.501110665220957,-0.163887727058341,-0.16388772705834,-0.16388772705834,0.16388772705834
0.000999000000000015,-0.0314157198273146,1.60533873381252,-0.517478209757355,-0.163675445363984,-0.163675445363984,-0.163675445363983,0.163675445363983
0.00100000000000002,4.77511368120187E-13,1.63458604352659,-0.533824070192616,-0.163458604352612,-0.163458604352612,-0.163458604352612,0.163458604352612
0.00100100000000002,0.0314157198282696,1.66378782773538,-0.550147791271688,-0.163237210790712,-0.163237210790711,-0.163237210790711,0.163237210790711
0.00100200000000002,0.0628301994172352,1.69294291549042,-0.56644891843242,-0.16301127160732,-0.163011271607319,-0.163011271607319,0.163011271607319
0.00100300000000001,0.0942421985775104,1.72205013751536,-0.582726997821798,-0.162780793893785,-0.162780793893785,-0.162780793893785,0.162780793893785
0.00100400000000001,0.125650477217154,1.75110832625244,-0.598981576312151,-0.162545784903528,-0.162545784903528,-0.162545784903528,0.162545784903528
0.00100500000000001,0.157053795391106,1.78011631590896,-0.61521220151733,-0.162306252051787,-0.162306252051786,-0.162306252051786,0.162306252051786
0.00100600000000001,0.188450913350134,1.80907294250368,-0.631418421808865,-0.162062202915355,-0.162062202915355,-0.162062202915355,0.162062202915354
0.00100700000000001,0.219840591589783,1.83797704391308,-0.647599786332098,-0.16181364523233,-0.16181364523233,-0.16181364523233,0.16181364523233
0.00100800000000001,0.251221590899304,1.86682745991766,-0.663755845022282,-0.161560586901837,-0.161560586901836,-0.161560586901836,0.161560586901836
0.00100900000000001,0.282592672410576,1.89562303224807,-0.679886148620657,-0.16130303598375,-0.161303035983749,-0.161303035983749,0.161303035983749
0.00101000000000001,0.313952597647017,1.92436260463119,-0.695990248690499,-0.161041000698419,-0.161041000698417,-0.161041000698417,0.161041000698417
0.00101100000000001,0.345300128572476,1.95304502283618,-0.712067697633136,-0.160774489426371,-0.16077448942637,-0.16077448942637,0.16077448942637
0.00101200000000001,0.376634027640108,1.98166913472039,-0.728118048703938,-0.160503510708028,-0.160503510708028,-0.160503510708028,0.160503510708028
0.00101300000000001,0.407953057841229,2.0102337902752,-0.744140856028278,-0.160228073243398,-0.160228073243397,-0.160228073243397,0.160228073243397
0.00101400000000001,0.439255982754155,2.03873784167184,-0.760135674617455,-0.159948185891768,-0.159948185891768,-0.159948185891768,0.159948185891768
0.00101500000000001,0.470541566593008,2.067180143307,-0.776102060384595,-0.1596638576714,-0.159663857671399,-0.159663857671399,0.159663857671399
0.00101600000000001,0.501808574256507,2.09555955184849,-0.792039570160515,-0.159375097759199,-0.159375097759198,-0.159375097759198,0.159375097759198
0.00101700000000001,0.53305577137673,2.12387492628072,-0.807947761709555,-0.1590819154904,-0.159081915490399,-0.159081915490399,0.159081915490399
0.00101800000000001,0.564281924367836,2.15212512795013,-0.823826193745378,-0.15878432035823,-0.15878432035823,-0.15878432035823,0.15878432035823
0.00101900000000001,0.595485800474773,2.18030902061051,-0.839674425946735,-0.158482322013574,-0.158482322013574,-0.158482322013574,0.158482322013574
0.00102000000000001,0.626666167821943,2.20842547046824,-0.855492018973198,-0.15817593026463,-0.15817593026463,-0.15817593026463,0.15817593026463
0.00102100000000001,0.657821795461831,2.23647334622742,-0.871278534480854,-0.157865155076559,-0.157865155076559,-0.157865155076559,0.157865155076559
0.00102200000000001,0.688951453423606,2.26445151913492,-0.887033535137968,-0.157550006571132,-0.157550006571132,-0.157550006571132,0.157550006571132
0.00102300000000001,0.720053912761673,2.29235886302533,-0.902756584640604,-0.157230495026366,-0.157230495026365,-0.157230495026365,0.157230495026365
0.00102400000000001,0.751127945604195,2.32019425436575,-0.91844724772822,-0.156906630876157,-0.156906630876156,-0.156906630876156,0.156906630876156
0.00102500000000001,0.782172325201561,2.34795657230062,-0.934105090199211,-0.156578424709907,-0.156578424709906,-0.156578424709906,0.156578424709906
0.00102600000000001,0.813185825974821,2.37564469869626,-0.949729678926425,-0.156245887272145,-0.156245887272144,-0.156245887272144,0.156245887272144
0.00102700000000001,0.84416722356407,2.40325751818545,-0.965320581872639,-0.15590902946214,-0.155909029462138,-0.155909029462138,0.155909029462138
0.00102800000000001,0.875115294876778,2.43079391821184,-0.98087736810599,-0.155567862333506,-0.155567862333506,-0.155567862333506,0.155567862333506
0.00102900000000001,0.906028818136081,2.45825278907425,-0.996399607815371,-0.155222397093817,-0.155222397093817,-0.155222397093817,0.155222397093817
0.00103000000000001,0.936906572929014,2.48563302397089,-1.01188687232579,-0.154872645104188,-0.154872645104187,-0.154872645104187,0.154872645104187
0.00103100000000001,0.967747340254689,2.51293351904341,-1.02733873411368,-0.154518617878874,-0.154518617878872,-0.154518617878872,0.154518617878872
0.00103200000000001,0.99854990257242,2.54015317342089,-1.04275476682216,-0.154160327084849,-0.154160327084847,-0.154160327084847,0.154160327084847
0.00103300000000001,1.02931304384979,2.56729088926372,-1.0581345452763,-0.153797784541394,-0.153797784541393,-0.153797784541393,0.153797784541393
0.00103400000000001,1.06003554961065,2.59434557180728,-1.07347764549827,-0.153431002219662,-0.153431002219663,-0.153431002219663,0.153431002219663
0.00103500000000001,1.09071620698309,2.62131612940559,-1.08878364472249,-0.15305999224225,-0.15305999224225,-0.15305999224225,0.15305999224225
0.00103600000000001,1.12135380474728,2.64820147357479,-1.10405212141077,-0.152684766882754,-0.152684766882751,-0.152684766882751,0.152684766882751
0.00103700000000001,1.15194713338332,2.67500051903653,-1.1192826552673,-0.152305338565324,-0.152305338565321,-0.152305338565321,0.152305338565321
0.00103800000000001,1.18249498511899,2.70171218376119,-1.13447482725372,-0.151921719864221,-0.15192171986422,-0.15192171986422,0.15192171986422
0.00103900000000001,1.2129961539774,2.72833538901098,-1.14962821960406,-0.151533923503357,-0.151533923503358,-0.151533923503358,0.151533923503358
0.00104000000000001,1.24344943582463,2.75486905938299,-1.16474241583964,-0.151141962355836,-0.151141962355836,-0.151141962355836,0.151141962355836
0.00104100000000001,1.27385362841727,2.78131212285199,-1.17981700078399,-0.150745849443472,-0.150745849443472,-0.150745849443472,0.150745849443472
0.00104200000000001,1.30420753144984,2.80766351081317,-1.19485156057762,-0.150345597936334,-0.150345597936333,-0.150345597936333,0.150345597936333
0.00104300000000001,1.33450994660223,2.83392215812474,-1.20984568269285,-0.149941221152252,-0.149941221152251,-0.149941221152251,0.149941221152251
0.00104400000000001,1.36475967758697,2.86008700315039,-1.22479895594848,-0.149532732556341,-0.149532732556342,-0.149532732556341,0.149532732556341
0.00104500000000001,1.39495553019649,2.88615698780158,-1.23971097052453,-0.149120145760511,-0.149120145760509,-0.149120145760509,0.149120145760509
0.00104600000000001,1.42509631235022,2.91213105757975,-1.25458131797683,-0.148703474522953,-0.148703474522953,-0.148703474522953,0.148703474522953
0.00104700000000001,1.4551808341417,2.93800816161836,-1.2694095912516,-0.148282732747667,-0.148282732747666,-0.148282732747666,0.148282732747666
0.00104800000000001,1.48520790788551,2.96378725272475,-1.28419538469999,-0.147857934483924,-0.147857934483924,-0.147857934483924,0.147857934483924
0.00104900000000001,1.5151763481642,2.98946728742192,-1.29893829409256,-0.147429093925773,-0.147429093925772,-0.147429093925772,0.147429093925772
0.00105000000000001,1.54508497187507,3.01504722599016,-1.31363791663372,-0.146996225411511,-0.14699622541151,-0.14699622541151,0.14699622541151
0.00105100000000001,1.57493259827685,3.04052603250846,-1.32829385097603,-0.146559343423163,-0.146559343423161,-0.146559343423161,0.146559343423161
0.00105200000000001,1.60471804903637,3.06590267489585,-1.34290569723463,-0.146118462585949,-0.146118462585948,-0.146118462585948,0.146118462585948
0.00105300000000001,1.63444014827503,3.09117612495256,-1.3574730570014,-0.145673597667753,-0.145673597667753,-0.145673597667753,0.145673597667753
0.00105400000000001,1.66409772261525,3.11634535840102,-1.37199553335926,-0.14522476357858,-0.145224763578577,-0.145224763578577,0.145224763578577
0.00105500000000001,1.69368960122677,3.14140935492672,-1.38647273089626,-0.144771975369997,-0.144771975369995,-0.144771975369995,0.144771975369995
0.00105600000000001,1.72321461587289,3.1663670982189,-1.40090425571972,-0.144315248234603,-0.144315248234601,-0.144315248234601,0.144315248234601
0.00105700000000001,1.7526716009566,3.19121757601113,-1.41528971547027,-0.143854597505455,-0.143854597505453,-0.143854597505453,0.143854597505453
0.00105800000000001,1.78205939356656,3.21595978012162,-1.42962871933582,-0.143390038655506,-0.143390038655507,-0.143390038655507,0.143390038655507
0.00105900000000001,1.81137683352303,3.24059270649354,-1.44392087806552,-0.142921587297051,-0.142921587297051,-0.142921587297051,0.142921587297051
0.00106000000000001,1.84062276342369,3.26511535523498,-1.45816580398363,-0.142449259181132,-0.142449259181129,-0.142449259181129,0.142449259181129
0.00106100000000001,1.8697960286893,3.28952673065892,-1.47236311100333,-0.141973070196963,-0.141973070196963,-0.141973070196963,0.141973070196963
0.00106200000000001,1.8988954776093,3.31382584132296,-1.48651241464047,-0.141493036371367,-0.141493036371367,-0.141493036371367,0.141493036371367
0.00106300000000001,1.92791996138727,3.33801170006884,-1.50061333202728,-0.141009173868158,-0.141009173868157,-0.141009173868157,0.141009173868157
0.00106400000000001,1.9568683341863,3.36208332406188,-1.51466548192604,-0.140521498987558,-0.140521498987558,-0.140521498987558,0.140521498987558
0.00106500000000001,1.98573945317418,3.38603973483019,-1.5286684847426,-0.140030028165601,-0.140030028165601,-0.140030028165601,0.140030028165601
0.00106600000000001,2.01453217856859,3.40987995830376,-1.54262196253995,-0.139534777973518,-0.139534777973517,-0.139534777973516,0.139534777973516
0.00106700000000001,2.04324537368202,3.43360302485328,-1.55652553905166,-0.139035765117126,-0.139035765117126,-0.139035765117126,0.139035765117126
0.00106800000000001,2.07187790496669,3.45720796932893,-1.57037883969529,-0.138533006436226,-0.138533006436224,-0.138533006436223,0.138533006436223
0.00106900000000001,2.1004286420593,3.48069383109885,-1.58418149158568,-0.138026518903955,-0.138026518903955,-0.138026518903955,0.138026518903955
0.00107000000000001,2.12889645782563,3.50405965408754,-1.5979331235483,-0.137516319626192,-0.137516319626192,-0.137516319626191,0.137516319626192
0.00107100000000001,2.15728022840506,3.52730448681402,-1.61163336613239,-0.137002425840898,-0.137002425840897,-0.137002425840897,0.137002425840897
0.00107200000000001,2.18557883325492,3.55042738242984,-1.62528185162414,-0.136484854917491,-0.136484854917492,-0.136484854917491,0.136484854917491
0.00107300000000001,2.21379115519476,3.57342739875686,-1.63887821405976,-0.135963624356212,-0.13596362435621,-0.13596362435621,0.13596362435621
0.00107400000000001,2.24191608045041,3.59630359832495,-1.65242208923851,-0.135438751787458,-0.135438751787454,-0.135438751787453,0.135438751787453
0.00107500000000001,2.26995249869798,3.61905504840937,-1.66591311473562,-0.134910254971143,-0.134910254971139,-0.134910254971139,0.134910254971139
0.00107600000000001,2.29789930310768,3.64168082106809,-1.67935092991523,-0.134378151796042,-0.134378151796041,-0.134378151796041,0.134378151796041
0.00107700000000001,2.32575539038753,3.66417999317882,-1.69273517594314,-0.13384246027913,-0.133842460279128,-0.133842460279128,0.133842460279128
0.00107800000000001,2.3535196608269,3.68655164647591,-1.70606549579963,-0.133303198564905,-0.133303198564901,-0.133303198564901,0.133303198564901
0.00107900000000001,2.38119101833993,3.70879486758706,-1.7193415342921,-0.132760384924711,-0.132760384924713,-0.132760384924713,0.132760384924713
0.00108000000000001,2.40876837050881,3.7309087480698,-1.73256293806771,-0.1322140377561,-0.132214037756099,-0.132214037756099,0.132214037756099
0.00108100000000001,2.43625062862689,3.75289238444781,-1.74572935562592,-0.131664175582094,-0.131664175582092,-0.131664175582092,0.131664175582092
0.00108200000000001,2.46363670774169,3.77474487824703,-1.75884043733097,-0.131110817050533,-0.131110817050534,-0.131110817050534,0.131110817050534
0.00108300000000001,2.49092552669768,3.79646533603156,-1.77189583542431,-0.130553980933388,-0.130553980933388,-0.130553980933388,0.130553980933388
0.00108400000000001,2.51811600817903,3.81805286943943,-1.78489520403692,-0.129993686126042,-0.129993686126041,-0.129993686126041,0.129993686126041
0.00108500000000001,2.54520707875207,3.83950659521806,-1.79783819920158,-0.129429951646602,-0.129429951646599,-0.129429951646599,0.129429951646599
0.00108600000000001,2.57219766890775,3.86082563525961,-1.8107244788651,-0.12886279663519,-0.128862796635186,-0.128862796635186,0.128862796635186
0.00108700000000001,2.59908671310376,3.88200911663609,-1.82355370290042,-0.128292240353236,-0.128292240353233,-0.128292240353233,0.128292240353233
0.00108800000000001,2.62587314980669,3.90305617163426,-1.83632553311869,-0.12771830218276,-0.127718302182758,-0.127718302182757,0.127718302182757
0.00108900000000001,2.65255592153388,3.92396593779038,-1.84903963328126,-0.127141001625652,-0.12714100162565,-0.12714100162565,0.12714100162565
0.00109000000000001,2.67913397489519,3.94473755792465,-1.86169566911155,-0.12656035830295,-0.126560358302947,-0.126560358302947,0.126560358302947
0.00109100000000001,2.70560626063458,3.96537018017556,-1.87429330830697,-0.125976391954101,-0.125976391954098,-0.125976391954098,0.125976391954098
0.00109200000000001,2.73197173367154,3.98586295803394,-1.88683222055059,-0.125389122436241,-0.12538912243624,-0.12538912243624,0.12538912243624
0.00109300000000001,2.75822935314234,4.00621505037684,-1.89931207752293,-0.124798569723448,-0.12479856972345,-0.12479856972345,0.12479856972345
0.00109400000000001,2.78437808244113,4.02642562150121,-1.91173255291353,-0.124204753906008,-0.124204753906009,-0.124204753906008,0.124204753906008
0.00109500000000001,2.81041688926084,4.04649384115734,-1.9240933224325,-0.123607695189654,-0.12360769518965,-0.12360769518965,0.12360769518965
0.00109600000000001,2.83634474563397,4.06641888458206,-1.93639406382198,-0.123007413894811,-0.123007413894809,-0.123007413894809,0.123007413894809
0.00109700000000001,2.86216062797314,4.08619993253183,-1.94863445686757,-0.12240393045587,-0.122403930455869,-0.122403930455869,0.122403930455869
0.00109800000000001,2.88786351711152,4.10583617131548,-1.96081418340961,-0.121797265420402,-0.121797265420397,-0.121797265420397,0.121797265420397
0.00109900000000001,2.91345239834306,4.12532679282684,-1.97293292735445,-0.12118743944838,-0.121187439448379,-0.121187439448379,0.121187439448379
0.00110000000000001,2.93892626146254,4.14467099457706,-1.98499037468559,-0.120574473311454,-0.120574473311452,-0.120574473311452,0.120574473311452
0.00110100000000001,2.96428410080547,4.16386797972679,-1.99698621347481,-0.119958387892136,-0.119958387892132,-0.119958387892132,0.119958387892132
0.00110200000000001,2.98952491528776,4.18291695711807,-2.00892013389311,-0.119339204183033,-0.119339204183031,-0.119339204183031,0.119339204183031
0.00110300000000001,3.01464770844529,4.20181714130607,-2.02079182822172,-0.118716943286081,-0.118716943286078,-0.118716943286078,0.118716943286078
0.00110400000000001,3.03965148847319,4.22056775259052,-2.03260099086289,-0.118091626411738,-0.118091626411733,-0.118091626411733,0.118091626411733
0.00110500000000001,3.06453526826504,4.23916801704697,-2.04434731835071,-0.117463274878196,-0.117463274878193,-0.117463274878193,0.117463274878193
0.00110600000000001,3.08929806545183,4.25761716655784,-2.05603050936177,-0.116831910110604,-0.116831910110601,-0.116831910110601,0.116831910110601
0.00110700000000001,3.11393890244071,4.27591443884316,-2.0676502647258,-0.116197553640243,-0.116197553640244,-0.116197553640244,0.116197553640244
0.00110800000000001,3.13845680645365,4.29405907749117,-2.07920628743617,-0.115560227103755,-0.115560227103752,-0.115560227103752,0.115560227103752
0.00110900000000001,3.16285080956577,4.31205033198864,-2.0906982826604,-0.114919952242287,-0.114919952242287,-0.114919952242287,0.114919952242287
0.00111000000000001,3.18711994874359,4.32988745775096,-2.10212595775047,-0.114276750900739,-0.114276750900737,-0.114276750900737,0.114276750900737
0.00111100000000001,3.21126326588306,4.34756971615202,-2.11348902225316,-0.113630645026901,-0.113630645026896,-0.113630645026896,0.113630645026896
0.00111200000000001,3.23527980784736,4.36509637455385,-2.12478718792023,-0.112981656670645,-0.112981656670649,-0.112981656670649,0.112981656670649
0.00111300000000001,3.25916862650453,4.38246670633596,-2.13602016871854,-0.112329807983147,-0.112329807983143,-0.112329807983143,0.112329807983143
0.00111400000000001,3.28292877876492,4.39967999092458,-2.14718768084014,-0.111675121215971,-0.111675121215967,-0.111675121215967,0.111675121215967
0.00111500000000001,3.30655932661839,4.41673551382152,-2.15828944271217,-0.111017618720317,-0.111017618720313,-0.111017618720313,0.111017618720313
0.00111600000000001,3.33005933717139,4.43363256663288,-2.16932517500679,-0.110357322946149,-0.11035732294615,-0.110357322946149,0.110357322946149
0.00111700000000001,3.35342788268373,4.45037044709747,-2.18029460065092,-0.109694256441375,-0.109694256441375,-0.109694256441375,0.109694256441375
0.00111800000000001,3.37666404060524,4.46694845911504,-2.19119744483602,-0.109028441850985,-0.10902844185098,-0.109028441850979,0.109028441850979
0.00111900000000001,3.39976689361222,4.48336591277421,-2.20203343502764,-0.1083599019162,-0.108359901916199,-0.108359901916199,0.108359901916199
0.00112000000000001,3.42273552964356,4.4996221243802,-2.21280230097501,-0.107688659473664,-0.107688659473664,-0.107688659473664,0.107688659473664
0.00112100000000001,3.44556904193686,4.51571641648229,-2.22350377472046,-0.107014737454545,-0.107014737454544,-0.107014737454544,0.107014737454543
0.001122,3.46826652906414,4.53164811790106,-2.23413759060883,-0.106338158883692,-0.106338158883693,-0.106338158883693,0.106338158883693
0.001123,3.49082709496747,4.54741656375535,-2.24470348529671,-0.105658946878786,-0.105658946878787,-0.105658946878787,0.105658946878787
0.001124,3.51324984899435,4.56302109548898,-2.25520119776166,-0.104977124649461,-0.104977124649462,-0.104977124649462,0.104977124649462
0.001125,3.53553390593284,4.57846106089726,-2.2656304693113,-0.104292715496448,-0.104292715496441,-0.104292715496441,0.104292715496441
0.001126,3.55767838604653,4.5937358141532,-2.27599104359237,-0.103605742810671,-0.103605742810667,-0.103605742810667,0.103605742810667
0.001127,3.57968241510926,4.60884471583349,-2.28628266659961,-0.102916230072427,-0.102916230072424,-0.102916230072424,0.102916230072424
0.001128,3.60154512443963,4.62378713294424,-2.29650508668466,-0.10222420085046,-0.102224200850461,-0.102224200850461,0.102224200850461
0.001129,3.62326565093533,4.63856243894642,-2.30665805456477,-0.101529678801113,-0.10152967880111,-0.10152967880111,0.10152967880111
0.00113,3.64484313710715,4.65317001378113,-2.31674132333151,-0.100832687667398,-0.100832687667398,-0.100832687667398,0.100832687667398
0.001131,3.66627673111289,4.66760924389452,-2.32675464845933,-0.100133251278165,-0.100133251278163,-0.100133251278163,0.100133251278163
0.001132,3.68756558679096,4.68187952226251,-2.33669778781404,-0.0994313935471558,-0.0994313935471554,-0.0994313935471553,0.0994313935471552
0.001133,3.70870886369378,4.69598024841526,-2.34657050166126,-0.0987271384721522,-0.0987271384721477,-0.0987271384721477,0.0987271384721477
0.001134,3.72970572712099,4.70991082846133,-2.35637255267466,-0.0980205101340337,-0.0980205101340341,-0.098020510134034,0.098020510134034
0.001135,3.75055534815238,4.72367067511166,-2.36610370594425,-0.097311532695934,-0.0973115326959285,-0.0973115326959284,0.0973115326959284
0.001136,3.7712569036806,4.73725920770319,-2.37576372898448,-0.0966002304022595,-0.0966002304022598,-0.0966002304022597,0.0966002304022597
0.001137,3.79180957644368,4.75067585222232,-2.38535239174227,-0.0958866275778636,-0.0958866275778633,-0.0958866275778632,0.0958866275778632
0.001138,3.81221255505731,4.76392004132801,-2.39486946660497,-0.0951707486270692,-0.09517074862707,-0.09517074862707,0.0951707486270699
0.001139,3.83246503404682,4.77699121437474,-2.40431472840825,-0.0944526180327943,-0.0944526180327917,-0.0944526180327916,0.0944526180327916
0.00114,3.85256621387901,4.78988881743505,-2.41368795444381,-0.0937322603556101,-0.0937322603556038,-0.0937322603556038,0.0937322603556038
0.001141,3.87251530099374,4.80261230332198,-2.4229889244671,-0.0930097002328267,-0.0930097002328249,-0.0930097002328249,0.0930097002328249
0.001142,3.89231150783518,4.81516113161111,-2.43221742070485,-0.0922849623775956,-0.0922849623775933,-0.0922849623775932,0.0922849623775933
0.001143,3.911954052883,4.82753476866241,-2.44137322786265,-0.0915580715779463,-0.0915580715779408,-0.0915580715779408,0.0915580715779408
0.001144,3.93144216068315,4.83973268764179,-2.45045613313224,-0.0908290526958622,-0.0908290526958634,-0.0908290526958633,0.0908290526958633
0.001145,3.95077506187851,4.8517543685424,-2.45946592619887,-0.0900979306663929,-0.0900979306663893,-0.0900979306663892,0.0900979306663892
0.001146,3.96995199323923,4.86359929820567,-2.46840239924854,-0.0893647304966461,-0.0893647304966439,-0.0893647304966438,0.0893647304966437
0.001147,3.98897219769291,4.87526697034203,-2.47726534697503,-0.0886294772649165,-0.0886294772649122,-0.0886294772649121,0.0886294772649121
0.001148,4.00783492435443,4.88675688555142,-2.486054566587,-0.087892196119701,-0.0878921961196983,-0.0878921961196983,0.0878921961196983
0.001149,4.02653942855566,4.89806855134348,-2.49476985781488,-0.0871529122787829,-0.0871529122787825,-0.0871529122787824,0.0871529122787824
0.00115,4.04508497187479,4.90920148215753,-2.50341102291771,-0.0864116510282775,-0.086411651028275,-0.0864116510282749,0.0864116510282749
0.001151,4.06347082216552,4.92015519938219,-2.51197786668987,-0.0856684377216688,-0.0856684377216678,-0.0856684377216677,0.0856684377216677
0.001152,4.08169625358596,4.9309292313748,-2.52047019646776,-0.084923297778885,-0.0849232977788835,-0.0849232977788834,0.0849232977788834
0.001153,4.0997605466273,4.94152311348052,-2.52888782213629,-0.0841762566853221,-0.0841762566853218,-0.0841762566853217,0.0841762566853217
0.001154,4.11766298814218,4.95193638805121,-2.53723055613539,-0.0834273399909025,-0.0834273399909032,-0.0834273399909031,0.0834273399909031
0.001155,4.13540287137285,4.96216860446395,-2.5454982134663,-0.0826765733091106,-0.0826765733091101,-0.0826765733091101,0.08267657330911
0.001156,4.1529794959791,4.97221931913936,-2.5536906116979,-0.08192398231603,-0.0819239823160264,-0.0819239823160263,0.0819239823160263
0.001157,4.17039216806589,4.98208809555962,-2.56180757097284,-0.081169592749375,-0.0811695927493732,-0.081169592749373,0.081169592749373
0.001158,4.18764020021074,4.99177450428617,-2.56984891401359,-0.0804134304075443,-0.0804134304075432,-0.0804134304075431,0.0804134304075431
0.001159,4.20472291149088,5.0012781229772,-2.57781446612845,-0.0796555211486316,-0.0796555211486327,-0.0796555211486325,0.0796555211486325
0.00116,4.2216396275101,5.01059853640481,-2.5857040552174,-0.0788958908894744,-0.0788958908894704,-0.0788958908894704,0.0788958908894704
0.001161,4.23838968042544,5.0197353364719,-2.59351751177787,-0.0781345656046462,-0.0781345656046455,-0.0781345656046454,0.0781345656046454
0.001162,4.25497240897348,5.0286881222288,-2.60125466891042,-0.077371571325533,-0.0773715713255315,-0.0773715713255315,0.0773715713255315
0.001163,4.2713871584965,5.0374564998896,-2.60891536232435,-0.0766069341393116,-0.0766069341393101,-0.0766069341393099,0.07660693413931
0.001164,4.28763328096828,5.04604008284819,-2.61649943034315,-0.0758406801879907,-0.075840680187991,-0.0758406801879909,0.075840680187991
0.001165,4.30371013501974,5.05443849169404,-2.62400671390989,-0.0750728356674335,-0.0750728356674306,-0.0750728356674306,0.0750728356674306
0.001166,4.3196170859642,5.06265135422768,-2.63143705659253,-0.0743034268263498,-0.0743034268263486,-0.0743034268263485,0.0743034268263485
0.001167,4.33535350582247,5.07067830547589,-2.63879030458906,-0.0735324799653458,-0.0735324799653421,-0.073532479965342,0.0735324799653421
0.001168,4.35091877334764,5.07851898770663,-2.64606630673265,-0.0727600214358981,-0.0727600214358982,-0.0727600214358982,0.0727600214358982
0.001169,4.36631227404962,5.08617305044366,-2.65326491449659,-0.0719860776394032,-0.0719860776394042,-0.0719860776394041,0.0719860776394042
0.00117,4.38153340021933,5.09364015048089,-2.66038598199921,-0.0712106750261565,-0.0712106750261562,-0.0712106750261561,0.0712106750261561
0.001171,4.39658155095279,5.10091995189645,-2.66742936600865,-0.0704338400943705,-0.0704338400943657,-0.0704338400943655,0.0704338400943655
0.001172,4.41145613217478,5.10801212606642,-2.67439492594756,-0.0696555993891712,-0.0696555993891643,-0.0696555993891642,0.0696555993891642
0.001173,4.42615655666229,5.11491635167835,-2.68128252389772,-0.0688759795016125,-0.0688759795016066,-0.0688759795016066,0.0688759795016065
0.001174,4.44068224406773,5.12163231474445,-2.68809202460449,-0.0680950070676722,-0.0680950070676718,-0.0680950070676716,0.0680950070676716
0.001175,4.45503262094185,5.12815970861447,-2.69482329548122,-0.067312708767262,-0.0673127087672622,-0.067312708767262,0.067312708767262
0.001176,4.46920712075632,5.13449823398834,-2.70147620661354,-0.0665291113232058,-0.066529111323202,-0.0665291113232019,0.0665291113232019
0.001177,4.48320518392618,5.14064759892851,-2.70805063076356,-0.0657442415002363,-0.0657442415002328,-0.0657442415002328,0.0657442415002328
0.001178,4.49702625783186,5.14660751887194,-2.71454644337396,-0.0649581261040133,-0.0649581261040082,-0.0649581261040082,0.0649581261040081
0.001179,4.51066979684102,5.15237771664188,-2.72096352257197,-0.0641707919800893,-0.0641707919800869,-0.0641707919800867,0.0641707919800867
0.00118,4.5241352623301,5.15795792245933,-2.72730174917326,-0.0633822660129235,-0.0633822660129236,-0.0633822660129235,0.0633822660129236
0.001181,4.53742212270558,5.16334787395418,-2.73356100668575,-0.0625925751248602,-0.0625925751248596,-0.0625925751248595,0.0625925751248596
0.001182,4.55052985342498,5.16854731617608,-2.73974118131326,-0.0618017462751164,-0.0618017462751107,-0.0618017462751106,0.0618017462751106
0.001183,4.56345793701751,5.17355600160505,-2.74584216195914,-0.0610098064587605,-0.0610098064587542,-0.0610098064587542,0.0610098064587543
0.001184,4.57620586310458,5.17837369016173,-2.75186384022971,-0.0602167827057132,-0.0602167827057151,-0.060216782705715,0.0602167827057151
0.001185,4.5887731284199,5.1830001492174,-2.75780611043768,-0.0594227020797566,-0.0594227020797496,-0.0594227020797494,0.0594227020797495
0.001186,4.60115923682935,5.18743515360363,-2.76366886960543,-0.0586275916774293,-0.0586275916774287,-0.0586275916774286,0.0586275916774287
0.001187,4.61336369935057,5.19167848562176,-2.76945201746814,-0.0578314786271239,-0.0578314786271197,-0.0578314786271196,0.0578314786271196
0.001188,4.62538603417228,5.19572993505195,-2.77515545647694,-0.0570343900879688,-0.0570343900879668,-0.0570343900879668,0.0570343900879667
0.001189,4.6372257666733,5.199589299162,-2.78077909180182,-0.0562363532488774,-0.0562363532488704,-0.0562363532488704,0.0562363532488704
0.00119,4.64888242944125,5.2032563827159,-2.78632283133457,-0.0554373953274689,-0.0554373953274654,-0.0554373953274653,0.0554373953274653
0.001191,4.66035556229104,5.20673099798202,-2.79178658569148,-0.0546375435691004,-0.0546375435690981,-0.054637543569098,0.0546375435690979
0.001192,4.67164471228305,5.21001296474107,-2.79717026821606,-0.053836825245801,-0.0538368252458023,-0.0538368252458022,0.0538368252458022
0.001193,4.68274943374095,5.2131021102937,-2.80247379498159,-0.0530352676552814,-0.0530352676552748,-0.0530352676552747,0.0530352676552747
0.001194,4.69366928826936,5.21599826946784,-2.80769708479358,-0.052232898119855,-0.0522328981198487,-0.0522328981198486,0.0522328981198485
0.001195,4.70440384477111,5.21870128462578,-2.81284005919212,-0.051429743985465,-0.0514297439854669,-0.0514297439854668,0.0514297439854668
0.001196,4.71495267946431,5.22121100567085,-2.81790264245419,-0.0506258326206588,-0.0506258326206544,-0.0506258326206543,0.0506258326206542
0.001197,4.72531537589901,5.2235272900539,-2.82288476159574,-0.0498211914154911,-0.0498211914154894,-0.0498211914154894,0.0498211914154893
0.001198,4.73549152497371,5.22565000277945,-2.82778634637379,-0.049015847780578,-0.0490158477805741,-0.049015847780574,0.049015847780574
0.001199,4.74548072495146,5.2275790164115,-2.8326073292884,-0.0482098291460087,-0.0482098291460041,-0.0482098291460041,0.0482098291460041
0.0012,4.75528258147575,5.22931421107913,-2.83734764558443,-0.0474031629603378,-0.0474031629603378,-0.0474031629603378,0.0474031629603378
0.001201,4.76489670758608,5.23085547448172,-2.84200723325339,-0.0465958766895724,-0.0465958766895643,-0.0465958766895642,0.0465958766895642
0.001202,4.7743227237332,5.23220270189391,-2.84658603303499,-0.0457879978160758,-0.0457879978160714,-0.0457879978160713,0.0457879978160712
0.001203,4.78356025779414,5.23335579617026,-2.85108398841876,-0.0449795538376163,-0.0449795538376125,-0.0449795538376123,0.0449795538376123
0.001204,4.79260894508686,5.23431466774959,-2.85550104564538,-0.0441705722662755,-0.044170572266273,-0.0441705722662729,0.0441705722662728
0.001205,4.8014684283847,5.23507923465906,-2.85983715370813,-0.0433610806274398,-0.0433610806274362,-0.0433610806274362,0.0433610806274362
0.001206,4.81013835793041,5.2356494225179,-2.864092264354,-0.042551106458748,-0.0425511064587491,-0.042551106458749,0.042551106458749
0.001207,4.81861839145003,5.23602516454089,-2.86826633208491,-0.0417406773090923,-0.0417406773090865,-0.0417406773090864,0.0417406773090864
0.001208,4.82690819416635,5.23620640154151,-2.87235931415866,-0.0409298207375164,-0.0409298207375165,-0.0409298207375164,0.0409298207375164
0.001209,4.83500743881216,5.2361930819348,-2.87637117058989,-0.0401185643122659,-0.040118564312264,-0.0401185643122639,0.0401185643122639
0.00121,4.84291580564314,5.23598516173988,-2.88030186415086,-0.0393069356096776,-0.0393069356096749,-0.0393069356096748,0.0393069356096749
0.001211,4.85063298245051,5.2355826045823,-2.88415136037218,-0.0384949622131803,-0.0384949622131795,-0.0384949622131794,0.0384949622131794
0.001212,4.85815866457335,5.23498538169591,-2.8879196275434,-0.0376826717122603,-0.0376826717122555,-0.0376826717122555,0.0376826717122555
0.001213,4.86549255491061,5.23419347192453,-2.89160663671354,-0.0368700917013909,-0.0368700917013917,-0.0368700917013916,0.0368700917013917
0.001214,4.87263436393287,5.23320686172337,-2.89521236169145,-0.0360572497790557,-0.0360572497790503,-0.0360572497790502,0.0360572497790502
0.001215,4.87958380969372,5.23202554516001,-2.89873677904611,-0.0352441735466291,-0.0352441735466296,-0.0352441735466296,0.0352441735466296
0.001216,4.88634061784095,5.23064952391522,-2.90217986810685,-0.0344308906074309,-0.0344308906074274,-0.0344308906074273,0.0344308906074274
0.001217,4.89290452162734,5.22907880728337,-2.90554161096341,-0.0336174285656066,-0.0336174285656028,-0.0336174285656027,0.0336174285656027
0.001218,4.89927526192121,5.2273134121726,-2.90882199246593,-0.032803815025142,-0.0328038150251389,-0.0328038150251388,0.0328038150251388
0.001219,4.90545258721665,5.22535336310471,-2.91202100022481,-0.0319900775888105,-0.031990077588806,-0.0319900775888059,0.0319900775888059
0.00122,4.91143625364342,5.22319869221466,-2.91513862461052,-0.031176243857125,-0.0311762438571234,-0.0311762438571234,0.0311762438571234
0.001221,4.91722602497663,5.22084943924986,-2.91817485875325,-0.0303623414273257,-0.0303623414273231,-0.0303623414273231,0.0303623414273231
0.001222,4.92282167264601,5.21830565156913,-2.92112969854248,-0.0295483978923183,-0.029548397892312,-0.0295483978923119,0.0295483978923119
0.001223,4.92822297574497,5.21556738414132,-2.92400314262645,-0.0287344408396395,-0.0287344408396352,-0.0287344408396351,0.0287344408396351
0.001224,4.93342972103932,5.21263469954372,-2.92679519241149,-0.0279204978504399,-0.0279204978504397,-0.0279204978504396,0.0279204978504396
0.001225,4.93844170297567,5.20950766796005,-2.92950585206134,-0.0271065964984407,-0.0271065964984375,-0.0271065964984375,0.0271065964984375
0.001226,4.94325872368955,5.20618636717825,-2.93213512849622,-0.026292764348872,-0.0262927643488701,-0.0262927643488699,0.02629276434887
0.001227,4.94788059301324,5.20267088258796,-2.93468303139197,-0.0254790289574736,-0.0254790289574721,-0.0254790289574721,0.025479028957472
0.001228,4.95230712848324,5.1989613071776,-2.93714957317892,-0.0246654178694428,-0.0246654178694364,-0.0246654178694364,0.0246654178694363
0.001229,4.95653815534752,5.19505774153131,-2.93953476904075,-0.0238519586183816,-0.0238519586183792,-0.0238519586183791,0.0238519586183792
0.00123,4.96057350657237,5.19096029382542,-2.94183863691329,-0.0230386787253112,-0.0230386787253054,-0.0230386787253052,0.0230386787253052
0.001231,4.96441302284905,5.1866690798248,-2.94406119748304,-0.0222256056975789,-0.0222256056975746,-0.0222256056975745,0.0222256056975745
0.001232,4.96805655260003,5.18218422287871,-2.94620247418583,-0.021412767027873,-0.0214127670278681,-0.021412767027868,0.021412767027868
0.001233,4.97150395198498,5.17750585391654,-2.94826249320515,-0.0206001901931563,-0.020600190193156,-0.0206001901931558,0.0206001901931558
0.001234,4.97475508490649,5.17263411144313,-2.95024128347051,-0.0197879026536674,-0.0197879026536646,-0.0197879026536644,0.0197879026536644
0.001235,4.97780982301539,5.16756914153384,-2.9521388766557,-0.0189759318518457,-0.0189759318518457,-0.0189759318518456,0.0189759318518455
0.001236,4.98066804571585,5.1623110978293,-2.95395530717683,-0.01816430521135,-0.018164305211345,-0.018164305211345,0.018164305211345
0.001237,4.98332964017014,5.15686014152987,-2.95569061219043,-0.0173530501359753,-0.017353050135973,-0.0173530501359729,0.017353050135973
0.001238,4.98579450130306,5.15121644138981,-2.9573448315913,-0.0165421940086796,-0.0165421940086749,-0.0165421940086747,0.0165421940086747
0.001239,4.98806253180612,5.14538017371114,-2.95891800801035,-0.0157317641905053,-0.0157317641905028,-0.0157317641905027,0.0157317641905027
0.00124,4.99013364214135,5.13935152233722,-2.96041018681231,-0.0149217880195884,-0.0149217880195878,-0.0149217880195876,0.0149217880195876
0.00124099999999999,4.99200775054487,5.133130678646,-2.96182141609332,-0.0141122928101201,-0.0141122928101139,-0.0141122928101138,0.0141122928101138
0.00124199999999999,4.99368478303008,5.12671784154299,-2.96315174667845,-0.0133033058512977,-0.0133033058512917,-0.0133033058512916,0.0133033058512916
0.00124299999999999,4.99516467339062,5.12011321745396,-2.96440123211908,-0.0124948544063352,-0.0124948544063344,-0.0124948544063344,0.0124948544063344
0.00124399999999999,4.99644736320294,5.11331702031728,-2.96556992869023,-0.0116869657114327,-0.0116869657114337,-0.0116869657114336,0.0116869657114335
0.00124499999999999,4.99753280182865,5.10632947157602,-2.9666578953877,-0.0108796669747413,-0.0108796669747373,-0.0108796669747372,0.0108796669747372
0.00124599999999999,4.9984209464165,5.09915080016977,-2.96766519392523,-0.010072985375329,-0.0100729853753278,-0.0100729853753277,0.0100729853753277
0.00124699999999999,4.99911176190404,5.09178124252606,-2.96859188873145,-0.00926694806219874,-0.00926694806220205,-0.00926694806220203,0.00926694806220196
0.00124799999999999,4.99960522101908,5.0842210425516,-2.96943804694678,-0.0084615821532541,-0.00846158215325222,-0.00846158215325215,0.0084615821532521
0.00124899999999999,4.99990130428068,5.07647045162316,-2.9702037384202,-0.0076569147342509,-0.00765691473424788,-0.00765691473424788,0.0076569147342479
0.00124999999999999,5,5.06852972857819,-2.97088903570598,-0.00685297285782038,-0.00685297285781946,-0.00685297285781932,0.00685297285781938
0.00125099999999999,4.99990130428069,5.06039913970512,-2.97149401406023,-0.00604978354244778,-0.00604978354244293,-0.00604978354244281,0.00604978354244279
0.00125199999999999,4.99960522101908,5.05207895873334,-2.97201875143737,-0.00524737377143314,-0.00524737377142586,-0.00524737377142577,0.0052473737714257
0.00125299999999999,4.99911176190405,5.043569466823,-2.97246332848656,-0.00444577049190098,-0.0044457704918949,-0.00444577049189485,0.00444577049189482
0.00125399999999999,4.9984209464165,5.03487095255435,-2.97282782854794,-0.00364500061378781,-0.00364500061378467,-0.00364500061378452,0.00364500061378453
0.00125499999999999,4.99753280182866,5.02598371191694,-2.97311233764882,-0.00284509100882957,-0.00284509100882809,-0.00284509100882806,0.00284509100882813
0.00125599999999999,4.99644736320295,5.01690804829844,-2.97331694449978,-0.00204606850955358,-0.00204606850954827,-0.00204606850954816,0.00204606850954814
0.00125699999999999,4.99516467339063,5.00764427247315,-2.97344174049061,-0.00124795990825266,-0.0012479599082519,-0.00124795990825186,0.00124795990825183
0.00125799999999999,4.9936847830301,4.99819270259034,-2.97348681968621,-0.000450791956025931,-0.000450791956024242,-0.000450791956024155,0.000450791956024155
0.00125899999999999,4.99200775054489,4.98855366416214,-2.97345227882238,0.000345408638273703,0.00034540863827421,0.000345408638274325,-0.000345408638274314
0.00125999999999999,4.99013364214137,4.97872749005128,-2.97333821730148,0.00114061520900766,0.00114061520900949,0.00114061520900952,-0.00114061520900954
0.00126099999999999,4.98806253180614,4.9687145204584,-2.973144737188,0.00193480113476863,0.00193480113477413,0.00193480113477422,-0.00193480113477423
0.00126199999999999,4.98579450130309,4.95851510290923,-2.97287194320406,0.00272793983938424,0.00272793983938546,0.00272793983938557,-0.00272793983938557
0.00126299999999999,4.98332964017017,4.94812959224135,-2.97251994272478,0.00352000479287629,0.00352000479288207,0.00352000479288215,-0.00352000479288211
0.00126399999999999,4.98066804571588,4.9375583505907,-2.97208884577353,0.00431096951251764,0.00431096951251849,0.00431096951251861,-0.00431096951251858
0.00126499999999999,4.97780982301542,4.92680174737784,-2.97157876501715,0.00510080756375153,0.00510080756375799,0.0051008075637581,-0.00510080756375808
0.00126599999999999,4.97475508490652,4.91586015929389,-2.97098981576102,0.00588949256126181,0.00588949256126348,0.00588949256126359,-0.00588949256126359
0.00126699999999999,4.97150395198502,4.90473397028615,-2.97032211594404,0.00667699816988332,0.0066769981698865,0.00667699816988661,-0.00667699816988659
0.00126799999999999,4.96805655260007,4.89342357154352,-2.96957578613347,0.00746329810564994,0.0074632981056542,0.00746329810565429,-0.00746329810565433
0.00126899999999999,4.9644130228491,4.88192936148155,-2.9687509495198,0.00824836613675384,0.00824836613675434,0.00824836613675446,-0.0082483661367545
0.00126999999999999,4.96057350657242,4.87025174572724,-2.96784773191134,0.00903217608451801,0.00903217608451819,0.00903217608451827,-0.00903217608451823
0.00127099999999999,4.95653815534756,4.85839113710355,-2.9668662617289,0.00981470182439992,0.00981470182440144,0.00981470182440152,-0.00981470182440153
0.00127199999999999,4.95230712848329,4.84634795561366,-2.96580667000021,0.0105959172869596,0.0105959172869628,0.0105959172869629,-0.0105959172869629
0.00127299999999999,4.94788059301329,4.83412262842488,-2.96466909035432,0.0113757964588368,0.0113757964588407,0.0113757964588409,-0.0113757964588408
0.00127399999999999,4.94325872368961,4.82171558985233,-2.96345365901595,0.0121543133837232,0.0121543133837276,0.0121543133837276,-0.0121543133837276
0.00127499999999999,4.93844170297573,4.80912728134231,-2.96216051479962,0.0129314421633442,0.0129314421633418,0.0129314421633419,-0.0129314421633419
0.00127599999999999,4.93342972103938,4.7963581514554,-2.96078979910378,0.0137071569583958,0.0137071569583977,0.0137071569583977,-0.0137071569583977
0.00127699999999999,4.92822297574503,4.7834086558493,-2.95934165590482,0.0144814319895703,0.0144814319895731,0.0144814319895731,-0.0144814319895732
0.00127799999999999,4.92282167264607,4.77027925726133,-2.95781623175097,0.0152542415384715,0.0152542415384743,0.0152542415384744,-0.0152542415384744
0.00127899999999999,4.9172260249767,4.7569704254907,-2.95621367575611,0.0160255599485959,0.016025559948599,0.0160255599485991,-0.0160255599485991
0.00127999999999999,4.91143625364349,4.74348263738053,-2.95453413959348,0.0167953616262917,0.0167953616262964,0.0167953616262965,-0.0167953616262965
0.00128099999999999,4.90545258721672,4.72981637679947,-2.95277777748931,0.0175636210417229,0.0175636210417253,0.0175636210417254,-0.0175636210417254
0.00128199999999999,4.89927526192129,4.71597213462319,-2.95094474621633,0.0183303127298018,0.0183303127298092,0.0183303127298093,-0.0183303127298093
0.00128299999999999,4.89290452162742,4.70195040871552,-2.94903520508721,0.0190954112911879,0.0190954112911895,0.0190954112911895,-0.0190954112911896
0.00128399999999999,4.88634061784103,4.68775170390927,-2.9470493159479,0.0198588913931719,0.0198588913931752,0.0198588913931753,-0.0198588913931753
0.00128499999999999,4.8795838096938,4.67337653198689,-2.94498724317083,0.0206207277706882,0.020620727770691,0.0206207277706911,-0.0206207277706911
0.00128599999999999,4.87263436393295,4.65882541166073,-2.94284915364811,0.021380895227221,0.0213808952272219,0.021380895227222,-0.0213808952272219
0.00128699999999999,4.8654925549107,4.64409886855314,-2.94063521678453,0.0221393686357541,0.0221393686357557,0.0221393686357557,-0.0221393686357557
0.00128799999999999,4.85815866457344,4.62919743517621,-2.93834560449056,0.0228961229397173,0.0228961229397224,0.0228961229397224,-0.0228961229397224
0.00128899999999999,4.8506329824506,4.61412165091129,-2.93598049117516,0.0236511331539324,0.023651133153931,0.0236511331539311,-0.0236511331539311
0.00128999999999999,4.84291580564323,4.59887206198819,-2.93354005373861,0.0244043743655009,0.0244043743655037,0.0244043743655038,-0.0244043743655037
0.00129099999999999,4.83500743881225,4.58344922146418,-2.93102447156513,0.025155821734808,0.0251558217348066,0.0251558217348067,-0.0251558217348067
0.00129199999999999,4.82690819416645,4.56785368920266,-2.9284339265155,0.0259054504963752,0.0259054504963784,0.0259054504963785,-0.0259054504963785
0.00129299999999999,4.81861839145013,4.55208603185157,-2.92576860291951,0.0266532359598548,0.0266532359598555,0.0266532359598556,-0.0266532359598556
0.00129399999999999,4.81013835793051,4.53614682282157,-2.92302868756842,0.0273991535108919,0.0273991535108945,0.0273991535108946,-0.0273991535108946
0.00129499999999999,4.8014684283848,4.52003664226388,-2.92021436970721,0.0281431786120878,0.0281431786120916,0.0281431786120917,-0.0281431786120917
0.00129599999999999,4.79260894508697,4.50375607704797,-2.91732584102682,0.0288852868038925,0.0288852868038991,0.0288852868038992,-0.0288852868038992
0.00129699999999999,4.78356025779424,4.48730572073885,-2.91436329565627,0.0296254537055374,0.0296254537055386,0.0296254537055387,-0.0296254537055387
0.00129799999999999,4.77432272373331,4.47068617357419,-2.91132693015468,0.0303636550159103,0.0303636550159115,0.0303636550159116,-0.0303636550159115
0.00129899999999999,4.76489670758619,4.45389804244113,-2.90821694350323,0.0310998665145013,0.031099866514506,0.031099866514506,-0.031099866514506
0.00129999999999999,4.75528258147587,4.43694194085286,-2.905033537097,0.0318340640622994,0.031834064062301,0.031834064062301,-0.031834064062301
0.00130099999999999,4.74548072495157,4.4198184889249,-2.90177691473673,0.0325662236026636,0.0325662236026671,0.0325662236026671,-0.0325662236026671
0.00130199999999999,4.73549152497382,4.40252831335118,-2.89844728262051,0.0332963211622639,0.0332963211622643,0.0332963211622643,-0.0332963211622643
0.00130299999999999,4.72531537589913,4.38507204737977,-2.89504484933531,0.0340243328519341,0.0340243328519358,0.0340243328519358,-0.0340243328519358
0.00130399999999999,4.71495267946443,4.36745033078843,-2.89156982584855,0.0347502348675954,0.0347502348675995,0.0347502348675996,-0.0347502348675996
0.00130499999999999,4.70440384477124,4.34966380985988,-2.88802242549944,0.0354740034911316,0.0354740034911354,0.0354740034911355,-0.0354740034911355
0.00130599999999999,4.69366928826948,4.33171313735678,-2.88440286399031,0.0361956150912679,0.0361956150912701,0.0361956150912702,-0.0361956150912702
0.00130699999999999,4.68274943374108,4.3135989724965,-2.88071135937787,0.0369150461244505,0.0369150461244576,0.0369150461244577,-0.0369150461244577
0.00130799999999999,4.67164471228318,4.29532198092561,-2.87694813206429,0.0376322731357526,0.0376322731357566,0.0376322731357567,-0.0376322731357566
0.00130899999999999,4.66035556229118,4.27688283469413,-2.87311340478832,0.0383472727597001,0.0383472727597048,0.0383472727597049,-0.0383472727597048
0.00130999999999999,4.64888242944138,4.25828221222949,-2.8692074026162,0.0390600217211867,0.0390600217211894,0.0390600217211894,-0.0390600217211894
0.00131099999999999,4.63722576667344,4.2395207983103,-2.86523035293257,0.0397704968363088,0.0397704968363137,0.0397704968363137,-0.0397704968363137
0.00131199999999999,4.62538603417242,4.22059928403981,-2.86118248543125,0.040478675013258,0.0404786750132608,0.0404786750132608,-0.0404786750132608
0.00131299999999999,4.61336369935071,4.20151836681918,-2.85706403210593,0.0411845332531557,0.0411845332531533,0.0411845332531533,-0.0411845332531534
0.00131399999999999,4.60115923682949,4.18227875032039,-2.85287522724084,0.0418880486509066,0.0418880486509094,0.0418880486509095,-0.0418880486509095
0.00131499999999999,4.58877312842005,4.16288114445909,-2.84861630740123,0.0425891983960991,0.0425891983960954,0.0425891983960955,-0.0425891983960955
0.00131599999999999,4.57620586310473,4.14332626536699,-2.84428751142385,0.0432879597737701,0.0432879597737745,0.0432879597737746,-0.0432879597737746
0.00131699999999999,4.56345793701766,4.12361483536414,-2.83988908040732,0.0439843101653503,0.0439843101653517,0.0439843101653517,-0.0439843101653517
0.00131799999999999,4.55052985342513,4.10374758293098,-2.83542125770238,0.044678227049415,0.044678227049415,0.044678227049415,-0.044678227049415
0.00131899999999999,4.53742212270574,4.08372524268001,-2.83088428890212,0.0453696880025678,0.0453696880025732,0.0453696880025732,-0.0453696880025732
0.00131999999999999,4.52413526233025,4.06354855532736,-2.82627842183209,0.0460586707002841,0.0460586707002892,0.0460586707002892,-0.0460586707002892
0.00132099999999999,4.51066979684117,4.04321826766408,-2.82160390654032,0.0467451529177065,0.0467451529177096,0.0467451529177096,-0.0467451529177096
0.00132199999999999,4.49702625783202,4.02273513252711,-2.81686099528727,0.0474291125304882,0.047429112530491,0.0474291125304911,-0.0474291125304911
0.00132299999999999,4.48320518392635,4.00209990877013,-2.81204994253571,0.0481105275156191,0.0481105275156216,0.0481105275156216,-0.0481105275156217
0.00132399999999999,4.46920712075649,3.9813133612341,-2.80717100494049,0.048789375952234,0.0487893759522391,0.0487893759522391,-0.0487893759522391
0.00132499999999999,4.45503262094201,3.96037626071757,-2.80222444133824,0.0494656360224477,0.0494656360224447,0.0494656360224448,-0.0494656360224447
0.00132599999999999,4.4406822440679,3.93928938394677,-2.79721051273703,0.0501392860121097,0.0501392860121131,0.0501392860121131,-0.0501392860121131
0.00132699999999999,4.42615655666246,3.91805351354547,-2.79212948230586,0.050810304311697,0.0508103043116982,0.0508103043116983,-0.0508103043116983
0.00132799999999999,4.41145613217495,3.8966694380046,-2.78698161536416,0.0514786694170377,0.0514786694170351,0.0514786694170351,-0.0514786694170351
0.00132899999999999,4.39658155095297,3.87513795165159,-2.78176717937114,0.0521443599301374,0.0521443599301373,0.0521443599301374,-0.0521443599301373
0.00132999999999999,4.38153340021951,3.8534598546196,-2.77648644391515,0.0528073545599872,0.0528073545599908,0.0528073545599909,-0.0528073545599909
0.00133099999999999,4.36631227404979,3.83163595281637,-2.77113968070281,0.0534676321233407,0.0534676321233427,0.0534676321233428,-0.0534676321233428
0.00133199999999999,4.35091877334783,3.80966705789296,-2.76572716354826,0.0541251715454827,0.0541251715454869,0.0541251715454869,-0.0541251715454869
0.00133299999999999,4.33535350582265,3.78755398721221,-2.76024916836216,0.0547799518610415,0.0547799518610443,0.0547799518610443,-0.0547799518610443
0.00133399999999999,4.31961708596438,3.76529756381698,-2.75470597314069,0.0554319522147395,0.0554319522147401,0.0554319522147402,-0.0554319522147402
0.00133499999999999,4.30371013501993,3.74289861639817,-2.74909785795447,0.0560811518621707,0.0560811518621753,0.0560811518621754,-0.0560811518621754
0.00133599999999999,4.28763328096847,3.72035797926252,-2.74342510493741,0.056727530170595,0.0567275301705953,0.0567275301705954,-0.0567275301705954
0.00133699999999999,4.27138715849669,3.69767649230016,-2.73768799827544,0.0573710666196536,0.0573710666196529,0.057371066619653,-0.057371066619653
0.00133799999999999,4.25497240897368,3.674855000952,-2.73188682419523,0.0580117408021641,0.0580117408021676,0.0580117408021677,-0.0580117408021677
0.00133899999999999,4.23838968042564,3.65189435617683,-2.72602187095274,0.0586495324248792,0.0586495324248806,0.0586495324248807,-0.0586495324248806
0.00133999999999999,4.2216396275103,3.62879541441825,-2.72009342882182,0.0592844213092025,0.0592844213092046,0.0592844213092047,-0.0592844213092046
0.00134099999999999,4.20472291149107,3.60555903757137,-2.71410179008262,0.0599163873919695,0.05991638739197,0.0599163873919701,-0.0599163873919701
0.00134199999999999,4.18764020021094,3.58218609294928,-2.70804724901001,0.0605454107261583,0.0605454107261659,0.060545410726166,-0.060545410726166
0.00134299999999999,4.17039216806609,3.55867745324932,-2.70193010186184,0.0611714714816758,0.0611714714816771,0.0611714714816771,-0.0611714714816771
0.00134399999999999,4.1529794959793,3.53503399651915,-2.69575064686724,0.0617945499460149,0.0617945499460157,0.0617945499460157,-0.0617945499460157
0.00134499999999999,4.13540287137305,3.51125660612256,-2.68950918421473,0.0624146265250447,0.0624146265250494,0.0624146265250495,-0.0624146265250495
0.00134599999999999,4.11766298814239,3.48734617070514,-2.68320601604036,0.0630316817437215,0.063031681743724,0.063031681743724,-0.063031681743724
0.00134699999999999,4.09976054662751,3.4633035841597,-2.67684144641568,0.0636456962467813,0.0636456962467815,0.0636456962467816,-0.0636456962467816
0.00134799999999999,4.08169625358618,3.43912974559143,-2.67041578133574,0.064256650799468,0.0642566507994742,0.0642566507994743,-0.0642566507994743
0.00134899999999999,4.06347082216573,3.414825559283,-2.66392932870691,0.0648645262882708,0.0648645262882732,0.0648645262882733,-0.0648645262882733
0.00134999999999999,4.045084971875,3.39039193465927,-2.65738239833475,0.0654693037215681,0.0654693037215726,0.0654693037215727,-0.0654693037215727
0.00135099999999999,4.02653942855588,3.36582978625199,-2.65077530191171,0.0660709642303869,0.066070964230389,0.066070964230389,-0.0660709642303891
0.00135199999999999,4.00783492435465,3.34114003366409,-2.64410835300481,0.0666694890690556,0.0666694890690559,0.0666694890690559,-0.066669489069056
0.00135299999999999,3.98897219769313,3.31632360153399,-2.63738186704322,0.0672648596159142,0.0672648596159136,0.0672648596159136,-0.0672648596159137
0.00135399999999999,3.96995199323946,3.29138141949951,-2.63059616130582,0.0678570573739901,0.0678570573739942,0.0678570573739941,-0.0678570573739942
0.00135499999999999,3.95077506187873,3.26631442216172,-2.62375155490865,0.0684460639716988,0.0684460639717012,0.0684460639717012,-0.0684460639717012
0.00135599999999999,3.93144216068338,3.24112354904853,-2.6168483687923,0.0690318611634844,0.0690318611634853,0.0690318611634853,-0.0690318611634853
0.00135699999999999,3.91195405288323,3.21580974457809,-2.60988692570925,0.0696144308305113,0.069614430830514,0.0696144308305141,-0.0696144308305141
0.00135799999999999,3.89231150783541,3.19037395802204,-2.60286755021111,0.0701937549813358,0.0701937549813373,0.0701937549813374,-0.0701937549813373
0.00135899999999999,3.87251530099397,3.16481714346849,-2.59579056863586,0.0707698157525449,0.0707698157525477,0.0707698157525478,-0.0707698157525478
0.00135999999999998,3.85256621387925,3.13914025978489,-2.58865630909492,0.071342595409436,0.0713425954094357,0.0713425954094358,-0.0713425954094358
0.00136099999999998,3.83246503404706,3.11334427058066,-2.58146510146025,0.071912076346643,0.0719120763466398,0.0719120763466398,-0.0719120763466398
0.00136199999999998,3.81221255505755,3.08743014416963,-2.57421727735137,0.0724782410887892,0.0724782410887919,0.0724782410887919,-0.072478241088792
0.00136299999999998,3.79180957644392,3.06139885353235,-2.56691317012226,0.0730410722911534,0.0730410722911574,0.0730410722911574,-0.0730410722911574
0.00136399999999998,3.77125690368084,3.03525137627814,-2.55955311484823,0.0736005527402694,0.07360055274027,0.07360055274027,-0.0736005527402701
0.00136499999999998,3.75055534815262,3.008988694607,-2.55213744831277,0.0741566653545611,0.074156665354562,0.0741566653545621,-0.0741566653545621
0.00136599999999998,3.72970572712124,2.98261179527135,-2.54466650899428,0.0747093931849863,0.0747093931849886,0.0747093931849886,-0.0747093931849886
0.00136699999999998,3.70870886369403,2.95612166953755,-2.53714063705271,0.0752587194156451,0.0752587194156476,0.0752587194156476,-0.0752587194156476
0.00136799999999998,3.6875655867912,2.92951931314726,-2.52956017431627,0.0758046273643931,0.0758046273643939,0.075804627364394,-0.075804627364394
0.00136899999999998,3.66627673111314,2.90280572627865,-2.52192546426793,0.0763471004834493,0.0763471004834486,0.0763471004834487,-0.0763471004834487
0.00136999999999998,3.6448431371074,2.87598191350737,-2.51423685203193,0.0768861223600004,0.0768861223600025,0.0768861223600026,-0.0768861223600026
0.00137099999999998,3.62326565093558,2.84904888376743,-2.50649468436025,0.077421676716809,0.0774216767168153,0.0774216767168154,-0.0774216767168154
0.00137199999999998,3.60154512443989,2.8220076503118,-2.49869930961897,0.0779537474128089,0.0779537474128084,0.0779537474128085,-0.0779537474128085
0.00137299999999998,3.57968241510951,2.79485923067298,-2.4908510777746,0.0784823184436512,0.0784823184436532,0.0784823184436532,-0.0784823184436532
0.00137399999999998,3.55767838604679,2.76760464662325,-2.48295034038037,0.0790073739423525,0.0790073739423535,0.0790073739423536,-0.0790073739423536
0.00137499999999998,3.5355339059331,2.74024492413487,-2.47499745056238,0.0795288981798237,0.0795288981798233,0.0795288981798233,-0.0795288981798233
0.00137599999999998,3.51324984899461,2.71278109334003,-2.46699276300584,0.0800468755654604,0.0800468755654579,0.0800468755654579,-0.0800468755654579
0.00137699999999998,3.49082709496773,2.68521418849072,-2.45893663394107,0.0805612906476982,0.080561290647701,0.0805612906477011,-0.0805612906477011
0.00137799999999998,3.4682665290644,2.65754524791834,-2.45082942112961,0.0810721281146032,0.0810721281146058,0.0810721281146058,-0.0810721281146059
0.00137899999999998,3.44556904193712,2.62977531399322,-2.44267148385017,0.081579372794387,0.0815793727943902,0.0815793727943902,-0.0815793727943902
0.00137999999999998,3.42273552964383,2.60190543308396,-2.43446318288457,0.0820830096559844,0.082083009655987,0.082083009655987,-0.0820830096559871
0.00138099999999998,3.39976689361248,2.57393665551659,-2.42620488050361,0.0825830238095904,0.0825830238095891,0.0825830238095891,-0.0825830238095891
0.00138199999999998,3.37666404060551,2.54587003553364,-2.41789694045289,0.0830794005071889,0.0830794005071877,0.0830794005071877,-0.0830794005071877
0.00138299999999998,3.353427882684,2.51770663125293,-2.40953972793858,0.0835721251431032,0.0835721251431069,0.0835721251431069,-0.0835721251431069
0.00138399999999998,3.33005933717166,2.48944750462635,-2.40113360961313,0.084061183254529,0.0840611832545308,0.0840611832545309,-0.0840611832545309
0.00138499999999998,3.30655932661866,2.4610937213984,-2.39267895356093,0.0845465605220275,0.0845465605220268,0.0845465605220268,-0.0845465605220268
0.00138599999999998,3.28292877876519,2.43264635106457,-2.38417612928392,0.0850282427700622,0.0850282427700616,0.0850282427700617,-0.0850282427700617
0.00138699999999998,3.25916862650481,2.40410646682967,-2.37562550768717,0.0855062159675146,0.0855062159675133,0.0855062159675133,-0.0855062159675133
0.00138799999999998,3.23527980784764,2.37547514556588,-2.36702746106435,0.0859804662281727,0.0859804662281763,0.0859804662281763,-0.0859804662281763
0.00138899999999998,3.21126326588334,2.34675346777073,-2.35838236308322,0.0864509798112589,0.0864509798112617,0.0864509798112618,-0.0864509798112618
0.00138999999999998,3.18711994874387,2.31794251752496,-2.34969058877104,0.0869177431218882,0.0869177431218913,0.0869177431218913,-0.0869177431218914
0.00139099999999998,3.16285080956605,2.28904338245019,-2.34095251449988,0.0873807427115869,0.0873807427115863,0.0873807427115863,-0.0873807427115864
0.00139199999999998,3.13845680645394,2.26005715366644,-2.332168517972,0.0878399652787509,0.0878399652787502,0.0878399652787502,-0.0878399652787502
0.00139299999999998,3.113938902441,2.23098492574954,-2.32333897820509,0.0882953976691425,0.0882953976691457,0.0882953976691457,-0.0882953976691457
0.00139399999999998,3.08929806545211,2.20182779668845,-2.31446427551745,0.0887470268763657,0.0887470268763662,0.0887470268763662,-0.0887470268763663
0.00139499999999998,3.06453526826533,2.17258686784231,-2.30554479151322,0.0891948400422971,0.0891948400423018,0.0891948400423019,-0.0891948400423019
0.00139599999999998,3.03965148847348,2.1432632438975,-2.29658090906746,0.0896388244576007,0.0896388244575983,0.0896388244575983,-0.0896388244575983
0.00139699999999998,3.01464770844558,2.11385803282446,-2.28757301231125,0.0900789675621105,0.0900789675621119,0.0900789675621119,-0.0900789675621119
0.00139799999999998,2.98952491528805,2.08437234583448,-2.27852148661671,0.0905152569453538,0.090515256945357,0.090515256945357,-0.090515256945357
0.00139899999999998,2.96428410080576,2.05480729733627,-2.26942671858202,0.0909476803469467,0.0909476803469488,0.0909476803469488,-0.0909476803469488
0.00139999999999998,2.93892626146283,2.02516400489244,-2.26028909601632,0.0913762256570383,0.0913762256570397,0.0913762256570397,-0.0913762256570397
0.00140099999999998,2.91345239834335,1.99544358917586,-2.25110900792464,0.0918008809167503,0.0918008809167497,0.0918008809167497,-0.0918008809167497
0.00140199999999998,2.88786351711182,1.9656471739259,-2.24188684449278,0.09222163431859,0.0922216343185916,0.0922216343185917,-0.0922216343185917
0.00140299999999998,2.86216062797344,1.93577588590454,-2.23262299707209,0.0926384742068898,0.0926384742068893,0.0926384742068893,-0.0926384742068893
0.00140399999999998,2.83634474563427,1.90583085485236,-2.22331785816427,0.0930513890781892,0.0930513890781909,0.093051389078191,-0.093051389078191
0.00140499999999998,2.81041688926114,1.87581321344438,-2.21397182140611,0.0934603675816703,0.093460367581676,0.093460367581676,-0.093460367581676
0.00140599999999998,2.78437808244143,1.84572409724587,-2.20458528155415,0.0938653985195526,0.093865398519556,0.093865398519556,-0.093865398519556
0.00140699999999998,2.75822935314265,1.81556464466795,-2.19515863446941,0.0942664708474661,0.0942664708474697,0.0942664708474698,-0.0942664708474698
0.00140799999999998,2.73197173367185,1.78533599692313,-2.18569227710192,0.0946635736748647,0.0946635736748722,0.0946635736748722,-0.0946635736748722
0.00140899999999998,2.70560626063489,1.75503929798071,-2.17618660747538,0.095056696265412,0.0950566962654179,0.0950566962654179,-0.0950566962654179
0.00140999999999998,2.67913397489549,1.72467569452212,-2.16664202467164,0.0954458280373327,0.0954458280373372,0.0954458280373373,-0.0954458280373373
0.00141099999999998,2.65255592153419,1.6942463358961,-2.15705892881526,0.0958309585638073,0.0958309585638084,0.0958309585638084,-0.0958309585638084
0.00141199999999998,2.625873149807,1.66375237407378,-2.14743772105793,0.0962120775733233,0.0962120775733216,0.0962120775733216,-0.0962120775733216
0.00141299999999998,2.59908671310407,1.63319496360369,-2.13777880356293,0.0965891749500347,0.0965891749500382,0.0965891749500382,-0.0965891749500382
0.00141399999999998,2.57219766890806,1.60257526156662,-2.12808257948951,0.0969622407341442,0.0969622407341438,0.0969622407341439,-0.0969622407341439
0.00141499999999998,2.54520707875239,1.57189442753044,-2.11834945297729,0.0973312651221958,0.0973312651221946,0.0973312651221946,-0.0973312651221946
0.00141599999999998,2.51811600817934,1.54115362350476,-2.10857982913055,0.0976962384674529,0.0976962384674581,0.0976962384674582,-0.0976962384674582
0.00141699999999998,2.490925526698,1.51035401389552,-2.09877411400252,0.0980571512802486,0.098057151280248,0.098057151280248,-0.0980571512802479
0.00141799999999998,2.463636707742,1.47949676545948,-2.0889327145797,0.098413994228248,0.0984139942282519,0.0984139942282519,-0.0984139942282519
0.00141899999999998,2.43625062862721,1.44858304725867,-2.07905603876601,0.0987667581368568,0.0987667581368543,0.0987667581368544,-0.0987667581368544
0.00141999999999998,2.40876837050913,1.41761403061461,-2.06914449536707,0.0991154339894473,0.0991154339894525,0.0991154339894525,-0.0991154339894525
0.00142099999999998,2.38119101834025,1.38659088906259,-2.05919849407429,0.0994600129277634,0.0994600129277662,0.0994600129277662,-0.0994600129277662
0.00142199999999998,2.35351966082723,1.35551479830581,-2.04921844544908,0.0998004862521418,0.0998004862521417,0.0998004862521417,-0.0998004862521417
0.00142299999999998,2.32575539038786,1.32438693616937,-2.03920476090689,0.10013684542185,0.100136845421849,0.100136845421849,-0.100136845421849
0.00142399999999998,2.29789930310801,1.29320848255426,-2.02915785270136,0.100469082055374,0.100469082055375,0.100469082055375,-0.100469082055375
0.00142499999999998,2.26995249869831,1.26198061939126,-2.01907813390829,0.100797187930701,0.100797187930705,0.100797187930705,-0.100797187930705
0.00142599999999998,2.24191608045074,1.23070453059469,-2.00896601840973,0.101121154985604,0.101121154985605,0.101121154985605,-0.101121154985605
0.00142699999999998,2.21379115519509,1.19938140201614,-1.99882192087794,0.101440975317892,0.101440975317895,0.101440975317895,-0.101440975317895
0.00142799999999998,2.18557883325525,1.16801242139815,-1.98864625675937,0.101756641185708,0.10175664118571,0.10175664118571,-0.10175664118571
0.00142899999999998,2.15728022840539,1.1365987783277,-1.97843944225859,0.102068145007765,0.102068145007769,0.102068145007769,-0.102068145007769
0.00142999999999998,2.12889645782596,1.10514166418976,-1.96820189432223,0.102375479363621,0.10237547936362,0.10237547936362,-0.10237547936362
0.00143099999999998,2.10042864205963,1.07364227212069,-1.95793403062284,0.102678636993891,0.102678636993895,0.102678636993895,-0.102678636993895
0.00143199999999998,2.07187790496703,1.04210179696157,-1.94763626954278,0.102977610800543,0.102977610800545,0.102977610800545,-0.102977610800545
0.00143299999999998,2.04324537368235,1.01052143521153,-1.93730903015808,0.10327239384708,0.103272393847082,0.103272393847082,-0.103272393847082
0.00143399999999998,2.01453217856893,0.978902384980902,-1.9269527322222,0.103562979358798,0.103562979358802,0.103562979358802,-0.103562979358802
0.00143499999999998,1.98573945317452,0.947245845944402,-1.91656779614989,0.10384936072301,0.103849360723012,0.103849360723012,-0.103849360723012
0.00143599999999998,1.95686833418663,0.91555301929422,-1.90615464300097,0.10413153148924,0.104131531489241,0.104131531489241,-0.104131531489241
0.00143699999999998,1.92791996138761,0.883825107693037,-1.89571369446402,0.104409485369457,0.104409485369457,0.104409485369457,-0.104409485369457
0.00143799999999998,1.89889547760963,0.852063315226997,-1.8852453728402,0.104683216238259,0.104683216238264,0.104683216238264,-0.104683216238264
0.00143899999999998,1.86979602868964,0.820268847358612,-1.87475010102689,0.104952718133104,0.104952718133102,0.104952718133102,-0.104952718133102
0.00143999999999998,1.84062276342403,0.788442910879622,-1.86422830250144,0.105217985254438,0.10521798525444,0.10521798525444,-0.10521798525444
0.00144099999999998,1.81137683352337,0.756586713863797,-1.85368040130485,0.105479011965954,0.105479011965957,0.105479011965957,-0.105479011965957
0.00144199999999998,1.7820593935669,0.72470146561968,-1.84310682202538,0.105735792794721,0.105735792794722,0.105735792794722,-0.105735792794722
0.00144299999999998,1.75267160095694,0.6927883766433,-1.83250798978224,0.105988322431363,0.105988322431364,0.105988322431364,-0.105988322431364
0.00144399999999998,1.72321461587324,0.660848658570815,-1.82188433020922,0.106236595730242,0.106236595730242,0.106236595730242,-0.106236595730242
0.00144499999999998,1.69368960122711,0.62888352413112,-1.81123626943826,0.106480607709596,0.106480607709599,0.106480607709599,-0.106480607709599
0.00144599999999998,1.66409772261559,0.596894187098419,-1.80056423408309,0.106720353551715,0.106720353551718,0.106720353551718,-0.106720353551718
0.00144699999999998,1.63444014827538,0.564881862244735,-1.78986865122278,0.106955828603066,0.106955828603064,0.106955828603064,-0.106955828603064
0.00144799999999998,1.60471804903672,0.532847765292396,-1.77914994838534,0.107187028374429,0.107187028374432,0.107187028374432,-0.107187028374432
0.00144899999999998,1.5749325982772,0.500793112866479,-1.76840855353123,0.107413948541073,0.107413948541072,0.107413948541072,-0.107413948541072
0.00144999999999998,1.54508497187541,0.468719122447212,-1.75764489503695,0.107636584942821,0.10763658494282,0.10763658494282,-0.10763658494282
0.00145099999999998,1.51517634816455,0.436627012322347,-1.74685940167852,0.107854933584222,0.10785493358422,0.10785493358422,-0.10785493358422
0.00145199999999998,1.48520790788586,0.404518001539501,-1.73605250261506,0.108068990634635,0.108068990634636,0.108068990634636,-0.108068990634636
0.00145299999999998,1.45518083414205,0.372393309858459,-1.72522462737223,0.108278752428357,0.108278752428359,0.108278752428359,-0.108278752428359
0.00145399999999998,1.42509631235057,0.340254157703455,-1.71437620582575,0.10848421546471,0.108484215464712,0.108484215464712,-0.108484215464712
0.00145499999999998,1.39495553019684,0.308101766115424,-1.70350766818494,0.108685376408142,0.108685376408142,0.108685376408142,-0.108685376408142
0.00145599999999998,1.36475967758733,0.275937356704227,-1.69261944497611,0.108882232088308,0.10888223208831,0.10888223208831,-0.10888223208831
0.00145699999999998,1.33450994660258,0.243762151600856,-1.68171196702609,0.109074779500171,0.109074779500173,0.109074779500173,-0.109074779500173
0.00145799999999998,1.30420753145019,0.211577373409611,-1.67078566544569,0.109263015804053,0.109263015804058,0.109263015804058,-0.109263015804058
0.00145899999999998,1.27385362841762,0.179384245160268,-1.65984097161311,0.109446938325732,0.109446938325735,0.109446938325735,-0.109446938325735
0.00145999999999998,1.24344943582499,0.147183990260216,-1.64887831715747,0.109626544556474,0.109626544556477,0.109626544556477,-0.109626544556477
0.00146099999999998,1.21299615397776,0.114977832446594,-1.63789813394215,0.109801832153116,0.109801832153116,0.109801832153116,-0.109801832153116
0.00146199999999998,1.18249498511935,0.0827669957383975,-1.62690085404835,0.109972798938094,0.109972798938095,0.109972798938095,-0.109972798938095
0.00146299999999998,1.15194713338368,0.0505527043885839,-1.61588690975839,0.110139442899508,0.11013944289951,0.11013944289951,-0.11013944289951
0.00146399999999998,1.12135380474764,0.018336182836165,-1.60485673353928,0.110301762191147,0.110301762191147,0.110301762191147,-0.110301762191147
0.00146499999999998,1.09071620698345,-0.0138813443417089,-1.59381075802603,0.110459755132513,0.110459755132515,0.110459755132515,-0.110459755132515
0.00146599999999998,1.06003554961101,-0.0460986524776725,-1.58274941600514,0.110613420208867,0.110613420208868,0.110613420208868,-0.110613420208868
0.00146699999999998,1.02931304385015,-0.0783145168620715,-1.57167314039802,0.110762756071221,0.110762756071222,0.110762756071222,-0.110762756071222
0.00146799999999998,0.998549902572779,-0.110527712790893,-1.56058236424438,0.110907761536365,0.110907761536367,0.110907761536367,-0.110907761536367
0.00146899999999998,0.967747340255049,-0.142737015613696,-1.5494775206857,0.111048435586874,0.111048435586874,0.111048435586874,-0.111048435586874
0.00146999999999998,0.936906572929374,-0.174941200781537,-1.53835904294859,0.111184777371089,0.111184777371091,0.111184777371091,-0.111184777371091
0.00147099999999998,0.906028818136441,-0.207139043894903,-1.52722736432827,0.111316786203133,0.111316786203134,0.111316786203134,-0.111316786203134
0.00147199999999998,0.875115294877138,-0.239329320751627,-1.51608291817199,0.111444461562877,0.111444461562877,0.111444461562877,-0.111444461562877
0.00147299999999998,0.844167223564431,-0.271510807394802,-1.50492613786239,0.111567803095922,0.111567803095923,0.111567803095923,-0.111567803095923
0.00147399999999998,0.813185825975183,-0.30368228016069,-1.49375745680104,0.111686810613585,0.111686810613587,0.111686810613587,-0.111686810613587
0.00147499999999998,0.782172325201922,-0.335842515726616,-1.48257730839175,0.111801484092855,0.111801484092854,0.111801484092854,-0.111801484092854
0.00147599999999998,0.751127945604557,-0.367990291158847,-1.47138612602412,0.111911823676341,0.11191182367634,0.11191182367634,-0.11191182367634
0.00147699999999998,0.720053912762036,-0.400124383960465,-1.46018434305689,0.112017829672248,0.11201782967225,0.11201782967225,-0.11201782967225
0.00147799999999998,0.688951453423968,-0.432243572119214,-1.44897239280146,0.112119502554318,0.112119502554318,0.112119502554318,-0.112119502554318
0.00147899999999997,0.657821795462194,-0.464346634155339,-1.43775070850528,0.112216842961754,0.112216842961753,0.112216842961753,-0.112216842961753
0.00147999999999997,0.626666167822306,-0.496432349169392,-1.42651972333537,0.112309851699171,0.11230985169917,0.11230985169917,-0.11230985169917
0.00148099999999997,0.595485800475137,-0.528499496890034,-1.41527987036171,0.112398529736515,0.112398529736517,0.112398529736517,-0.112398529736517
0.00148199999999997,0.5642819243682,-0.560546857721789,-1.40403158254082,0.112482878208997,0.112482878208999,0.112482878208999,-0.112482878208999
0.00148299999999997,0.533055771377094,-0.592573212792802,-1.39277529269912,0.112562898416988,0.11256289841699,0.11256289841699,-0.11256289841699
0.00148399999999997,0.501808574256872,-0.624577344002538,-1.38151143351652,0.11263859182594,0.112638591825941,0.112638591825941,-0.112638591825941
0.00148499999999997,0.470541566593372,-0.656558034069478,-1.37024043750989,0.112709960066286,0.112709960066285,0.112709960066285,-0.112709960066285
0.00148599999999997,0.439255982754519,-0.688514066578768,-1.35896273701656,0.112777004933327,0.112777004933329,0.112777004933329,-0.112777004933329
0.00148699999999997,0.407953057841594,-0.720444226029841,-1.34767876417785,0.112839728387142,0.112839728387144,0.112839728387144,-0.112839728387144
0.00148799999999997,0.376634027640473,-0.752347297884001,-1.3363889509226,0.112898132552448,0.112898132552447,0.112898132552447,-0.112898132552447
0.00148899999999997,0.345300128572842,-0.784222068611972,-1.32509372895075,0.112952219718478,0.112952219718481,0.112952219718481,-0.112952219718481
0.00148999999999997,0.313952597647383,-0.816067325741406,-1.31379352971687,0.113001992338877,0.113001992338879,0.113001992338879,-0.113001992338879
0.00149099999999997,0.282592672410941,-0.847881857904357,-1.30248878441371,0.113047453031527,0.11304745303153,0.11304745303153,-0.11304745303153
0.00149199999999997,0.251221590899669,-0.8796644548847,-1.29117992395587,0.113088604578435,0.113088604578437,0.113088604578437,-0.113088604578437
0.00149299999999997,0.219840591590149,-0.911413907665518,-1.27986737896331,0.113125449925566,0.113125449925567,0.113125449925567,-0.113125449925567
0.00149399999999997,0.1884509133505,-0.943129008476436,-1.26855157974504,0.113157992182693,0.113157992182694,0.113157992182694,-0.113157992182694
0.00149499999999997,0.157053795391472,-0.974808550840906,-1.25723295628272,0.113186234623237,0.113186234623238,0.113186234623238,-0.113186234623238
0.00149599999999997,0.12565047721752,-1.00645132962345,-1.24591193821431,0.113210180684094,0.113210180684097,0.113210180684097,-0.113210180684097
0.00149699999999997,0.0942421985778765,-1.03805614107683,-1.23458895481776,0.113229833965471,0.113229833965471,0.113229833965471,-0.113229833965471
0.00149799999999997,0.0628301994176014,-1.06962178288921,-1.2232644349947,0.113245198230683,0.113245198230682,0.113245198230682,-0.113245198230682
0.00149899999999997,0.0314157198286358,-1.1011470542312,-1.2119388072541,0.113256277405982,0.113256277405984,0.113256277405984,-0.113256277405984
0.00149999999999997,8.43737243700488E-13,-1.13263075580289,-1.20061249969606,0.113263075580372,0.113263075580373,0.113263075580373,-0.113263075580373
0.00150099999999997,-0.0314157198269484,-1.16407168988079,-1.18928593999552,0.113265597005385,0.113265597005385,0.113265597005385,-0.113265597005385
0.00150199999999997,-0.0628301994159141,-1.19546866036478,-1.17795955538603,0.113263846094884,0.113263846094887,0.113263846094887,-0.113263846094887
0.00150299999999997,-0.0942421985761894,-1.22682047282488,-1.16663377264355,0.113257827424869,0.113257827424869,0.113257827424869,-0.113257827424869
0.00150399999999997,-0.125650477215833,-1.25812593454804,-1.15530901807022,0.113247545733222,0.113247545733221,0.113247545733221,-0.113247545733221
0.00150499999999997,-0.157053795389785,-1.28938385458489,-1.14398571747827,0.113233005919511,0.11323300591951,0.11323300591951,-0.11323300591951
0.00150599999999997,-0.188450913348814,-1.32059304379629,-1.1326642961738,0.113214213044748,0.113214213044748,0.113214213044748,-0.113214213044748
0.00150699999999997,-0.219840591588463,-1.35175231489998,-1.12134517894068,0.113191172331151,0.113191172331152,0.113191172331152,-0.113191172331152
0.00150799999999997,-0.251221590897984,-1.38286048251701,-1.11002879002449,0.113163889161902,0.113163889161903,0.113163889161903,-0.113163889161903
0.00150899999999997,-0.282592672409257,-1.41391636321818,-1.0987155531164,0.113132369080893,0.113132369080893,0.113132369080893,-0.113132369080893
0.00150999999999997,-0.313952597645698,-1.44491877557039,-1.08740589133716,0.113096617792467,0.113096617792469,0.113096617792469,-0.113096617792469
0.00151099999999997,-0.345300128571158,-1.47586654018289,-1.07610022722104,0.113056641161173,0.113056641161173,0.113056641161173,-0.113056641161173
0.00151199999999997,-0.376634027638791,-1.50675847975347,-1.06479898269989,0.113012445211464,0.113012445211468,0.113012445211468,-0.113012445211468
0.00151299999999997,-0.407953057839913,-1.53759341911456,-1.05350257908715,0.112964036127463,0.112964036127465,0.112964036127465,-0.112964036127465
0.00151399999999997,-0.439255982752839,-1.56837018527927,-1.04221143706188,0.112911420252644,0.112911420252643,0.112911420252643,-0.112911420252643
0.00151499999999997,-0.470541566591692,-1.59908760748729,-1.03092597665293,0.112854604089561,0.11285460408956,0.11285460408956,-0.11285460408956
0.00151599999999997,-0.501808574255193,-1.62974451725076,-1.01964661722297,0.112793594299554,0.112793594299557,0.112793594299557,-0.112793594299557
0.00151699999999997,-0.533055771375416,-1.66033974840004,-1.00837377745273,0.112728397702462,0.112728397702462,0.112728397702462,-0.112728397702462
0.00151799999999997,-0.564281924366523,-1.69087213712934,-0.997107875325097,0.112659021276281,0.112659021276282,0.112659021276282,-0.112659021276282
0.00151899999999997,-0.595485800473461,-1.72134052204235,-0.985849328109408,0.112585472156889,0.112585472156889,0.112585472156889,-0.112585472156889
0.00151999999999997,-0.626666167820632,-1.75174374419767,-0.974598552345638,0.112507757637703,0.112507757637704,0.112507757637703,-0.112507757637703
0.00152099999999997,-0.657821795460521,-1.78208064715423,-0.963355963828701,0.112425885169369,0.112425885169371,0.112425885169371,-0.112425885169371
0.00152199999999997,-0.688951453422297,-1.81235007701658,-0.952121977592758,0.112339862359427,0.112339862359429,0.112339862359429,-0.112339862359429
0.00152299999999997,-0.720053912760366,-1.84255088248007,-0.940897007895561,0.112249696971969,0.11224969697197,0.11224969697197,-0.11224969697197
0.00152399999999997,-0.751127945602888,-1.87268191487592,-0.929681468202831,0.112155396927303,0.112155396927303,0.112155396927303,-0.112155396927303
0.00152499999999997,-0.782172325200256,-1.90274202821624,-0.918475771172672,0.112056970301596,0.112056970301599,0.112056970301598,-0.112056970301598
0.00152599999999997,-0.813185825973518,-1.9327300792389,-0.907280328640018,0.111954425326537,0.111954425326539,0.111954425326539,-0.111954425326539
0.00152699999999997,-0.844167223562767,-1.9626449274523,-0.896095551601123,0.111847770388953,0.111847770388954,0.111847770388953,-0.111847770388953
0.00152799999999997,-0.875115294875477,-1.99248543518003,-0.884921850198077,0.111737014030455,0.111737014030455,0.111737014030455,-0.111737014030455
0.00152899999999997,-0.906028818134782,-2.02225046760543,-0.873759633703371,0.111622164947064,0.111622164947065,0.111622164947065,-0.111622164947065
0.00152999999999997,-0.936906572927717,-2.05193889281606,-0.862609310504487,0.111503231988833,0.111503231988834,0.111503231988834,-0.111503231988834
0.00153099999999997,-0.967747340253393,-2.08154958184797,-0.851471288088542,0.111380224159457,0.111380224159458,0.111380224159458,-0.111380224159458
0.00153199999999997,-0.998549902571126,-2.11108140873,-0.840345973026953,0.111253150615886,0.111253150615888,0.111253150615888,-0.111253150615888
0.00153299999999997,-1.0293130438485,-2.14053325052781,-0.82923377096016,0.111122020667931,0.111122020667931,0.111122020667931,-0.111122020667931
0.00153399999999997,-1.06003554960936,-2.16990398738786,-0.818135086582375,0.110986843777851,0.11098684377785,0.11098684377785,-0.11098684377785
0.00153499999999997,-1.0907162069818,-2.19919250258135,-0.807050323626379,0.110847629559955,0.110847629559955,0.110847629559955,-0.110847629559955
0.00153599999999997,-1.12135380474599,-2.22839768254784,-0.795979884848361,0.110704387780184,0.110704387780185,0.110704387780185,-0.110704387780185
0.00153699999999997,-1.15194713338204,-2.25751841693896,-0.784924172012792,0.110557128355692,0.110557128355692,0.110557128355692,-0.110557128355692
0.00153799999999997,-1.18249498511771,-2.28655359866185,-0.77388358587735,0.110405861354413,0.110405861354414,0.110405861354414,-0.110405861354414
0.00153899999999997,-1.21299615397612,-2.31550212392251,-0.762858526177887,0.110250596994639,0.11025059699464,0.110250596994639,-0.11025059699464
0.00153999999999997,-1.24344943582335,-2.34436289226909,-0.751849391613429,0.110091345644573,0.110091345644574,0.110091345644574,-0.110091345644574
0.00154099999999997,-1.27385362841599,-2.37313480663493,-0.74085657983124,0.109928117821892,0.109928117821894,0.109928117821894,-0.109928117821894
0.00154199999999997,-1.30420753144856,-2.40181677338153,-0.72988048741191,0.109760924193296,0.109760924193297,0.109760924193297,-0.109760924193297
0.00154299999999997,-1.33450994660096,-2.43040770234143,-0.718921509854506,0.109589775574047,0.109589775574048,0.109589775574048,-0.109589775574048
0.00154399999999997,-1.3647596775857,-2.45890650686088,-0.707980041561754,0.109414682927518,0.109414682927518,0.109414682927518,-0.109414682927518
0.00154499999999997,-1.39495553019522,-2.48731210384238,-0.697056475825282,0.109235657364716,0.109235657364716,0.109235657364716,-0.109235657364716
0.00154599999999997,-1.42509631234896,-2.51562341378714,-0.6861512048109,0.109052710143819,0.109052710143819,0.109052710143819,-0.109052710143819
0.00154699999999997,-1.45518083414043,-2.54383936083733,-0.675264619543931,0.10886585266969,0.108865852669689,0.108865852669689,-0.108865852669689
0.00154799999999997,-1.48520790788425,-2.57195887281822,-0.664397109894592,0.108675096493397,0.108675096493397,0.108675096493397,-0.108675096493397
0.00154899999999997,-1.51517634816294,-2.5999808812802,-0.653549064563419,0.108480453311725,0.108480453311725,0.108480453311725,-0.108480453311725
0.00154999999999997,-1.54508497187381,-2.62790432154059,-0.642720871066752,0.108281934966677,0.108281934966678,0.108281934966678,-0.108281934966678
0.00155099999999997,-1.5749325982756,-2.65572813272537,-0.631912915722254,0.108079553444977,0.108079553444978,0.108079553444978,-0.108079553444978
0.00155199999999997,-1.60471804903512,-2.68345125781072,-0.621125583634498,0.10787332087756,0.10787332087756,0.10787332087756,-0.10787332087756
0.00155299999999997,-1.63444014827378,-2.7110726436644,-0.610359258680592,0.107663249539061,0.107663249539062,0.107663249539062,-0.107663249539062
0.00155399999999997,-1.664097722614,-2.73859124108703,-0.599614323495862,0.107449351847302,0.107449351847303,0.107449351847303,-0.107449351847303
0.00155499999999997,-1.69368960122553,-2.76600600485316,-0.588891159459585,0.107231640362763,0.107231640362763,0.107231640362763,-0.107231640362763
0.00155599999999997,-1.72321461587165,-2.79331589375221,-0.57819014668078,0.107010127788056,0.107010127788056,0.107010127788056,-0.107010127788056
0.00155699999999997,-1.75267160095536,-2.82051987062928,-0.567511663984041,0.106784826967391,0.106784826967392,0.106784826967392,-0.106784826967392
0.00155799999999997,-1.78205939356532,-2.84761690242571,-0.556856088895437,0.106555750886037,0.106555750886039,0.106555750886039,-0.106555750886039
0.00155899999999997,-1.8113768335218,-2.87460596021959,-0.546223797628459,0.106322912669778,0.106322912669779,0.106322912669779,-0.106322912669779
0.00155999999999997,-1.84062276342246,-2.90148601926606,-0.535615165070023,0.106086325584359,0.10608632558436,0.10608632558436,-0.10608632558436
0.00156099999999997,-1.86979602868807,-2.9282560590374,-0.52503056476653,0.105846003034932,0.105846003034933,0.105846003034933,-0.105846003034933
0.00156199999999997,-1.89889547760807,-2.95491506326305,-0.51447036890998,0.105601958565497,0.105601958565497,0.105601958565497,-0.105601958565497
0.00156299999999997,-1.92791996138605,-2.98146201996938,-0.503934948324147,0.105354205858332,0.105354205858333,0.105354205858333,-0.105354205858333
0.00156399999999997,-1.95686833418508,-3.00789592151934,-0.493424672450805,0.105102758733425,0.105102758733426,0.105102758733426,-0.105102758733426
0.00156499999999997,-1.98573945317297,-3.03421576465192,-0.482939909336015,0.104847631147894,0.104847631147895,0.104847631147894,-0.104847631147894
0.00156599999999997,-2.01453217856738,-3.06042055052142,-0.472481025616475,0.104588837195403,0.104588837195404,0.104588837195404,-0.104588837195404
0.00156699999999997,-2.04324537368081,-3.08650928473662,-0.462048386505917,0.104326391105581,0.104326391105581,0.104326391105581,-0.104326391105581
0.00156799999999997,-2.07187790496549,-3.11248097739968,-0.451642355781575,0.104060307243419,0.104060307243419,0.104060307243419,-0.104060307243419
0.00156899999999997,-2.1004286420581,-3.13833464314492,-0.441263295770707,0.103790600108681,0.103790600108682,0.103790600108682,-0.103790600108682
0.00156999999999997,-2.12889645782443,-3.16406930117741,-0.430911567337177,0.103517284335297,0.103517284335298,0.103517284335298,-0.103517284335298
0.00157099999999997,-2.15728022840386,-3.1896839753114,-0.420587529868102,0.103240374690753,0.103240374690753,0.103240374690753,-0.103240374690753
0.00157199999999997,-2.18557883325373,-3.21517769400852,-0.410291541260554,0.102959886075479,0.102959886075479,0.102959886075479,-0.102959886075479
0.00157299999999997,-2.21379115519358,-3.24054949041586,-0.400023957908331,0.102675833522228,0.102675833522228,0.102675833522228,-0.102675833522228
0.00157399999999997,-2.24191608044923,-3.26579840240379,-0.389785134688786,0.102388232195456,0.102388232195456,0.102388232195456,-0.102388232195456
0.00157499999999997,-2.26995249869681,-3.29092347260371,-0.379575424949716,0.102097097390691,0.102097097390691,0.102097097390691,-0.102097097390691
0.00157599999999997,-2.29789930310651,-3.31592374844547,-0.369395180496327,0.101802444533896,0.101802444533896,0.101802444533896,-0.101802444533896
0.00157699999999997,-2.32575539038636,-3.34079828219471,-0.359244751578243,0.101504289180834,0.101504289180834,0.101504289180834,-0.101504289180834
0.00157799999999997,-2.35351966082574,-3.36554613098997,-0.349124486876601,0.101202647016422,0.101202647016423,0.101202647016423,-0.101202647016423
0.00157899999999997,-2.38119101833877,-3.39016635687961,-0.339034733491193,0.100897533854084,0.100897533854084,0.100897533854084,-0.100897533854084
0.00157999999999997,-2.40876837050765,-3.41465802685856,-0.328975836927684,0.100588965635091,0.100588965635091,0.100588965635091,-0.100588965635091
0.00158099999999997,-2.43625062862574,-3.43902021290483,-0.318948141084893,0.100276958427909,0.100276958427909,0.100276958427909,-0.100276958427909
0.00158199999999997,-2.46363670774054,-3.46325199201585,-0.30895198824214,0.0999615284275313,0.0999615284275318,0.0999615284275318,-0.0999615284275318
0.00158299999999997,-2.49092552669653,-3.48735244624465,-0.298987719046659,0.0996426919548116,0.099642691954812,0.0996426919548119,-0.0996426919548119
0.00158399999999997,-2.51811600817788,-3.51132066273577,-0.28905567250108,0.0993204654557883,0.0993204654557886,0.0993204654557885,-0.0993204654557885
0.00158499999999997,-2.54520707875094,-3.53515573376101,-0.279156185950979,0.0989948655010076,0.0989948655010076,0.0989948655010075,-0.0989948655010075
0.00158599999999997,-2.57219766890661,-3.55885675675501,-0.269289595072495,0.0986659087848391,0.0986659087848393,0.0986659087848392,-0.0986659087848392
0.00158699999999997,-2.59908671310263,-3.58242283435053,-0.259456233860016,0.0983336121247902,0.0983336121247903,0.0983336121247902,-0.0983336121247902
0.00158799999999997,-2.62587314980556,-3.60585307441366,-0.249656434613935,0.0979979924608099,0.0979979924608103,0.0979979924608102,-0.0979979924608103
0.00158899999999997,-2.65255592153276,-3.62914659007871,-0.239890527928476,0.0976590668545951,0.0976590668545953,0.0976590668545952,-0.0976590668545952
0.00158999999999997,-2.67913397489407,-3.65230249978292,-0.230158842679587,0.0973168524888851,0.0973168524888849,0.0973168524888849,-0.0973168524888849
0.00159099999999997,-2.70560626063347,-3.67531992730103,-0.220461706012912,0.096971366666756,0.0969713666667561,0.0969713666667561,-0.096971366666756
0.00159199999999997,-2.73197173367044,-3.69819800177955,-0.21079944333182,0.0966226268109113,0.0966226268109113,0.0966226268109113,-0.0966226268109113
0.00159299999999997,-2.75822935314124,-3.72093585777087,-0.201172378285524,0.0962706504629623,0.0962706504629628,0.0962706504629628,-0.0962706504629628
0.00159399999999997,-2.78437808244003,-3.74353263526715,-0.191580832757253,0.0959154552827116,0.0959154552827118,0.0959154552827117,-0.0959154552827118
0.00159499999999997,-2.81041688925975,-3.76598747973398,-0.182025126852511,0.0955570590474233,0.0955570590474237,0.0955570590474236,-0.0955570590474236
0.00159599999999997,-2.83634474563288,-3.78829954214386,-0.172505578887401,0.0951954796510979,0.0951954796510981,0.095195479651098,-0.095195479651098
0.00159699999999997,-2.86216062797205,-3.8104679790094,-0.163022505377027,0.0948307351037347,0.0948307351037348,0.0948307351037347,-0.0948307351037347
0.00159799999999996,-2.88786351711044,-3.83249195241639,-0.153576221023968,0.0944628435305953,0.0944628435305956,0.0944628435305955,-0.0944628435305955
0.00159899999999996,-2.91345239834198,-3.85437063005659,-0.144167038706822,0.0940918231714605,0.0940918231714606,0.0940918231714606,-0.0940918231714606
0.00159999999999996,-2.93892626146147,-3.87610318526028,-0.134795269468834,0.0937176923798813,0.0937176923798815,0.0937176923798814,-0.0937176923798814
0.00160099999999996,-2.9642841008044,-3.89768879702869,-0.125461222506591,0.0933404696224291,0.0933404696224293,0.0933404696224292,-0.0933404696224292
0.00160199999999996,-2.9895249152867,-3.91912665006609,-0.116165205158797,0.0929601734779385,0.0929601734779385,0.0929601734779385,-0.0929601734779385
0.00160299999999996,-3.01464770844423,-3.9404159348117,-0.106907522895122,0.0925768226367468,0.0925768226367469,0.0925768226367469,-0.0925768226367468
0.00160399999999996,-3.03965148847214,-3.96155584747144,-0.0976884793051293,0.0921904358999302,0.0921904358999302,0.0921904358999302,-0.0921904358999302
0.00160499999999996,-3.064535268264,-3.98254559004934,-0.0885083760872759,0.091801032178534,0.091801032178534,0.091801032178534,-0.091801032178534
0.00160599999999996,-3.08929806545079,-4.00338437037879,-0.0793675130379959,0.0914086304928,0.0914086304928,0.0914086304927999,-0.0914086304927998
0.00160699999999996,-3.11393890243968,-4.02407140215357,-0.070266188040857,0.0910132499713887,0.0910132499713887,0.0910132499713886,-0.0910132499713887
0.00160799999999996,-3.13845680645262,-4.04460590495861,-0.0612046970557972,0.0906149098505984,0.0906149098505984,0.0906149098505983,-0.0906149098505983
0.00160899999999996,-3.16285080956475,-4.06498710430054,-0.0521833341084392,0.0902136294735791,0.0902136294735792,0.0902136294735791,-0.0902136294735791
0.00160999999999996,-3.18711994874257,-4.08521423163801,-0.0432023912794849,0.0898094282895433,0.0898094282895433,0.0898094282895433,-0.0898094282895433
0.00161099999999996,-3.21126326588205,-4.10528652441177,-0.0342621586941878,0.0894023258529716,0.0894023258529716,0.0894023258529715,-0.0894023258529715
0.00161199999999996,-3.23527980784635,-4.12520322607451,-0.0253629245119062,0.0889923418228153,0.0889923418228153,0.0889923418228153,-0.0889923418228153
0.00161299999999996,-3.25916862650353,-4.14496358612048,-0.0165049749157367,0.0885794959616949,0.0885794959616949,0.0885794959616949,-0.0885794959616948
0.00161399999999996,-3.28292877876392,-4.16456686011485,-0.00768859410222737,0.0881638081350936,0.0881638081350936,0.0881638081350935,-0.0881638081350935
0.00161499999999996,-3.3065593266174,-4.18401230972288,0.00108593572882747,0.0877452983105484,0.0877452983105484,0.0877452983105484,-0.0877452983105483
0.00161599999999996,-3.3300593371704,-4.20329920273876,0.00981833438451108,0.0873239865568361,0.0873239865568361,0.087323986556836,-0.087323986556836
0.00161699999999996,-3.35342788268275,-4.2224268131143,0.0185083236888267,0.0868998930431558,0.0868998930431558,0.0868998930431557,-0.0868998930431557
0.00161799999999996,-3.37666404060427,-4.24139442098735,0.0271556274926574,0.0864730380383078,0.0864730380383078,0.0864730380383077,-0.0864730380383077
0.00161899999999996,-3.39976689361125,-4.26020131270993,0.0357599716836443,0.0860434419098684,0.0860434419098684,0.0860434419098683,-0.0860434419098683
0.00161999999999996,-3.4227355296426,-4.27884678087621,0.0443210841959804,0.0856111251233612,0.0856111251233612,0.0856111251233612,-0.0856111251233611
0.00162099999999996,-3.4455690419359,-4.29733012435014,0.0528386950201228,0.0851761082414242,0.0851761082414242,0.085176108241424,-0.0851761082414241
0.00162199999999996,-3.46826652906318,-4.31565064829292,0.0613125362124202,0.0847384119229737,0.0847384119229737,0.0847384119229736,-0.0847384119229736
0.00162299999999996,-3.49082709496653,-4.33380766419017,0.0697423419046566,0.0842980569223642,0.0842980569223642,0.0842980569223641,-0.0842980569223641
0.00162399999999996,-3.51324984899341,-4.35180048987886,0.0781278483135111,0.0838550640885451,0.083855064088545,0.0838550640885449,-0.0838550640885449
0.00162499999999996,-3.53553390593191,-4.36962844957403,0.0864687937499324,0.0834094543642126,0.0834094543642126,0.0834094543642125,-0.0834094543642125
0.00162599999999996,-3.5576783860456,-4.3872908738952,0.0947649186284284,0.0829612487849604,0.0829612487849603,0.0829612487849602,-0.0829612487849602
0.00162699999999996,-3.57968241510833,-4.40478709989257,0.103015965476271,0.0825104684784234,0.0825104684784234,0.0825104684784232,-0.0825104684784232
0.00162799999999996,-3.60154512443871,-4.42211647107293,0.111221678942613,0.0820571346634222,0.0820571346634218,0.0820571346634217,-0.0820571346634217
0.00162899999999996,-3.62326565093442,-4.4392783374254,0.119381805807523,0.0816012686490987,0.0816012686490985,0.0816012686490985,-0.0816012686490985
0.00162999999999996,-3.64484313710624,-4.45627205544679,0.127496094990928,0.081142891834055,0.0811428918340548,0.0811428918340547,-0.0811428918340548
0.00163099999999996,-3.66627673111199,-4.47309698816681,0.135564297561477,0.0806820257054819,0.0806820257054819,0.0806820257054819,-0.0806820257054819
0.00163199999999996,-3.68756558679006,-4.48975250517297,0.143586166745306,0.0802186918382902,0.0802186918382901,0.0802186918382901,-0.0802186918382901
0.00163299999999996,-3.70870886369289,-4.50623798263523,0.151561457934729,0.0797529118942333,0.0797529118942331,0.0797529118942331,-0.0797529118942331
0.00163399999999996,-3.72970572712011,-4.52255280333042,0.159489928696832,0.0792847076210304,0.0792847076210304,0.0792847076210303,-0.0792847076210303
0.00163499999999996,-3.7505553481515,-4.53869635666636,0.16737133878198,0.0788141008514856,0.0788141008514855,0.0788141008514855,-0.0788141008514854
0.00163599999999996,-3.77125690367973,-4.55466803870575,0.175205450132241,0.0783411135026019,0.0783411135026017,0.0783411135026017,-0.0783411135026016
0.00163699999999996,-3.79180957644282,-4.57046725218976,0.18299202688971,0.0778657675746938,0.0778657675746938,0.0778657675746938,-0.0778657675746938
0.00163799999999996,-3.81221255505646,-4.58609340656143,0.19073083540476,0.0773880851504977,0.0773880851504972,0.0773880851504972,-0.0773880851504971
0.00163899999999996,-3.83246503404597,-4.60154591798871,0.198421644244187,0.0769080883942741,0.0769080883942739,0.0769080883942738,-0.0769080883942738
0.00163999999999996,-3.85256621387817,-4.61682420938732,0.206064224199279,0.0764257995509152,0.0764257995509152,0.0764257995509151,-0.0764257995509152
0.00164099999999996,-3.8725153009929,-4.63192771044332,0.213658348293783,0.0759412409450419,0.0759412409450415,0.0759412409450415,-0.0759412409450415
0.00164199999999996,-3.89231150783435,-4.64685585763534,0.221203791791793,0.0754544349800987,0.0754544349800988,0.0754544349800987,-0.0754544349800987
0.00164299999999996,-3.91195405288218,-4.6616080942567,0.228700332205538,0.0749654041374526,0.0749654041374526,0.0749654041374525,-0.0749654041374525
0.00164399999999996,-3.93144216068234,-4.67618387043712,0.236147749303086,0.0744741709754784,0.0744741709754786,0.0744741709754785,-0.0744741709754785
0.00164499999999996,-3.9507750618777,-4.69058264316421,0.243545825115951,0.0739807581286508,0.0739807581286506,0.0739807581286505,-0.0739807581286505
0.00164599999999996,-3.96995199323843,-4.70480387630468,0.250894343946614,0.0734851883066254,0.0734851883066254,0.0734851883066254,-0.0734851883066254
0.00164699999999996,-3.98897219769211,-4.71884704062536,0.258193092375946,0.0729874842933259,0.0729874842933253,0.0729874842933253,-0.0729874842933252
0.00164799999999996,-4.00783492435364,-4.73271161381381,0.265441859270548,0.0724876689460169,0.0724876689460169,0.0724876689460168,-0.0724876689460168
0.00164899999999996,-4.02653942855488,-4.74639708049876,0.272640435789987,0.0719857651943884,0.071985765194388,0.071985765194388,-0.0719857651943879
0.00164999999999996,-4.04508497187401,-4.75990293227022,0.279788615393949,0.0714817960396219,0.0714817960396216,0.0714817960396215,-0.0714817960396215
0.00165099999999996,-4.06347082216475,-4.77322866769941,0.286886193849296,0.070975784553467,0.0709757845534667,0.0709757845534666,-0.0709757845534666
0.00165199999999996,-4.0816962535852,-4.78637379235827,0.293932969237026,0.0704677538773074,0.0704677538773072,0.0704677538773071,-0.0704677538773071
0.00165299999999996,-4.09976054662655,-4.79933781883882,0.300928741959149,0.0699577272212276,0.0699577272212274,0.0699577272212273,-0.0699577272212273
0.00165399999999996,-4.11766298814143,-4.81212026677218,0.307873314745457,0.0694457278630761,0.0694457278630757,0.0694457278630756,-0.0694457278630756
0.00165499999999996,-4.1354028713721,-4.82472066284735,0.314766492660209,0.0689317791475252,0.0689317791475249,0.0689317791475249,-0.0689317791475249
0.00165599999999996,-4.15297949597836,-4.83713854082967,0.321608083108722,0.0684159044851312,0.0684159044851311,0.068415904485131,-0.068415904485131
0.00165699999999996,-4.17039216806516,-4.84937344157905,0.328397895843861,0.067898127351389,0.0678981273513888,0.0678981273513887,-0.0678981273513887
0.00165799999999996,-4.18764020021002,-4.86142491306787,0.33513574297244,0.0673784712857856,0.0673784712857848,0.0673784712857847,-0.0673784712857847
0.00165899999999996,-4.20472291149016,-4.87329251039865,0.341821438961525,0.0668569598908492,0.0668569598908487,0.0668569598908486,-0.0668569598908486
0.00165999999999996,-4.2216396275094,-4.88497579582142,0.348454800644645,0.0663336168312023,0.0663336168312021,0.0663336168312021,-0.0663336168312021
0.00166099999999996,-4.23838968042474,-4.89647433875079,0.355035647227905,0.0658084658326047,0.0658084658326042,0.0658084658326042,-0.0658084658326042
0.00166199999999996,-4.25497240897279,-4.90778771578275,0.361563800296005,0.0652815306809967,0.0652815306809964,0.0652815306809963,-0.0652815306809963
0.00166299999999996,-4.27138715849581,-4.91891551071125,0.368039083818159,0.0647528352215437,0.0647528352215434,0.0647528352215434,-0.0647528352215434
0.00166399999999996,-4.2876332809676,-4.92985731454434,0.374461324153927,0.0642224033576744,0.0642224033576736,0.0642224033576735,-0.0642224033576735
0.00166499999999996,-4.30371013501907,-4.94061272552022,0.380830350058938,0.0636902590501159,0.0636902590501157,0.0636902590501156,-0.0636902590501157
0.00166599999999996,-4.31961708596353,-4.95118134912287,0.387145992690532,0.0631564263159351,0.0631564263159344,0.0631564263159342,-0.0631564263159342
0.00166699999999996,-4.33535350582181,-4.96156279809744,0.393408085613288,0.0626209292275631,0.0626209292275633,0.0626209292275632,-0.0626209292275632
0.00166799999999996,-4.35091877334699,-4.97175669246536,0.399616464804472,0.0620837919118367,0.0620837919118363,0.0620837919118362,-0.0620837919118362
0.00166899999999996,-4.36631227404897,-4.98176265953914,0.405770968659374,0.0615450385490163,0.0615450385490164,0.0615450385490163,-0.0615450385490163
0.00166999999999996,-4.38153340021869,-4.99158033393693,0.411871437996556,0.0610046933718228,0.0610046933718231,0.061004693371823,-0.061004693371823
0.00167099999999996,-4.39658155095216,-5.00120935759674,0.417917716063002,0.060462780664457,0.0604627806644571,0.0604627806644571,-0.0604627806644571
0.00167199999999996,-4.41145613217416,-5.0106493797904,0.423909648539164,0.0599193247616242,0.0599193247616242,0.0599193247616241,-0.059919324761624
0.00167299999999996,-4.42615655666167,-5.01990005713723,0.42984708354392,0.0593743500475569,0.0593743500475561,0.059374350047556,-0.059374350047556
0.00167399999999996,-4.44068224406712,-5.02896105361743,0.435729871639423,0.0588278809550313,0.0588278809550304,0.0588278809550303,-0.0588278809550303
0.00167499999999996,-4.45503262094125,-5.03783204058513,0.441557865835862,0.0582799419643887,0.0582799419643883,0.0582799419643882,-0.0582799419643882
0.00167599999999996,-4.46920712075573,-5.04651269678124,0.447330921596117,0.0577305576025505,0.0577305576025505,0.0577305576025505,-0.0577305576025504
0.00167699999999996,-4.4832051839256,-5.05500270834592,0.45304889684032,0.057179752442032,0.0571797524420319,0.0571797524420319,-0.0571797524420319
0.00167799999999996,-4.49702625783128,-5.06330176883082,0.458711651950315,0.0566275510999548,0.0566275510999538,0.0566275510999537,-0.0566275510999537
0.00167899999999996,-4.51066979684045,-5.071409579211,0.464319049774021,0.0560739782370556,0.0560739782370553,0.0560739782370552,-0.0560739782370552
0.00167999999999996,-4.52413526232954,-5.07932584789656,0.469870955629691,0.0555190585567034,0.0555190585567027,0.0555190585567027,-0.0555190585567027
0.00168099999999996,-4.53742212270503,-5.087050290744,0.475367237310081,0.0549628168038974,0.0549628168038973,0.0549628168038971,-0.0549628168038971
0.00168199999999996,-4.55052985342443,-5.09458263106725,0.480807765086509,0.0544052777642823,0.0544052777642819,0.0544052777642817,-0.0544052777642817
0.00168299999999996,-4.56345793701697,-5.10192259964843,0.486192411712824,0.053846466263146,0.0538464662631458,0.0538464662631458,-0.0538464662631457
0.00168399999999996,-4.57620586310405,-5.10906993474833,0.491521052429267,0.0532864071644285,0.053286407164428,0.053286407164428,-0.053286407164428
0.00168499999999996,-4.58877312841938,-5.11602438211657,0.496793564966239,0.0527251253697203,0.0527251253697198,0.0527251253697197,-0.0527251253697197
0.00168599999999996,-4.60115923682883,-5.12278569500148,0.502009829547965,0.0521626458172653,0.0521626458172648,0.0521626458172647,-0.0521626458172647
0.00168699999999996,-4.61336369935006,-5.12935363415965,0.507169728896061,0.0515989934809591,0.0515989934809593,0.0515989934809592,-0.0515989934809591
0.00168799999999996,-4.62538603417178,-5.13572796786527,0.512273148232996,0.0510341933693492,0.0510341933693494,0.0510341933693494,-0.0510341933693493
0.00168899999999996,-4.6372257666728,-5.14190847191909,0.517319975285459,0.0504682705246295,0.050468270524629,0.0504682705246289,-0.0504682705246289
0.00168999999999996,-4.64888242944076,-5.14789492965711,0.522310100287622,0.0499012500216345,0.0499012500216345,0.0499012500216344,-0.0499012500216345
0.00169099999999996,-4.66035556229057,-5.15368713195897,0.527243415984307,0.049333156966842,0.0493331569668402,0.0493331569668401,-0.0493331569668401
0.00169199999999996,-4.67164471228258,-5.15928487725609,0.532119817634042,0.0487640164973524,0.0487640164973512,0.048764016497351,-0.048764016497351
0.00169299999999996,-4.68274943374049,-5.16468797153945,0.536939203012032,0.0481938537798976,0.048193853779896,0.0481938537798959,-0.0481938537798959
0.00169399999999996,-4.6936692882689,-5.16989622836708,0.541701472413014,0.047622694009819,0.047622694009818,0.0476226940098178,-0.0476226940098178
0.00169499999999996,-4.70440384477067,-5.17490946887132,0.54640652865402,0.0470505624100659,0.0470505624100655,0.0470505624100654,-0.0470505624100654
0.00169599999999996,-4.71495267946387,-5.17972752176568,0.551054277077038,0.0464774842301818,0.0464774842301812,0.0464774842301812,-0.0464774842301812
0.00169699999999996,-4.72531537589858,-5.18435022335149,0.555644625551568,0.0459034847452922,0.0459034847452909,0.0459034847452909,-0.0459034847452909
0.00169799999999996,-4.73549152497328,-5.18877741752419,0.560177484477077,0.0453285892550914,0.0453285892550908,0.0453285892550907,-0.0453285892550907
0.00169899999999996,-4.74548072495104,-5.19300895577938,0.56465276678536,0.0447528230828342,0.0447528230828343,0.0447528230828342,-0.0447528230828342
0.00169999999999996,-4.75528258147534,-5.19704469721852,0.569070387942792,0.0441762115743183,0.0441762115743182,0.0441762115743181,-0.0441762115743181
0.00170099999999996,-4.76489670758568,-5.20088450855435,0.573430265952479,0.0435987800968685,0.0435987800968675,0.0435987800968674,-0.0435987800968674
0.00170199999999996,-4.77432272373281,-5.20452826411601,0.577732321356311,0.0430205540383199,0.0430205540383203,0.0430205540383201,-0.0430205540383201
0.00170299999999996,-4.78356025779375,-5.20797584585386,0.581976477236912,0.0424415588060112,0.0424415588060112,0.0424415588060111,-0.0424415588060111
0.00170399999999996,-4.79260894508649,-5.21122714334403,0.586162659219487,0.0418618198257548,0.0418618198257548,0.0418618198257547,-0.0418618198257547
0.00170499999999996,-4.80146842838433,-5.21428205379261,0.59029079547357,0.0412813625408281,0.0412813625408282,0.0412813625408281,-0.0412813625408281
0.00170599999999996,-4.81013835793005,-5.21714048203958,0.594360816714665,0.0407002124109523,0.0407002124109528,0.0407002124109527,-0.0407002124109528
0.00170699999999996,-4.81861839144968,-5.21980234056244,0.598372656205793,0.0401183949112771,0.040118394911276,0.0401183949112759,-0.0401183949112759
0.00170799999999996,-4.82690819416601,-5.22226754947953,0.602326249758928,0.0395359355313518,0.0395359355313521,0.0395359355313521,-0.0395359355313522
0.00170899999999996,-4.83500743881182,-5.22453603655305,0.606221535736341,0.038952859774124,0.0389528597741232,0.0389528597741231,-0.0389528597741231
0.00170999999999996,-4.84291580564281,-5.2266077371918,0.610058455051831,0.0383691931548991,0.0383691931548988,0.0383691931548988,-0.0383691931548988
0.00171099999999996,-4.85063298245019,-5.22848259445355,0.613836951171864,0.0377849612003356,0.0377849612003363,0.0377849612003363,-0.0377849612003363
0.00171199999999996,-4.85815866457304,-5.23016055904724,0.617556970116606,0.0372001894474194,0.0372001894474199,0.0372001894474199,-0.0372001894474199
0.00171299999999996,-4.86549255491031,-5.23164158933471,0.62121846046085,0.0366149034424401,0.0366149034424404,0.0366149034424403,-0.0366149034424402
0.00171399999999996,-4.87263436393257,-5.23292565133231,0.624821373334848,0.0360291287399739,0.0360291287399737,0.0360291287399735,-0.0360291287399735
0.00171499999999996,-4.87958380969343,-5.23401271871203,0.628365662425034,0.03544289090186,0.0354428909018599,0.0354428909018598,-0.0354428909018598
0.00171599999999996,-4.88634061784067,-5.23490277280249,0.631851283974652,0.0348562154961829,0.0348562154961822,0.0348562154961821,-0.0348562154961821
0.00171699999999995,-4.89290452162707,-5.23559580258952,0.635278196784276,0.0342691280962448,0.0342691280962449,0.0342691280962447,-0.0342691280962447
0.00171799999999995,-4.89927526192095,-5.23609180471647,0.638646362212232,0.0336816542795526,0.033681654279552,0.0336816542795519,-0.0336816542795519
0.00171899999999995,-4.9054525872164,-5.23639078348425,0.64195574417491,0.033093819626786,0.0330938196267861,0.0330938196267859,-0.033093819626786
0.00171999999999995,-4.91143625364318,-5.23649275085104,0.645206309146989,0.0325056497207876,0.0325056497207863,0.0325056497207862,-0.0325056497207862
0.00172099999999995,-4.91722602497639,-5.23639772643166,0.648398026161542,0.0319171701455268,0.031917170145527,0.0319171701455268,-0.0319171701455268
0.00172199999999995,-4.92282167264578,-5.23610573749674,0.651530866810051,0.0313284064850961,0.0313284064850963,0.0313284064850962,-0.0313284064850963
0.00172299999999995,-4.92822297574475,-5.2356168189715,0.654604805242319,0.0307393843226766,0.0307393843226749,0.0307393843226748,-0.0307393843226749
0.00172399999999995,-4.93342972103911,-5.23493101343426,0.65761981816627,0.0301501292395145,0.0301501292395148,0.0301501292395148,-0.0301501292395148
0.00172499999999995,-4.93844170297546,-5.23404837111465,0.660575884847662,0.0295606668139192,0.0295606668139186,0.0295606668139185,-0.0295606668139185
0.00172599999999995,-4.94325872368935,-5.23296894989154,0.663472987109684,0.02897102262022,0.0289710226202185,0.0289710226202184,-0.0289710226202183
0.00172699999999995,-4.94788059301305,-5.23169281529061,0.66631110933246,0.028381222227758,0.0283812222277562,0.0283812222277562,-0.0283812222277562
0.00172799999999995,-4.95230712848306,-5.23022004048168,0.669090238452446,0.0277912911998635,0.0277912911998628,0.0277912911998627,-0.0277912911998628
0.00172899999999995,-4.95653815534734,-5.22855070627573,0.67181036396173,0.0272012550928391,0.027201255092839,0.0272012550928389,-0.0272012550928389
0.00172999999999995,-4.96057350657221,-5.22668490112157,0.674471477907224,0.0266111394549373,0.0266111394549362,0.0266111394549361,-0.0266111394549361
0.00173099999999995,-4.96441302284889,-5.22462272110226,0.677073574889758,0.0260209698253377,0.026020969825337,0.0260209698253369,-0.0260209698253369
0.00173199999999995,-4.96805655259988,-5.22236426993125,0.679616652063072,0.0254307717331381,0.0254307717331375,0.0254307717331375,-0.0254307717331375
0.00173299999999995,-4.97150395198484,-5.21990965894813,0.682100709132705,0.0248405706963306,0.0248405706963294,0.0248405706963294,-0.0248405706963294
0.00173399999999995,-4.97475508490635,-5.21725900711418,0.684525748354783,0.0242503922207826,0.0242503922207825,0.0242503922207824,-0.0242503922207823
0.00173499999999995,-4.97780982301526,-5.21441244100754,0.686891774534706,0.0236602617992288,0.0236602617992283,0.0236602617992282,-0.0236602617992282
0.00173599999999995,-4.98066804571573,-5.21137009481817,0.68919879502573,0.0230702049102449,0.0230702049102439,0.0230702049102439,-0.0230702049102439
0.00173699999999995,-4.98332964017003,-5.2081321103424,0.691446819727454,0.0224802470172381,0.022480247017237,0.0224802470172369,-0.0224802470172369
0.00173799999999995,-4.98579450130296,-5.20469863697727,0.693635861084197,0.0218904135674314,0.0218904135674308,0.0218904135674308,-0.0218904135674308
0.00173899999999995,-4.98806253180602,-5.20106983171453,0.695765934083282,0.0213007299908519,0.021300729990851,0.0213007299908509,-0.0213007299908509
0.00173999999999995,-4.99013364214126,-5.19724585913439,0.697837056253214,0.0207112216993122,0.0207112216993123,0.0207112216993123,-0.0207112216993122
0.00174099999999995,-4.99200775054479,-5.19322689139885,0.699849247661754,0.020121914085407,0.0201219140854062,0.0201219140854061,-0.0201219140854061
0.00174199999999995,-4.99368478303001,-5.18901310824492,0.701802530913904,0.0195328325214916,0.0195328325214903,0.0195328325214902,-0.0195328325214902
0.00174299999999995,-4.99516467339056,-5.18460469697733,0.703696931149772,0.0189440023586795,0.0189440023586776,0.0189440023586775,-0.0189440023586775
0.00174399999999995,-4.99644736320289,-5.18000185246116,0.705532476042354,0.0183554489258286,0.0183554489258273,0.0183554489258271,-0.0183554489258271
0.00174499999999995,-4.99753280182861,-5.17520477711397,0.707309195795208,0.0177671975285365,0.0177671975285364,0.0177671975285362,-0.0177671975285362
0.00174599999999995,-4.99842094641646,-5.17021368089779,0.709027123140021,0.0171792734481335,0.0171792734481326,0.0171792734481325,-0.0171792734481325
0.00174699999999995,-4.99911176190402,-5.1650287813107,0.710686293334088,0.0165917019406681,0.0165917019406681,0.0165917019406679,-0.0165917019406679
0.00174799999999995,-4.99960522101906,-5.15965030337821,0.71228674415768,0.016004508235915,0.0160045082359145,0.0160045082359144,-0.0160045082359144
0.00174899999999995,-4.99990130428068,-5.15407847964426,0.713828515911316,0.015417717536359,0.015417717536359,0.0154177175363588,-0.0154177175363588
0.00174999999999995,-5,-5.14831355016201,0.715311651412936,0.0148313550162016,0.0148313550162015,0.0148313550162014,-0.0148313550162014
0.00175099999999995,-4.9999013042807,-5.14235576248423,0.716736195994971,0.0142454458203534,0.0142454458203535,0.0142454458203535,-0.0142454458203534
0.00175199999999995,-4.9996052210191,-5.13620537165348,0.718102197501315,0.0136600150634392,0.0136600150634381,0.013660015063438,-0.0136600150634381
0.00175299999999995,-4.99911176190407,-5.12986264019198,0.719409706284194,0.0130750878287911,0.0130750878287904,0.0130750878287904,-0.0130750878287903
0.00175399999999995,-4.99842094641654,-5.12332783809115,0.72065877520094,0.0124906891674614,0.0124906891674612,0.0124906891674612,-0.0124906891674612
0.00175499999999995,-4.99753280182871,-5.1166012428009,0.721849459610662,0.0119068440972203,0.0119068440972201,0.01190684409722,-0.01190684409722
0.00175599999999995,-4.996447363203,-5.10968313921861,0.722981817370818,0.0113235776015619,0.0113235776015611,0.0113235776015611,-0.0113235776015611
0.00175699999999995,-4.99516467339069,-5.10257381967779,0.72405590883369,0.0107409146287107,0.01074091462871,0.0107409146287099,-0.0107409146287099
0.00175799999999995,-4.99368478303016,-5.09527358393648,0.725071796842753,0.0101588800906327,0.0101588800906321,0.010158880090632,-0.0101588800906319
0.00175899999999995,-4.99200775054496,-5.08778273916539,0.726029546728957,0.00957749886204451,0.00957749886204263,0.00957749886204251,-0.00957749886204246
0.00175999999999995,-4.99013364214145,-5.08010159993564,0.726929226306899,0.00899679577941792,0.00899679577941837,0.00899679577941832,-0.00899679577941825
0.00176099999999995,-4.98806253180623,-5.07223048820634,0.7277709058709,0.00841679564001163,0.00841679564001065,0.00841679564001057,-0.00841679564001063
0.00176199999999995,-4.98579450130319,-5.06416973331179,0.728554658190986,0.00783752320085984,0.00783752320086037,0.0078375232008602,-0.00783752320086023
0.00176299999999995,-4.98332964017028,-5.05591967194842,0.729280558508768,0.00725900317781525,0.00725900317781466,0.00725900317781463,-0.00725900317781469
0.00176399999999995,-4.980668045716,-5.04748064816145,0.729948684533222,0.00668126024454652,0.00668126024454519,0.00668126024454514,-0.00668126024454518
0.00176499999999995,-4.97780982301555,-5.03885301333123,0.730559116436379,0.00610431903157016,0.00610431903156843,0.00610431903156838,-0.00610431903156838
0.00176599999999995,-4.97475508490666,-5.03003712615933,0.731111936848906,0.005528204125268,0.0055282041252676,0.0055282041252676,-0.00552820412526761
0.00176699999999995,-4.97150395198516,-5.02103335265432,0.731607230855598,0.00495294006691793,0.00495294006691661,0.00495294006691651,-0.00495294006691654
0.00176799999999995,-4.96805655260022,-5.01184206611727,0.732045085990769,0.00437855135170695,0.00437855135170581,0.00437855135170571,-0.00437855135170573
0.00176899999999995,-4.96441302284925,-5.00246364712695,0.732425592233546,0.00380506242776968,0.00380506242776976,0.00380506242776972,-0.00380506242776973
0.00176999999999995,-4.96057350657258,-4.99289848352475,0.732748842003067,0.00323249769521805,0.00323249769521698,0.0032324976952169,-0.00323249769521688
0.00177099999999995,-4.95653815534774,-4.98314697039935,0.733014930153584,0.00266088150516208,0.00266088150516168,0.00266088150516159,-0.00266088150516164
0.00177199999999995,-4.95230712848347,-4.97320951007105,0.73322395396946,0.00209023815875842,0.00209023815875763,0.00209023815875753,-0.00209023815875753
0.00177299999999995,-4.94788059301348,-4.96308651207582,0.733376013160083,0.00152059190623444,0.00152059190623404,0.00152059190623399,-0.00152059190623399
0.00177399999999995,-4.94325872368981,-4.95277839314914,0.733471209854676,0.000951966945934579,0.00095196694593366,0.000951966945933513,-0.000951966945933524
0.00177499999999995,-4.93844170297593,-4.94228557720946,0.733509648597012,0.000384387423353338,0.000384387423353012,0.000384387423352894,-0.000384387423352894
0.00177599999999995,-4.9334297210396,-4.93160849534144,0.73349143634003,-0.000182122569813981,-0.000182122569815135,-0.000182122569815224,0.000182122569815257
0.00177699999999995,-4.92822297574526,-4.92074758577888,0.733416682440367,-0.000747538996637154,-0.000747538996637061,-0.000747538996637154,0.000747538996637154
0.00177799999999995,-4.9228216726463,-4.90970329388739,0.733285498652777,-0.0013118378758914,-0.00131183787589108,-0.00131183787589118,0.00131183787589118
0.00177899999999995,-4.91722602497693,-4.89847607214675,0.733097999124476,-0.00187499528301771,-0.0018749952830182,-0.00187499528301824,0.00187499528301827
0.00177999999999995,-4.91143625364374,-4.88706638013303,0.732854300389369,-0.00243698735107101,-0.00243698735107044,-0.00243698735107056,0.00243698735107056
0.00178099999999995,-4.90545258721698,-4.87547468450041,0.732554521362203,-0.00299779027165603,-0.0029977902716567,-0.00299779027165679,0.00299779027165681
0.00178199999999995,-4.89927526192155,-4.86370145896269,0.732198783332614,-0.00355738029588548,-0.00355738029588623,-0.00355738029588624,0.00355738029588626
0.00178299999999995,-4.89290452162769,-4.85174718427459,0.731787209959084,-0.00411573373530927,-0.0041157337353096,-0.00411573373530967,0.00411573373530966
0.00178399999999995,-4.8863406178413,-4.83961234821273,0.731319927262798,-0.00467282696285598,-0.00467282696285715,-0.00467282696285727,0.00467282696285726
0.00178499999999995,-4.87958380969409,-4.82729744555634,0.730797063621421,-0.00522863641377436,-0.00522863641377493,-0.00522863641377498,0.00522863641377502
0.00178599999999995,-4.87263436393324,-4.81480297806766,0.730218749762765,-0.00578313858655699,-0.00578313858655797,-0.00578313858655806,0.00578313858655805
0.00178699999999995,-4.865492554911,-4.80212945447219,0.729585118758377,-0.00633631004388069,-0.00633631004388103,-0.00633631004388109,0.00633631004388108
0.00178799999999995,-4.85815866457375,-4.78927739043848,0.728896306017024,-0.00688812741352685,-0.00688812741352658,-0.00688812741352667,0.00688812741352668
0.00178899999999995,-4.85063298245092,-4.77624730855782,0.728152449278093,-0.0074385673893107,-0.00743856738931017,-0.00743856738931026,0.00743856738931026
0.00178999999999995,-4.84291580564356,-4.76303973832353,0.727353688604893,-0.00798760673200172,-0.00798760673200302,-0.00798760673200309,0.00798760673200311
0.00179099999999995,-4.83500743881259,-4.74965521611007,0.726500166377868,-0.00853522227025061,-0.00853522227025181,-0.0085352222702519,0.00853522227025189
0.00179199999999995,-4.82690819416679,-4.73609428515183,0.725592027287718,-0.00908139090149529,-0.00908139090149576,-0.00908139090149591,0.0090813909014959
0.00179299999999995,-4.81861839145048,-4.72235749552167,0.72462941832843,-0.00962608959288125,-0.00962608959288077,-0.00962608959288085,0.00962608959288086
0.00179399999999995,-4.81013835793087,-4.70844540410916,0.723612488790213,-0.0101692953821708,-0.0101692953821707,-0.0101692953821708,0.0101692953821708
0.00179499999999995,-4.80146842838517,-4.69435857459861,0.722541390252348,-0.0107109853786547,-0.0107109853786558,-0.0107109853786559,0.0107109853786559
0.00179599999999995,-4.79260894508734,-4.68009757744676,0.721416276575942,-0.0112511367640578,-0.0112511367640581,-0.0112511367640582,0.0112511367640581
0.00179699999999995,-4.78356025779463,-4.66566298986029,0.720237303896598,-0.0117897267934342,-0.0117897267934338,-0.0117897267934339,0.0117897267934339
0.00179799999999995,-4.7743227237337,-4.65105539577297,0.719004630616991,-0.0123267327960719,-0.0123267327960728,-0.0123267327960728,0.0123267327960728
0.00179899999999995,-4.76489670758659,-4.63627538582264,0.717718417399352,-0.0128621321763944,-0.012862132176395,-0.012862132176395,0.0128621321763951
0.00179999999999995,-4.75528258147627,-4.62132355732784,0.716378827157867,-0.0133959024148433,-0.0133959024148435,-0.0133959024148436,0.0133959024148436
0.00180099999999995,-4.74548072495199,-4.60620051426424,0.71498602505099,-0.0139280210687753,-0.0139280210687751,-0.0139280210687751,0.0139280210687751
0.00180199999999995,-4.73549152497425,-4.59090686724078,0.713540178473655,-0.014458465773346,-0.0144584657733465,-0.0144584657733466,0.0144584657733466
0.00180299999999995,-4.72531537589956,-4.57544323347557,0.712041457049415,-0.0149872142423979,-0.014987214242399,-0.0149872142423991,0.0149872142423991
0.00180399999999995,-4.71495267946487,-4.55981023677149,0.710490032622482,-0.0155142442693379,-0.0155142442693384,-0.0155142442693385,0.0155142442693385
0.00180499999999995,-4.70440384477169,-4.54400850749156,0.708886079249681,-0.0160395337280117,-0.0160395337280125,-0.0160395337280126,0.0160395337280126
0.00180599999999995,-4.69366928826994,-4.52803868253409,0.707229773192322,-0.0165630605735845,-0.0165630605735852,-0.0165630605735853,0.0165630605735853
0.00180699999999995,-4.68274943374154,-4.51190140530747,0.705521292907981,-0.0170848028434067,-0.0170848028434067,-0.0170848028434067,0.0170848028434067
0.00180799999999995,-4.67164471228365,-4.49559732570484,0.703760819042193,-0.0176047386578804,-0.0176047386578814,-0.0176047386578815,0.0176047386578815
0.00180899999999995,-4.66035556229166,-4.47912710007834,0.70194853442006,-0.0181228462213301,-0.0181228462213313,-0.0181228462213313,0.0181228462213313
0.00180999999999995,-4.64888242944187,-4.46249139121331,0.700084624037775,-0.0186391038228562,-0.0186391038228564,-0.0186391038228564,0.0186391038228564
0.00181099999999995,-4.63722576667393,-4.44569086830201,0.698169275054056,-0.0191534898371903,-0.019153489837192,-0.0191534898371921,0.0191534898371921
0.00181199999999995,-4.62538603417292,-4.4287262069173,0.6962026767815,-0.0196659827255619,-0.0196659827255618,-0.0196659827255619,0.0196659827255619
0.00181299999999995,-4.61336369935122,-4.41159808898594,0.694185020677847,-0.0201765610365279,-0.0201765610365282,-0.0201765610365283,0.0201765610365283
0.00181399999999995,-4.60115923683001,-4.39430720276162,0.692116500337163,-0.0206852034068383,-0.0206852034068381,-0.0206852034068381,0.0206852034068382
0.00181499999999995,-4.58877312842057,-4.37685424279791,0.689997311480936,-0.0211918885622664,-0.021191888562266,-0.021191888562266,0.021191888562266
0.00181599999999995,-4.57620586310526,-4.35923990992073,0.687827651949091,-0.0216965953184534,-0.021696595318453,-0.021696595318453,0.0216965953184531
0.00181699999999995,-4.5634579370182,-4.34146491120078,0.685607721690917,-0.0221993025817424,-0.0221993025817421,-0.0221993025817422,0.0221993025817422
0.00181799999999995,-4.55052985342568,-4.32352995992557,0.683337722755916,-0.0226999893500091,-0.0226999893500103,-0.0226999893500104,0.0226999893500104
0.00181899999999995,-4.53742212270629,-4.30543577557133,0.681017859284566,-0.0231986347134949,-0.0231986347134959,-0.0231986347134959,0.0231986347134959
0.00181999999999995,-4.52413526233082,-4.28718308377458,0.678648337499004,-0.0236952178556227,-0.0236952178556232,-0.0236952178556233,0.0236952178556233
0.00182099999999995,-4.51066979684174,-4.26877261630351,0.676229365693622,-0.0241897180538231,-0.024189718053823,-0.024189718053823,0.024189718053823
0.00182199999999995,-4.4970262578326,-4.25020511102911,0.673761154225587,-0.0246821146803478,-0.0246821146803484,-0.0246821146803485,0.0246821146803485
0.00182299999999995,-4.48320518392693,-4.23148131189604,0.671243915505278,-0.0251723872030873,-0.0251723872030886,-0.0251723872030887,0.0251723872030887
0.00182399999999995,-4.46920712075708,-4.21260196889331,0.668677863986641,-0.0256605151863765,-0.0256605151863766,-0.0256605151863766,0.0256605151863766
0.00182499999999995,-4.45503262094261,-4.19356783802466,0.666063216157461,-0.0261464782917931,-0.0261464782917948,-0.0261464782917948,0.0261464782917948
0.00182599999999995,-4.44068224406851,-4.17437968127875,0.663400190529564,-0.0266302562789755,-0.0266302562789756,-0.0266302562789757,0.0266302562789756
0.00182699999999995,-4.42615655666307,-4.15503826659909,0.660689007628924,-0.0271118290063976,-0.0271118290063984,-0.0271118290063985,0.0271118290063985
0.00182799999999995,-4.41145613217557,-4.13554436785375,0.657929889985706,-0.0275911764321823,-0.0275911764321824,-0.0275911764321824,0.0275911764321824
0.00182899999999995,-4.3965815509536,-4.11589876480484,0.655123062124218,-0.0280682786148745,-0.0280682786148753,-0.0280682786148753,0.0280682786148753
0.00182999999999995,-4.38153340022014,-4.09610224307776,0.652268750552794,-0.028543115714238,-0.0285431157142383,-0.0285431157142384,0.0285431157142383
0.00183099999999995,-4.36631227405044,-4.07615559413017,0.649367183753592,-0.0290156679920262,-0.0290156679920267,-0.0290156679920267,0.0290156679920268
0.00183199999999995,-4.35091877334848,-4.05605961522082,0.646418592172315,-0.0294859158127658,-0.029485915812766,-0.0294859158127661,0.0294859158127661
0.00183299999999995,-4.33535350582331,-4.03581510937806,0.643423208207863,-0.0299538396445242,-0.0299538396445246,-0.0299538396445246,0.0299538396445247
0.00183399999999995,-4.31961708596505,-4.01542288536823,0.640381266201895,-0.0304194200596808,-0.0304194200596816,-0.0304194200596816,0.0304194200596817
0.00183499999999995,-4.3037101350206,-3.99488375766369,0.637293002428326,-0.0308826377356908,-0.0308826377356908,-0.0308826377356909,0.0308826377356909
0.00183599999999994,-4.28763328096915,-3.97419854641075,0.634158655082742,-0.0313434734558393,-0.0313434734558402,-0.0313434734558403,0.0313434734558403
0.00183699999999994,-4.27138715849738,-3.95336807739731,0.630978464271741,-0.0318019081100074,-0.0318019081100071,-0.0318019081100071,0.0318019081100071
0.00183799999999994,-4.25497240897437,-3.93239318202028,0.6277526720022,-0.0322579226954089,-0.0322579226954093,-0.0322579226954094,0.0322579226954094
0.00183899999999994,-4.23838968042634,-3.91127469725282,0.624481522170465,-0.0327114983173504,-0.0327114983173517,-0.0327114983173517,0.0327114983173517
0.00183999999999994,-4.22163962751101,-3.89001346561133,0.621165260551468,-0.0331626161899679,-0.0331626161899679,-0.033162616189968,0.033162616189968
0.00184099999999994,-4.20472291149179,-3.8686103351222,0.617804134787772,-0.0336112576369585,-0.0336112576369589,-0.033611257636959,0.033611257636959
0.00184199999999994,-4.18764020021166,-3.84706615928841,0.61439839437854,-0.0340574040923236,-0.0340574040923256,-0.0340574040923257,0.0340574040923257
0.00184299999999994,-4.17039216806682,-3.82538179705584,0.61094829066843,-0.0345010371010968,-0.0345010371010981,-0.0345010371010982,0.0345010371010981
0.00184399999999994,-4.15297949598004,-3.80355811277944,0.607454076836424,-0.0349421383200599,-0.0349421383200597,-0.0349421383200597,0.0349421383200597
0.00184499999999994,-4.1354028713738,-3.78159597618912,0.603916007884578,-0.0353806895184661,-0.035380689518467,-0.0353806895184671,0.0353806895184671
0.00184599999999994,-4.11766298814313,-3.75949626235548,0.600334340626701,-0.0358166725787656,-0.0358166725787653,-0.0358166725787653,0.0358166725787653
0.00184699999999994,-4.09976054662827,-3.73725985165528,0.596709333676971,-0.0362500694972978,-0.0362500694972985,-0.0362500694972986,0.0362500694972986
0.00184799999999994,-4.08169625358694,-3.71488762973678,0.59304124743847,-0.0366808623850146,-0.036680862385016,-0.0366808623850161,0.0366808623850161
0.00184899999999994,-4.0634708221665,-3.69238048748476,0.589330344091653,-0.0371090334681734,-0.0371090334681737,-0.0371090334681737,0.0371090334681737
0.00184999999999994,-4.04508497187578,-3.66973932098547,0.58557688758275,-0.0375345650890302,-0.0375345650890305,-0.0375345650890305,0.0375345650890305
0.00185099999999994,-4.02653942855666,-3.64696503149125,0.581781143612096,-0.0379574397065408,-0.0379574397065408,-0.0379574397065409,0.0379574397065409
0.00185199999999994,-4.00783492435544,-3.62405852538503,0.577943379622391,-0.0383776398970415,-0.0383776398970416,-0.0383776398970416,0.0383776398970416
0.00185299999999994,-3.98897219769393,-3.60102071414458,0.574063864786898,-0.0387951483549343,-0.0387951483549347,-0.0387951483549348,0.0387951483549348
0.00185399999999994,-3.96995199324026,-3.57785251430661,0.570142869997561,-0.0392099478933661,-0.0392099478933651,-0.0392099478933652,0.0392099478933652
0.00185499999999994,-3.95077506187954,-3.55455484743061,0.566180667853072,-0.0396220214448939,-0.0396220214448935,-0.0396220214448936,0.0396220214448935
0.00185599999999994,-3.9314421606842,-3.53112864006255,0.562177532646856,-0.0400313520621642,-0.0400313520621644,-0.0400313520621645,0.0400313520621645
0.00185699999999994,-3.91195405288405,-3.50757482369836,0.558133740354999,-0.0404379229185692,-0.0404379229185698,-0.0404379229185698,0.0404379229185698
0.00185799999999994,-3.89231150783624,-3.48389433474717,0.554049568624108,-0.0408417173089071,-0.0408417173089069,-0.0408417173089069,0.040841717308907
0.00185899999999994,-3.8725153009948,-3.46008811449448,0.549925296759105,-0.0412427186500319,-0.0412427186500323,-0.0412427186500323,0.0412427186500323
0.00185999999999994,-3.85256621388009,-3.43615710906499,0.545761205710954,-0.0416409104815085,-0.0416409104815099,-0.0416409104815099,0.0416409104815099
0.00186099999999994,-3.8324650340479,-3.41210226938535,0.541557578064328,-0.0420362764662541,-0.0420362764662549,-0.0420362764662549,0.0420362764662549
0.00186199999999994,-3.8122125550584,-3.38792455114668,0.537314698025211,-0.042428800391171,-0.042428800391172,-0.042428800391172,0.0424288003911721
0.00186299999999994,-3.79180957644478,-3.36362491476689,0.533032851408432,-0.0428184661677888,-0.0428184661677896,-0.0428184661677897,0.0428184661677897
0.00186399999999994,-3.7712569036817,-3.33920432535283,0.528712325625144,-0.0432052578328868,-0.0432052578328874,-0.0432052578328874,0.0432052578328874
0.00186499999999994,-3.75055534815349,-3.31466375266229,0.524353409670232,-0.04358915954912,-0.0435891595491206,-0.0435891595491206,0.0435891595491206
0.00186599999999994,-3.72970572712212,-3.29000417106573,0.519956394109668,-0.0439701556056382,-0.0439701556056382,-0.0439701556056382,0.0439701556056382
0.00186699999999994,-3.70870886369491,-3.26522655950795,0.515521571067799,-0.0443482304186948,-0.0443482304186957,-0.0443482304186958,0.0443482304186958
0.00186799999999994,-3.6875655867921,-3.24033190146945,0.511049234214572,-0.0447233685322634,-0.0447233685322641,-0.0447233685322641,0.0447233685322642
0.00186899999999994,-3.66627673111404,-3.21532118492771,0.506539678752709,-0.0450955546186316,-0.0450955546186322,-0.0450955546186322,0.0450955546186322
0.00186999999999994,-3.6448431371083,-3.19019540231826,0.501993201404809,-0.0454647734790037,-0.0454647734790045,-0.0454647734790045,0.0454647734790045
0.00187099999999994,-3.62326565093649,-3.16495555049555,0.497410100400399,-0.0458310100440934,-0.0458310100440941,-0.0458310100440941,0.0458310100440941
0.00187199999999994,-3.6015451244408,-3.1396026306937,0.492790675462928,-0.0461942493747097,-0.0461942493747097,-0.0461942493747098,0.0461942493747098
0.00187299999999994,-3.57968241511043,-3.11413764848705,0.488135227796695,-0.0465544766623377,-0.0465544766623381,-0.0465544766623382,0.0465544766623382
0.00187399999999994,-3.55767838604771,-3.08856161375051,0.483444060073722,-0.0469116772297212,-0.0469116772297205,-0.0469116772297206,0.0469116772297206
0.00187499999999994,-3.53553390593403,-3.06287554061979,0.47871747642058,-0.0472658365314249,-0.0472658365314246,-0.0472658365314246,0.0472658365314246
0.00187599999999994,-3.51324984899555,-3.03708044745145,0.473955782405139,-0.0476169401544102,-0.0476169401544102,-0.0476169401544103,0.0476169401544103
0.00187699999999994,-3.49082709496868,-3.01117735678277,0.46915928502328,-0.0479649738185894,-0.0479649738185909,-0.047964973818591,0.0479649738185909
0.00187799999999994,-3.46826652906535,-2.98516729529147,0.464328292685541,-0.0483099233773882,-0.0483099233773886,-0.0483099233773886,0.0483099233773887
0.00187899999999994,-3.44556904193808,-2.95905129375523,0.459463115203713,-0.0486517748182841,-0.0486517748182845,-0.0486517748182845,0.0486517748182845
0.00187999999999994,-3.42273552964479,-2.93283038701116,0.454564063777376,-0.0489905142633634,-0.0489905142633633,-0.0489905142633633,0.0489905142633633
0.00188099999999994,-3.39976689361345,-2.90650561391492,0.449631450980391,-0.049326127969852,-0.0493261279698528,-0.0493261279698529,0.0493261279698529
0.00188199999999994,-3.37666404060649,-2.88007801729991,0.444665590747325,-0.0496586023306578,-0.0496586023306576,-0.0496586023306576,0.0496586023306576
0.00188299999999994,-3.35342788268498,-2.8535486439361,0.439666798359837,-0.0499879238748863,-0.0499879238748872,-0.0499879238748872,0.0499879238748872
0.00188399999999994,-3.33005933717264,-2.82691854448885,0.434635390432999,-0.0503140792683793,-0.0503140792683794,-0.0503140792683794,0.0503140792683794
0.00188499999999994,-3.30655932661966,-2.80018877347748,0.429571684901577,-0.0506370553142177,-0.0506370553142173,-0.0506370553142173,0.0506370553142173
0.00188599999999994,-3.28292877876619,-2.77336038923377,0.424476001006253,-0.0509568389532411,-0.0509568389532413,-0.0509568389532413,0.0509568389532413
0.00188699999999994,-3.25916862650581,-2.74643445386026,0.419348659279797,-0.0512734172645551,-0.0512734172645553,-0.0512734172645553,0.0512734172645553
0.00188799999999994,-3.23527980784865,-2.71941203318837,0.414189981533195,-0.0515867774660278,-0.0515867774660274,-0.0515867774660275,0.0515867774660275
0.00188899999999994,-3.21126326588436,-2.6922941967365,0.409000290841716,-0.051896906914784,-0.0518969069147852,-0.0518969069147853,0.0518969069147853
0.00188999999999994,-3.18711994874489,-2.66508201766784,0.403779911530946,-0.0522037931077046,-0.0522037931077051,-0.0522037931077052,0.0522037931077052
0.00189099999999994,-3.16285080956708,-2.63777657274811,0.398529169162756,-0.0525074236818956,-0.0525074236818962,-0.0525074236818962,0.0525074236818963
0.00189199999999994,-3.13845680645497,-2.61037894230318,0.393248390521238,-0.0528077864151782,-0.0528077864151787,-0.0528077864151787,0.0528077864151787
0.00189299999999994,-3.11393890244204,-2.58289021017647,0.387937903598583,-0.0531048692265562,-0.0531048692265562,-0.0531048692265562,0.0531048692265562
0.00189399999999994,-3.08929806545315,-2.55531146368632,0.382598037580915,-0.0533986601766828,-0.0533986601766829,-0.0533986601766829,0.053398660176683
0.00189499999999994,-3.06453526826637,-2.52764379358313,0.377229122834082,-0.0536891474683243,-0.0536891474683246,-0.0536891474683246,0.0536891474683246
0.00189599999999994,-3.03965148847453,-2.49988829400639,0.371831490889401,-0.053976319446814,-0.0539763194468142,-0.0539763194468142,0.0539763194468142
0.00189699999999994,-3.01464770844663,-2.47204606244162,0.366405474429351,-0.0542601646005009,-0.0542601646005013,-0.0542601646005013,0.0542601646005013
0.00189799999999994,-2.98952491528911,-2.44411819967715,0.360951407273231,-0.0545406715611962,-0.0545406715611963,-0.0545406715611964,0.0545406715611964
0.00189899999999994,-2.96428410080682,-2.41610580976074,0.35546962436277,-0.0548178291046081,-0.0548178291046087,-0.0548178291046087,0.0548178291046087
0.00189999999999994,-2.9389262614639,-2.38800999995611,0.349960461747692,-0.0550916261507789,-0.0550916261507791,-0.0550916261507791,0.0550916261507791
0.00190099999999994,-2.91345239834443,-2.35983188069937,0.344424256571242,-0.0553620517645059,-0.0553620517645061,-0.0553620517645062,0.0553620517645062
0.00190199999999994,-2.88786351711289,-2.33157256555522,0.338861347055665,-0.055629095155767,-0.0556290951557672,-0.0556290951557673,0.0556290951557673
0.00190299999999994,-2.86216062797452,-2.30323317117319,0.333272072487652,-0.0558927456801334,-0.0558927456801333,-0.0558927456801333,0.0558927456801333
0.00190399999999994,-2.83634474563536,-2.27481481724358,0.327656773203734,-0.056152992839178,-0.056152992839178,-0.0561529928391781,0.0561529928391781
0.00190499999999994,-2.81041688926224,-2.24631862645343,0.322015790575646,-0.056409826280881,-0.0564098262808809,-0.056409826280881,0.056409826280881
0.00190599999999994,-2.78437808244253,-2.21774572444228,0.316349466995643,-0.0566632358000241,-0.0566632358000247,-0.0566632358000248,0.0566632358000248
0.00190699999999994,-2.75822935314375,-2.18909723975788,0.310658145861785,-0.0569132113385862,-0.0569132113385867,-0.0569132113385868,0.0569132113385868
0.00190799999999994,-2.73197173367296,-2.16037430381171,0.304942171563172,-0.0571597429861243,-0.0571597429861242,-0.0571597429861242,0.0571597429861242
0.00190899999999994,-2.705606260636,-2.13157805083446,0.299201889465157,-0.0574028209801541,-0.0574028209801542,-0.0574028209801542,0.0574028209801542
0.00190999999999994,-2.67913397489661,-2.10270961783134,0.293437645894504,-0.0576424357065264,-0.0576424357065268,-0.0576424357065268,0.0576424357065268
0.00191099999999994,-2.65255592153531,-2.07377014453738,0.287649788124525,-0.0578785776997931,-0.0578785776997929,-0.057878577699793,0.057878577699793
0.00191199999999994,-2.62587314980812,-2.04476077337246,0.281838664360168,-0.0581112376435661,-0.0581112376435662,-0.0581112376435662,0.0581112376435662
0.00191299999999994,-2.5990867131052,-2.01568264939642,0.276004623723081,-0.0583404063708781,-0.0583404063708782,-0.0583404063708782,0.0583404063708782
0.00191399999999994,-2.57219766890919,-1.98653692026391,0.270148016236628,-0.0585660748645278,-0.0585660748645282,-0.0585660748645282,0.0585660748645283
0.00191499999999994,-2.54520707875353,-1.95732473617925,0.264269192810885,-0.0587882342574264,-0.0587882342574272,-0.0587882342574273,0.0587882342574272
0.00191599999999994,-2.51811600818048,-1.92804724985113,0.258368505227592,-0.0590068758329348,-0.0590068758329351,-0.0590068758329351,0.0590068758329352
0.00191699999999994,-2.49092552669914,-1.89870561644722,0.252446306125072,-0.0592219910251923,-0.0592219910251924,-0.0592219910251924,0.0592219910251924
0.00191799999999994,-2.46363670774315,-1.8693009935487,0.246502948983128,-0.0594335714194458,-0.0594335714194455,-0.0594335714194456,0.0594335714194456
0.00191899999999994,-2.43625062862837,-1.8398345411047,0.240538788107891,-0.0596416087523666,-0.0596416087523668,-0.0596416087523668,0.0596416087523668
0.00191999999999994,-2.40876837051029,-1.81030742138662,0.234554178616654,-0.0598460949123669,-0.0598460949123671,-0.0598460949123671,0.0598460949123671
0.00192099999999994,-2.38119101834142,-1.78072079894238,0.228549476422664,-0.0600470219399038,-0.0600470219399036,-0.0600470219399037,0.0600470219399037
0.00192199999999994,-2.35351966082839,-1.75107584055058,0.222525038219886,-0.0602443820277807,-0.0602443820277807,-0.0602443820277807,0.0602443820277807
0.00192299999999994,-2.32575539038903,-1.72137371517458,0.216481221467742,-0.0604381675214444,-0.0604381675214449,-0.060438167521445,0.0604381675214449
0.00192399999999994,-2.29789930310918,-1.69161559391644,0.210418384375814,-0.060628370919274,-0.0606283709192741,-0.0606283709192742,0.0606283709192741
0.00192499999999994,-2.26995249869949,-1.66180264997089,0.204336885888528,-0.0608149848728604,-0.0608149848728601,-0.0608149848728601,0.0608149848728601
0.00192599999999994,-2.24191608045192,-1.63193605857907,0.1982370856698,-0.0609980021872847,-0.060998002187285,-0.060998002187285,0.060998002187285
0.00192699999999994,-2.21379115519628,-1.60201699698236,0.192119344087661,-0.0611774158213918,-0.061177415821392,-0.061177415821392,0.061177415821392
0.00192799999999994,-2.18557883325644,-1.57204664437595,0.185984022198856,-0.0613532188880492,-0.0613532188880495,-0.0613532188880495,0.0613532188880495
0.00192899999999994,-2.15728022840658,-1.54202618186249,0.179831481733415,-0.0615254046544089,-0.0615254046544091,-0.0615254046544091,0.0615254046544091
0.00192999999999994,-2.12889645782716,-1.51195679240558,0.173662085079199,-0.0616939665421576,-0.0616939665421575,-0.0616939665421576,0.0616939665421576
0.00193099999999994,-2.10042864206083,-1.48183966078321,0.167476195266423,-0.0618588981277624,-0.0618588981277625,-0.0618588981277625,0.0618588981277625
0.00193199999999994,-2.07187790496823,-1.45167597354111,0.161274175952152,-0.0620201931427117,-0.0620201931427118,-0.0620201931427119,0.0620201931427119
0.00193299999999994,-2.04324537368356,-1.42146691894609,0.155056391404777,-0.0621778454737468,-0.0621778454737469,-0.0621778454737469,0.0621778454737469
0.00193399999999994,-2.01453217857014,-1.39121368693924,0.148823206488468,-0.0623318491630895,-0.0623318491630897,-0.0623318491630897,0.0623318491630897
0.00193499999999994,-1.98573945317573,-1.3609174690891,0.142574986647602,-0.0624821984086635,-0.0624821984086634,-0.0624821984086634,0.0624821984086634
0.00193599999999994,-1.95686833418785,-1.33057945854478,0.136312097891171,-0.0626288875643066,-0.062628887564307,-0.062628887564307,0.062628887564307
0.00193699999999994,-1.92791996138883,-1.30020084998899,0.130034906777173,-0.0627719111399835,-0.0627719111399836,-0.0627719111399836,0.0627719111399836
0.00193799999999994,-1.89889547761086,-1.26978283959103,0.123743780396974,-0.0629112638019823,-0.0629112638019824,-0.0629112638019824,0.0629112638019824
0.00193899999999994,-1.86979602869086,-1.23932662495972,0.117439086359663,-0.0630469403731142,-0.0630469403731143,-0.0630469403731143,0.0630469403731143
0.00193999999999994,-1.84062276342526,-1.20883340509624,0.111121192776373,-0.0631789358329016,-0.0631789358329016,-0.0631789358329016,0.0631789358329016
0.00194099999999994,-1.8113768335246,-1.17830438034699,0.104790468244597,-0.0633072453177606,-0.0633072453177607,-0.0633072453177607,0.0633072453177608
0.00194199999999994,-1.78205939356813,-1.14774075235634,0.0984472818324787,-0.0634318641211797,-0.0634318641211796,-0.0634318641211797,0.0634318641211797
0.00194299999999994,-1.75267160095818,-1.1171437240193,0.0920920030630899,-0.0635527876938878,-0.0635527876938879,-0.0635527876938879,0.0635527876938879
0.00194399999999994,-1.72321461587448,-1.08651449943427,0.0857250018986878,-0.063670011644021,-0.0636700116440212,-0.0636700116440212,0.0636700116440212
0.00194499999999994,-1.69368960122836,-1.05585428385556,0.0793466487249599,-0.0637835317372792,-0.0637835317372792,-0.0637835317372792,0.0637835317372792
0.00194599999999994,-1.66409772261684,-1.02516428364607,0.0729573143352522,-0.0638933438970773,-0.0638933438970773,-0.0638933438970773,0.0638933438970774
0.00194699999999994,-1.63444014827663,-0.994445706229708,0.066557369914783,-0.0639994442046918,-0.0639994442046918,-0.0639994442046918,0.0639994442046918
0.00194799999999994,-1.60471804903797,-0.96369976004398,0.0601471870248431,-0.0641018288993987,-0.0641018288993987,-0.0641018288993987,0.0641018288993987
0.00194899999999994,-1.57493259827845,-0.932927654492384,0.0537271375869825,-0.0642004943786066,-0.0642004943786067,-0.0642004943786067,0.0642004943786067
0.00194999999999994,-1.54508497187667,-0.90213059989684,0.0472975938671842,-0.0642954371979831,-0.0642954371979831,-0.0642954371979831,0.0642954371979831
0.00195099999999994,-1.51517634816581,-0.871309807450069,0.0408589284600268,-0.0643866540715741,-0.0643866540715741,-0.0643866540715741,0.0643866540715741
0.00195199999999994,-1.48520790788712,-0.840466489167939,0.0344115142728349,-0.0644741418719181,-0.0644741418719182,-0.0644741418719182,0.0644741418719182
0.00195299999999994,-1.45518083414331,-0.809601857841778,0.0279557245098196,-0.0645578976301533,-0.0645578976301533,-0.0645578976301533,0.0645578976301533
0.00195399999999994,-1.42509631235184,-0.778717126990659,0.0214919326562078,-0.064637918536118,-0.064637918536118,-0.064637918536118,0.064637918536118
0.00195499999999994,-1.3949555301981,-0.747813510813648,0.0150205124623633,-0.0647142019384456,-0.0647142019384456,-0.0647142019384456,0.0647142019384456
0.00195599999999994,-1.36475967758858,-0.716892224142058,0.008541837927898,-0.0647867453446526,-0.0647867453446526,-0.0647867453446526,0.0647867453446526
0.00195699999999994,-1.33450994660384,-0.685954482391631,0.00205628328577596,-0.0648555464212203,-0.0648555464212204,-0.0648555464212204,0.0648555464212204
0.00195799999999994,-1.30420753145144,-0.655001501514736,-0.00443577701359109,-0.0649206029936705,-0.0649206029936705,-0.0649206029936705,0.0649206029936705
0.00195899999999994,-1.27385362841887,-0.624034497952528,-0.0109339683182545,-0.0649819130466339,-0.0649819130466339,-0.0649819130466339,0.0649819130466339
0.00195999999999994,-1.24344943582623,-0.593054688587093,-0.0174379157906458,-0.0650394747239136,-0.0650394747239136,-0.0650394747239136,0.0650394747239136
0.00196099999999994,-1.21299615397899,-0.562063290693586,-0.0239472444234999,-0.0650932863285406,-0.0650932863285406,-0.0650932863285406,0.0650932863285406
0.00196199999999994,-1.18249498512058,-0.531061521892334,-0.0304615790557823,-0.0651433463228242,-0.0651433463228242,-0.0651433463228242,0.0651433463228242
0.00196299999999994,-1.15194713338491,-0.50005060010095,-0.0369805443886219,-0.0651896533283954,-0.0651896533283955,-0.0651896533283955,0.0651896533283955
0.00196399999999994,-1.12135380474886,-0.469031743486417,-0.0435037650012463,-0.065232206126244,-0.065232206126244,-0.065232206126244,0.065232206126244
0.00196499999999994,-1.09071620698466,-0.438006170417172,-0.0500308653669212,-0.0652710036567491,-0.065271003656749,-0.065271003656749,0.065271003656749
0.00196599999999994,-1.06003554961222,-0.406975099415185,-0.0565614698688915,-0.0653060450197036,-0.0653060450197036,-0.0653060450197036,0.0653060450197036
0.00196699999999994,-1.02931304385135,-0.375939749108025,-0.0630952028163248,-0.0653373294743328,-0.0653373294743328,-0.0653373294743328,0.0653373294743328
0.00196799999999994,-0.99854990257398,-0.344901338180931,-0.0696316884602553,-0.065364856439305,-0.0653648564393049,-0.0653648564393049,0.0653648564393049
0.00196899999999994,-0.967747340256245,-0.313861085328876,-0.076170551009529,-0.0653886254927369,-0.0653886254927369,-0.0653886254927369,0.0653886254927369
0.00196999999999994,-0.936906572930565,-0.282820209208634,-0.0827114146467483,-0.0654086363721931,-0.065408636372193,-0.065408636372193,0.065408636372193
0.00197099999999994,-0.906028818137627,-0.25177992839085,-0.0892539035442161,-0.0654248889746778,-0.0654248889746777,-0.0654248889746777,0.0654248889746777
0.00197199999999994,-0.875115294878318,-0.220741461312109,-0.0957976418798782,-0.065437383356621,-0.0654373833566209,-0.0654373833566209,0.0654373833566209
0.00197299999999994,-0.844167223565605,-0.189706026227022,-0.102342253853264,-0.0654461197338582,-0.0654461197338583,-0.0654461197338583,0.0654461197338583
0.00197399999999994,-0.813185825976352,-0.15867484116031,-0.108887363701424,-0.0654510984816042,-0.0654510984816042,-0.0654510984816042,0.0654510984816042
0.00197499999999994,-0.782172325203086,-0.1276491238589,-0.115432595714866,-0.0654523201344188,-0.0654523201344186,-0.0654523201344186,0.0654523201344186
0.00197599999999994,-0.751127945605715,-0.0966300917440387,-0.121977574253483,-0.0654497853861678,-0.0654497853861676,-0.0654497853861676,0.0654497853861676
0.00197699999999994,-0.720053912763188,-0.0656189618634109,-0.128521923762481,-0.0654434950899777,-0.0654434950899777,-0.0654434950899777,0.0654434950899777
0.00197799999999994,-0.688951453425115,-0.0346169508432829,-0.135065268788299,-0.0654334502581833,-0.0654334502581832,-0.0654334502581832,0.0654334502581832
0.00197899999999994,-0.657821795463335,-0.00362527484065658,-0.141607233994526,-0.0654196520622677,-0.0654196520622678,-0.0654196520622678,0.0654196520622678
0.00197999999999994,-0.626666167823441,0.0273548505045549,-0.148147444177806,-0.0654021018327999,-0.0654021018327996,-0.0654021018327996,0.0654021018327996
0.00198099999999994,-0.595485800476266,0.0583222101173291,-0.154685524283742,-0.0653808010593598,-0.0653808010593595,-0.0653808010593595,0.0653808010593595
0.00198199999999994,-0.564281924369323,0.089275589535314,-0.161221099422788,-0.065355751390464,-0.0653557513904637,-0.0653557513904637,0.0653557513904637
0.00198299999999994,-0.533055771378211,0.120213774956583,-0.167753794886136,-0.0653269546334792,-0.0653269546334794,-0.0653269546334794,0.0653269546334794
0.00198399999999994,-0.501808574257983,0.151135553287362,-0.17428323616159,-0.0652944127545346,-0.0652944127545345,-0.0652944127545345,0.0652944127545345
0.00198499999999994,-0.470541566594477,0.182039712189729,-0.180809048949432,-0.0652581278784206,-0.0652581278784206,-0.0652581278784206,0.0652581278784206
0.00198599999999994,-0.439255982755619,0.21292504012928,-0.187330859178281,-0.0652181022884901,-0.0652181022884899,-0.0652181022884899,0.0652181022884899
0.00198699999999994,-0.407953057842687,0.243790326422768,-0.193848293020935,-0.0651743384265457,-0.0651743384265455,-0.0651743384265455,0.0651743384265455
0.00198799999999994,-0.37663402764156,0.274634361285699,-0.200360976910208,-0.0651268388927259,-0.0651268388927259,-0.0651268388927259,0.0651268388927259
0.00198899999999994,-0.345300128573922,0.305455935879902,-0.206868537554746,-0.0650756064453825,-0.0650756064453824,-0.0650756064453824,0.0650756064453824
0.00198999999999994,-0.313952597648456,0.336253842361052,-0.213370601954841,-0.065020644000951,-0.0650206440009509,-0.0650206440009508,0.0650206440009508
0.00199099999999994,-0.282592672412009,0.367026873926155,-0.219866797418223,-0.0649619546338168,-0.0649619546338164,-0.0649619546338164,0.0649619546338164
0.00199199999999994,-0.25122159090073,0.397773824860997,-0.22635675157584,-0.0648995415761727,-0.0648995415761727,-0.0648995415761727,0.0648995415761727
0.00199299999999994,-0.219840591591204,0.428493490587539,-0.232840092397628,-0.0648334082178748,-0.0648334082178742,-0.0648334082178742,0.0648334082178742
0.00199399999999994,-0.188450913351548,0.459184667711275,-0.239316448208256,-0.0647635581062828,-0.0647635581062823,-0.0647635581062823,0.0647635581062823
0.00199499999999994,-0.157053795392513,0.489846154068538,-0.245785447702867,-0.0646899949461055,-0.0646899949461051,-0.0646899949461051,0.0646899949461051
0.00199599999999994,-0.125650477218555,0.52047674877376,-0.25224671996279,-0.0646127225992318,-0.0646127225992315,-0.0646127225992315,0.0646127225992315
0.00199699999999994,-0.0942421985789047,0.551075252266672,-0.258699894471246,-0.0645317450845584,-0.0645317450845577,-0.0645317450845577,0.0645317450845577
0.00199799999999994,-0.0628301994186228,0.581640466359466,-0.265144601129026,-0.0644470665778085,-0.0644470665778088,-0.0644470665778088,0.0644470665778088
0.00199899999999994,-0.0314157198296505,0.612171194283884,-0.271580470270162,-0.0643586914113536,-0.0643586914113534,-0.0643586914113534,0.0643586914113534
0.00199999999999994,-1.85162107001202E-12,0.642666240738267,-0.278007132677563,-0.0642666240740125,-0.0642666240740118,-0.0642666240740118,0.0642666240740118
0.00200099999999994,0.0314157198259473,0.673124411934533,-0.284424219598649,-0.0641708692108589,-0.0641708692108585,-0.0641708692108585,0.0641708692108585
0.00200199999999994,0.0628301994149199,0.703544515645099,-0.290831362760951,-0.064071431623019,-0.0640714316230179,-0.0640714316230179,0.0640714316230179
0.00200299999999994,0.0942421985752021,0.733925361249744,-0.297228194387696,-0.0639683162674543,-0.0639683162674542,-0.0639683162674542,0.0639683162674542
0.00200399999999994,0.125650477214853,0.764265759782399,-0.303614347213372,-0.0638615282567545,-0.0638615282567546,-0.0638615282567546,0.0638615282567546
0.00200499999999994,0.157053795388812,0.79456452397788,-0.309989454499262,-0.0637510728589075,-0.0637510728589069,-0.0637510728589069,0.0637510728589069
0.00200599999999994,0.188450913347847,0.824820468318549,-0.31635315004897,-0.0636369554970706,-0.0636369554970702,-0.0636369554970701,0.0636369554970701
0.00200699999999994,0.219840591587504,0.855032409080901,-0.322705068223904,-0.0635191817493402,-0.0635191817493397,-0.0635191817493397,0.0635191817493397
0.00200799999999994,0.251221590897032,0.885199164382088,-0.329044843958754,-0.0633977573485056,-0.0633977573485056,-0.0633977573485056,0.0633977573485056
0.00200899999999994,0.282592672408311,0.915319554226364,-0.335372112776935,-0.0632726881818052,-0.0632726881818052,-0.0632726881818052,0.0632726881818052
0.00200999999999994,0.313952597644761,0.945392400551455,-0.341686510806002,-0.0631439802906703,-0.0631439802906695,-0.0631439802906695,0.0631439802906695
0.00201099999999994,0.345300128570228,0.975416527274855,-0.347987674793048,-0.0630116398704633,-0.0630116398704627,-0.0630116398704627,0.0630116398704627
0.00201199999999994,0.376634027637867,1.00539076034003,-0.35427524212007,-0.0628756732702174,-0.0628756732702167,-0.0628756732702167,0.0628756732702167
0.00201299999999994,0.407953057838996,1.03531392776258,-0.360548850819306,-0.0627360869923588,-0.0627360869923585,-0.0627360869923585,0.0627360869923585
0.00201399999999994,0.43925598275193,1.06518485967625,-0.366808139588549,-0.0625928876924325,-0.062592887692432,-0.062592887692432,0.062592887692432
0.00201499999999994,0.47054156659079,1.09500238837893,-0.37305274780643,-0.0624460821788136,-0.0624460821788135,-0.0624460821788135,0.0624460821788135
0.00201599999999994,0.501808574254299,1.12476534837851,-0.379282315547672,-0.0622956774124211,-0.0622956774124209,-0.0622956774124209,0.0622956774124209
0.00201699999999994,0.533055771374529,1.1544725764387,-0.385496483598314,-0.0621416805064179,-0.0621416805064172,-0.0621416805064172,0.0621416805064172
0.00201799999999994,0.564281924365643,1.18412291162472,-0.391694893470905,-0.0619840987259079,-0.0619840987259076,-0.0619840987259076,0.0619840987259076
0.00201899999999994,0.595485800472589,1.2137151953489,-0.397877187419668,-0.0618229394876313,-0.0618229394876308,-0.0618229394876308,0.0618229394876308
0.00201999999999994,0.626666167819767,1.2432482714162,-0.404043008455632,-0.0616582103596441,-0.0616582103596436,-0.0616582103596436,0.0616582103596436
0.00202099999999994,0.657821795459664,1.27272098606967,-0.410192000361733,-0.0614899190610008,-0.0614899190610005,-0.0614899190610004,0.0614899190610005
0.00202199999999994,0.688951453421447,1.30213218803571,-0.416323807707875,-0.061318073461426,-0.0613180734614261,-0.0613180734614261,0.0613180734614261
0.00202299999999994,0.720053912759523,1.33148072856935,-0.422438075865973,-0.0611426815809829,-0.0611426815809826,-0.0611426815809826,0.0611426815809826
0.00202399999999994,0.751127945602054,1.36076546149936,-0.428534451024947,-0.060963751589731,-0.0609637515897302,-0.0609637515897301,0.0609637515897301
0.00202499999999994,0.782172325199428,1.38998524327325,-0.434612580205685,-0.0607812918073825,-0.0607812918073823,-0.0607812918073822,0.0607812918073822
0.00202599999999994,0.813185825972698,1.41913893300224,-0.44067211127598,-0.0605953107029544,-0.0605953107029544,-0.0605953107029544,0.0605953107029544
0.00202699999999994,0.844167223561955,1.44822539250603,-0.446712692965421,-0.0604058168944077,-0.0604058168944073,-0.0604058168944073,0.0604058168944073
0.00202799999999994,0.875115294874672,1.47724348635751,-0.452733974880249,-0.0602128191482842,-0.0602128191482835,-0.0602128191482835,0.0602128191482835
0.00202899999999994,0.906028818133985,1.50619208192737,-0.458735607518183,-0.0600163263793396,-0.060016326379339,-0.060016326379339,0.060016326379339
0.00202999999999995,0.936906572926927,1.5350700494286,-0.4647172422832,-0.0598163476501679,-0.0598163476501678,-0.0598163476501678,0.0598163476501678
0.00203099999999995,0.967747340252612,1.56387626196083,-0.470678531500282,-0.0596128921708222,-0.0596128921708217,-0.0596128921708216,0.0596128921708217
0.00203199999999995,0.998549902570351,1.59260959555458,-0.476619128430125,-0.0594059692984239,-0.0594059692984232,-0.0594059692984232,0.0594059692984232
0.00203299999999995,1.02931304384773,1.62126892921546,-0.482538687283802,-0.0591955885367729,-0.0591955885367733,-0.0591955885367733,0.0591955885367733
0.00203399999999995,1.0600355496086,1.64985314496813,-0.488436863237397,-0.0589817595359526,-0.0589817595359527,-0.0589817595359527,0.0589817595359527
0.00203499999999995,1.09071620698105,1.67836112790023,-0.494313312446589,-0.0587644920919178,-0.0587644920919181,-0.0587644920919181,0.058764492091918
0.00203599999999995,1.12135380474525,1.70679176620616,-0.500167692061198,-0.0585437961460916,-0.0585437961460913,-0.0585437961460913,0.0585437961460913
0.00203699999999995,1.1519471333813,1.73514395123074,-0.505999660239693,-0.0583196817849452,-0.0583196817849443,-0.0583196817849443,0.0583196817849443
0.00203799999999995,1.18249498511698,1.76341657751274,-0.51180887616365,-0.0580921592395767,-0.0580921592395767,-0.0580921592395766,0.0580921592395766
0.00203899999999995,1.2129961539754,1.79160854282828,-0.517595000052179,-0.0578612388852884,-0.0578612388852886,-0.0578612388852886,0.0578612388852886
0.00203999999999995,1.24344943582264,1.81971874823412,-0.523357693176294,-0.057626931241147,-0.0576269312411476,-0.0576269312411476,0.0576269312411476
0.00204099999999995,1.27385362841529,1.84774609811078,-0.529096617873249,-0.0573892469695503,-0.0573892469695492,-0.0573892469695491,0.0573892469695491
0.00204199999999995,1.30420753144787,1.87568950020559,-0.534811437560826,-0.0571481968757726,-0.0571481968757725,-0.0571481968757725,0.0571481968757725
0.00204299999999995,1.33450994660027,1.90354786567556,-0.540501816751579,-0.0569037919075299,-0.0569037919075298,-0.0569037919075298,0.0569037919075298
0.00204399999999995,1.36475967758502,1.93132010913012,-0.54616742106703,-0.0566560431545104,-0.0566560431545101,-0.05665604315451,0.0566560431545101
0.00204499999999995,1.39495553019455,1.95900514867372,-0.551807917251822,-0.056404961847919,-0.0564049618479175,-0.0564049618479175,0.0564049618479175
0.00204599999999995,1.42509631234829,1.98660190594833,-0.557422973187823,-0.0561505593600042,-0.0561505593600039,-0.0561505593600039,0.0561505593600039
0.00204699999999995,1.45518083413978,2.01410930617573,-0.563012257908182,-0.0558928472035969,-0.0558928472035956,-0.0558928472035955,0.0558928472035955
0.00204799999999995,1.4852079078836,2.04152627819974,-0.568575441611344,-0.0556318370316156,-0.0556318370316145,-0.0556318370316144,0.0556318370316144
0.00204899999999995,1.5151763481623,2.06885175452824,-0.574112195675003,-0.055367540636595,-0.0553675406365941,-0.0553675406365941,0.0553675406365941
0.00204999999999995,1.54508497187317,2.09608467137507,-0.579622192670022,-0.0550999699501908,-0.0550999699501896,-0.0550999699501896,0.0550999699501896
0.00205099999999995,1.57493259827497,2.12322396870179,-0.585105106374291,-0.0548291370426834,-0.054829137042682,-0.054829137042682,0.054829137042682
0.00205199999999995,1.6047180490345,2.15026859025927,-0.590560611786539,-0.0545550541224782,-0.0545550541224774,-0.0545550541224774,0.0545550541224774
0.00205299999999995,1.63444014827317,2.17721748362918,-0.595988385140099,-0.0542777335356015,-0.0542777335356005,-0.0542777335356005,0.0542777335356004
0.00205399999999995,1.6640977226134,2.20406960026522,-0.601388103916617,-0.0539971877651813,-0.0539971877651823,-0.0539971877651823,0.0539971877651823
0.00205499999999995,1.69368960122493,2.23082389553436,-0.606759446859711,-0.0537134294309427,-0.0537134294309429,-0.0537134294309429,0.0537134294309429
0.00205599999999995,1.72321461587107,2.25747932875775,-0.612102093988578,-0.0534264712886678,-0.0534264712886683,-0.0534264712886683,0.0534264712886683
0.00205699999999995,1.75267160095478,2.2840348632516,-0.617415726611546,-0.0531363262296825,-0.053136326229682,-0.053136326229682,0.053136326229682
0.00205799999999995,1.78205939356475,2.31048946636786,-0.622700027339577,-0.0528430072803121,-0.0528430072803112,-0.0528430072803112,0.0528430072803112
0.00205899999999995,1.81137683352123,2.33684210953471,-0.627954680099712,-0.0525465276013493,-0.0525465276013478,-0.0525465276013478,0.0525465276013478
0.00205999999999995,1.8406227634219,2.36309176829693,-0.633179370148463,-0.0522469004875048,-0.0522469004875033,-0.0522469004875032,0.0522469004875032
0.00206099999999995,1.86979602868752,2.38923742235611,-0.638373784085149,-0.0519441393668596,-0.0519441393668591,-0.0519441393668591,0.0519441393668591
0.00206199999999995,1.89889547760753,2.41527805561065,-0.64353760986518,-0.0516382578003116,-0.0516382578003115,-0.0516382578003115,0.0516382578003115
0.00206299999999995,1.92791996138552,2.44121265619562,-0.648670536813281,-0.0513292694810108,-0.0513292694810107,-0.0513292694810106,0.0513292694810106
0.00206399999999995,1.95686833418455,2.4670402165225,-0.653772255636661,-0.0510171882337951,-0.0510171882337947,-0.0510171882337947,0.0510171882337947
0.00206499999999995,1.98573945317245,2.49275973331864,-0.658842458438122,-0.0507020280146187,-0.0507020280146191,-0.050702028014619,0.050702028014619
0.00206599999999995,2.01453217856687,2.51837020766667,-0.66388083872912,-0.0503838029099801,-0.0503838029099795,-0.0503838029099795,0.0503838029099795
0.00206699999999995,2.04324537368031,2.54387064504362,-0.668887091442754,-0.050062527136332,-0.0500625271363309,-0.0500625271363308,0.0500625271363308
0.00206799999999995,2.07187790496499,2.56926005535999,-0.673860912946704,-0.0497382150395009,-0.0497382150395002,-0.0497382150395001,0.0497382150395001
0.00206899999999995,2.10042864205761,2.59453745299856,-0.678802001056113,-0.0494108810940952,-0.0494108810940947,-0.0494108810940947,0.0494108810940947
0.00206999999999995,2.12889645782395,2.619701856853,-0.683710055046404,-0.0490805399029048,-0.0490805399029048,-0.0490805399029048,0.0490805399029048
0.00207099999999995,2.15728022840339,2.64475229036641,-0.688584775666034,-0.0487472061963024,-0.0487472061963015,-0.0487472061963015,0.0487472061963015
0.00207199999999995,2.18557883325327,2.66968778156957,-0.693425865149197,-0.0484108948316297,-0.0484108948316297,-0.0484108948316296,0.0484108948316296
0.00207299999999995,2.21379115519312,2.69450736311907,-0.698233027228456,-0.0480716207925957,-0.0480716207925949,-0.0480716207925948,0.0480716207925948
0.00207399999999995,2.24191608044878,2.71921007233525,-0.703005967147321,-0.0477293991886474,-0.0477293991886467,-0.0477293991886466,0.0477293991886466
0.00207499999999995,2.26995249869636,2.74379495123992,-0.707744391672757,-0.047384245254356,-0.0473842452543554,-0.0473842452543554,0.0473842452543554
0.00207599999999995,2.29789930310608,2.76826104659393,-0.712448009107635,-0.0470361743487857,-0.0470361743487852,-0.0470361743487852,0.0470361743487852
0.00207699999999995,2.32575539038594,2.79260740993455,-0.717116529303122,-0.0466852019548625,-0.0466852019548615,-0.0466852019548614,0.0466852019548614
0.00207799999999995,2.35351966082532,2.81683309761265,-0.721749663670995,-0.0463313436787338,-0.0463313436787331,-0.0463313436787331,0.0463313436787331
0.00207899999999995,2.38119101833836,2.84093717082966,-0.726347125195908,-0.0459746152491303,-0.0459746152491306,-0.0459746152491305,0.0459746152491305
0.00207999999999995,2.40876837050725,2.86491869567443,-0.73090862844758,-0.0456150325167193,-0.0456150325167183,-0.0456150325167183,0.0456150325167183
0.00208099999999995,2.43625062862534,2.88877674315977,-0.735433889592924,-0.0452526114534435,-0.0452526114534431,-0.045252611453443,0.045252611453443
0.00208199999999995,2.46363670774014,2.91251038925891,-0.739922626408112,-0.0448873681518769,-0.0448873681518764,-0.0448873681518763,0.0448873681518764
0.00208299999999995,2.49092552669615,2.93611871494168,-0.744374558290567,-0.0445193188245541,-0.0445193188245532,-0.0445193188245531,0.0445193188245531
0.00208399999999995,2.51811600817751,2.95960080621056,-0.748789406270898,-0.0441484798033043,-0.044148479803305,-0.0441484798033049,0.0441484798033049
0.00208499999999995,2.54520707875057,2.98295575413646,-0.753166893024757,-0.0437748675385896,-0.0437748675385889,-0.0437748675385889,0.0437748675385888
0.00208599999999995,2.57219766890625,3.00618265489436,-0.757506742884638,-0.0433984985988112,-0.043398498598811,-0.043398498598811,0.043398498598811
0.00208699999999995,2.59908671310228,3.02928060979873,-0.761808681851603,-0.0430193896696462,-0.0430193896696459,-0.0430193896696459,0.0430193896696459
0.00208799999999995,2.62587314980522,3.05224872533873,-0.766072437606938,-0.0426375575533522,-0.0426375575533514,-0.0426375575533513,0.0426375575533514
0.00208899999999995,2.65255592153242,3.07508611321319,-0.770297739523746,-0.0422530191680781,-0.0422530191680777,-0.0422530191680776,0.0422530191680776
0.00208999999999995,2.67913397489374,3.09779189036547,-0.774484318678463,-0.0418657915471743,-0.0418657915471733,-0.0418657915471732,0.0418657915471732
0.00209099999999995,2.70560626063314,3.12036517901799,-0.778631907862312,-0.041475891838485,-0.0414758918384853,-0.0414758918384852,0.0414758918384852
0.00209199999999995,2.73197173367012,3.14280510670667,-0.782740241592677,-0.0410833373036557,-0.0410833373036553,-0.0410833373036553,0.0410833373036553
0.00209299999999995,2.75822935314093,3.16511080631504,-0.786809056124418,-0.0406881453174124,-0.0406881453174114,-0.0406881453174113,0.0406881453174113
0.00209399999999995,2.78437808243973,3.18728141610827,-0.790838089461104,-0.0402903333668558,-0.0402903333668545,-0.0402903333668544,0.0402903333668544
0.00209499999999995,2.81041688925945,3.20931607976686,-0.794827081366178,-0.0398899190507418,-0.0398899190507412,-0.0398899190507411,0.0398899190507411
0.00209599999999995,2.83634474563259,3.2312139464202,-0.798775773374054,-0.0394869200787629,-0.0394869200787617,-0.0394869200787617,0.0394869200787617
0.00209699999999995,2.86216062797177,3.2529741706799,-0.802683908801136,-0.0390813542708146,-0.0390813542708136,-0.0390813542708135,0.0390813542708136
0.00209799999999995,2.88786351711016,3.27459591267287,-0.806551232756763,-0.0386732395562717,-0.0386732395562707,-0.0386732395562706,0.0386732395562706
0.00209899999999995,2.91345239834171,3.29607833807419,-0.810377492154088,-0.0382625939732484,-0.0382625939732478,-0.0382625939732478,0.0382625939732478
0.00209999999999995,2.93892626146121,3.31742061813982,-0.814162435720874,-0.0378494356678616,-0.0378494356678618,-0.0378494356678617,0.0378494356678617
0.00210099999999995,2.96428410080414,3.33862192973901,-0.817905814010223,-0.0374337828934868,-0.0374337828934868,-0.0374337828934868,0.0374337828934868
0.00210199999999995,2.98952491528645,3.35968145538652,-0.821607379411223,-0.0370156540100075,-0.0370156540100071,-0.037015654010007,0.037015654010007
0.00210299999999995,3.01464770844399,3.38059838327463,-0.82526688615953,-0.036595067483064,-0.0365950674830636,-0.0365950674830636,0.0365950674830636
0.00210399999999995,3.0396514884719,3.40137190730488,-0.82888409034786,-0.0361720418832978,-0.0361720418832984,-0.0361720418832983,0.0361720418832983
0.00210499999999996,3.06453526826377,3.42200122711969,-0.832458749936419,-0.035746595885594,-0.0357465958855928,-0.0357465958855927,0.0357465958855928
0.00210599999999996,3.08929806545056,3.44248554813359,-0.835990624763249,-0.0353187482683037,-0.0353187482683031,-0.035318748268303,0.035318748268303
0.00210699999999996,3.11393890243946,3.46282408156437,-0.839479476554499,-0.0348885179124925,-0.0348885179124912,-0.0348885179124911,0.0348885179124911
0.00210799999999996,3.13845680645241,3.48301604446392,-0.842925068934614,-0.0344559238011533,-0.0344559238011513,-0.0344559238011513,0.0344559238011513
0.00210899999999996,3.16285080956454,3.50306065974887,-0.846327167436457,-0.0340209850184325,-0.0340209850184328,-0.0340209850184328,0.0340209850184328
0.00210999999999996,3.18711994874238,3.52295715623096,-0.849685539511343,-0.0335837207488598,-0.0335837207488586,-0.0335837207488585,0.0335837207488585
0.00211099999999996,3.21126326588186,3.54270476864726,-0.852999954538997,-0.0331441502765406,-0.0331441502765399,-0.0331441502765399,0.0331441502765399
0.00211199999999996,3.23527980784617,3.56230273769004,-0.856270183837436,-0.0327022929843879,-0.0327022929843872,-0.0327022929843871,0.0327022929843871
0.00211299999999996,3.25916862650335,3.58175031003651,-0.859496000672768,-0.0322581683533174,-0.0322581683533163,-0.0322581683533162,0.0322581683533162
0.00211399999999996,3.28292877876374,3.60104673837826,-0.862677180268913,-0.0318117959614528,-0.0318117959614516,-0.0318117959614515,0.0318117959614515
0.00211499999999996,3.30655932661723,3.62019128145048,-0.865813499817246,-0.0313631954833249,-0.0313631954833248,-0.0313631954833248,0.0313631954833247
0.00211599999999996,3.33005933717024,3.63918320406094,-0.868904738486153,-0.0309123866890704,-0.0309123866890701,-0.03091238668907,0.03091238668907
0.00211699999999996,3.35342788268259,3.65802177711874,-0.871950677430514,-0.0304593894436167,-0.0304593894436151,-0.0304593894436151,0.0304593894436151
0.00211799999999996,3.37666404060412,3.67670627766281,-0.874951099801101,-0.0300042237058695,-0.0300042237058688,-0.0300042237058687,0.0300042237058687
0.00211899999999996,3.3997668936111,3.69523598889015,-0.877905790753892,-0.0295469095279033,-0.0295469095279044,-0.0295469095279043,0.0295469095279043
0.00211999999999996,3.42273552964246,3.71361020018386,-0.880814537459305,-0.0290874670541397,-0.02908746705414,-0.02908746705414,0.02908746705414
0.00212099999999996,3.44556904193577,3.73182820714091,-0.883677129111357,-0.028625916520516,-0.0286259165205148,-0.0286259165205148,0.0286259165205148
0.00212199999999996,3.46826652906306,3.74988931159967,-0.886493356936723,-0.0281622782536617,-0.0281622782536612,-0.0281622782536611,0.0281622782536611
0.00212299999999996,3.4908270949664,3.76779282166715,-0.889263014203731,-0.0276965726700762,-0.0276965726700741,-0.027696572670074,0.027696572670074
0.00212399999999996,3.5132498489933,3.78553805174606,-0.891985896231259,-0.0272288202752768,-0.0272288202752764,-0.0272288202752763,0.0272288202752763
0.00212499999999996,3.5355339059318,3.8031243225616,-0.894661800397557,-0.0267590416629804,-0.0267590416629804,-0.0267590416629804,0.0267590416629804
0.00212599999999996,3.55767838604549,3.82055096118796,-0.897290526148981,-0.0262872575142481,-0.0262872575142467,-0.0262872575142467,0.0262872575142467
0.00212699999999996,3.57968241510823,3.83781730107462,-0.899871875008645,-0.0258134885966377,-0.0258134885966384,-0.0258134885966384,0.0258134885966384
0.00212799999999996,3.60154512443862,3.85492268207235,-0.902405650584982,-0.0253377557633727,-0.0253377557633727,-0.0253377557633727,0.0253377557633727
0.00212899999999996,3.62326565093433,3.87186645045902,-0.904891658580229,-0.024860079952469,-0.0248600799524688,-0.0248600799524688,0.0248600799524688
0.00212999999999996,3.64484313710616,3.88864795896508,-0.907329706798819,-0.0243804821858928,-0.0243804821858924,-0.0243804821858923,0.0243804821858923
0.00213099999999996,3.66627673111191,3.90526656679888,-0.909719605155688,-0.0238989835686965,-0.0238989835686969,-0.0238989835686969,0.0238989835686969
0.00213199999999996,3.68756558678999,3.9217216396716,-0.912061165684505,-0.0234156052881629,-0.0234156052881613,-0.0234156052881612,0.0234156052881612
0.00213299999999996,3.70870886369283,3.93801254982207,-0.914354202545797,-0.0229303686129256,-0.0229303686129245,-0.0229303686129245,0.0229303686129245
0.00213399999999996,3.72970572712005,3.95413867604122,-0.916598532035009,-0.0224432948921172,-0.0224432948921169,-0.0224432948921168,0.0224432948921168
0.00213499999999996,3.75055534815145,3.97009940369633,-0.918793972590458,-0.0219544055544896,-0.0219544055544882,-0.0219544055544881,0.0219544055544881
0.00213599999999996,3.77125690367968,3.985894124755,-0.920940344801211,-0.0214637221075331,-0.0214637221075326,-0.0214637221075326,0.0214637221075326
0.00213699999999996,3.79180957644277,4.00152223780888,-0.923037471414872,-0.0209712661366102,-0.0209712661366102,-0.0209712661366102,0.0209712661366102
0.00213799999999996,3.81221255505641,4.01698314809707,-0.925085177345279,-0.0204770593040682,-0.020477059304066,-0.020477059304066,0.020477059304066
0.00213899999999996,3.83246503404593,4.03227626752938,-0.927083289680113,-0.0199811233483438,-0.0199811233483451,-0.019981123348345,0.019981123348345
0.00213999999999996,3.85256621387814,4.04740101470919,-0.929031637688424,-0.0194834800831056,-0.0194834800831053,-0.0194834800831052,0.0194834800831052
0.00214099999999996,3.87251530099287,4.06235681495614,-0.930930052828057,-0.0189841513963263,-0.0189841513963269,-0.0189841513963268,0.0189841513963268
0.00214199999999996,3.89231150783433,4.07714310032851,-0.932778368752998,-0.0184831592494183,-0.0184831592494187,-0.0184831592494187,0.0184831592494186
0.00214299999999996,3.91195405288216,4.09175930964538,-0.934576421320631,-0.0179805256763221,-0.0179805256763221,-0.017980525676322,0.0179805256763221
0.00214399999999996,3.93144216068232,4.10620488850843,-0.936324048598892,-0.0174762727826117,-0.0174762727826114,-0.0174762727826113,0.0174762727826113
0.00214499999999996,3.95077506187769,4.1204792893236,-0.938021090873351,-0.0169704227445922,-0.0169704227445917,-0.0169704227445916,0.0169704227445917
0.00214599999999996,3.96995199323842,4.13458197132236,-0.939667390654191,-0.0164629978083963,-0.016462997808394,-0.016462997808394,0.016462997808394
0.00214699999999996,3.98897219769211,4.14851240058278,-0.941262792683098,-0.0159540202890696,-0.0159540202890675,-0.0159540202890674,0.0159540202890674
0.00214799999999996,4.00783492435365,4.16227005005033,-0.942807143940064,-0.0154435125696695,-0.0154435125696684,-0.0154435125696684,0.0154435125696684
0.00214899999999996,4.02653942855488,4.17585439955836,-0.944300293650099,-0.0149314971003478,-0.0149314971003476,-0.0149314971003475,0.0149314971003475
0.00214999999999996,4.04508497187402,4.18926493584835,-0.945742093289843,-0.0144179963974345,-0.0144179963974338,-0.0144179963974337,0.0144179963974337
0.00215099999999996,4.06347082216476,4.20250115258991,-0.947132396594094,-0.0139030330425172,-0.0139030330425154,-0.0139030330425153,0.0139030330425153
0.00215199999999996,4.08169625358522,4.21556255040041,-0.948471059562246,-0.0133866296815199,-0.0133866296815191,-0.013386629681519,0.013386629681519
0.00215299999999996,4.09976054662657,4.22844863686443,-0.949757940464625,-0.0128688090237883,-0.0128688090237862,-0.0128688090237861,0.0128688090237861
0.00215399999999996,4.11766298814145,4.24115892655291,-0.95099289984874,-0.0123495938411466,-0.012349593841146,-0.012349593841146,0.012349593841146
0.00215499999999996,4.13540287137213,4.253692941042,-0.952175800545439,-0.011829006966988,-0.0118290069669873,-0.0118290069669872,0.0118290069669872
0.00215599999999996,4.15297949597839,4.26605020893166,-0.953306507674971,-0.0113070712953278,-0.0113070712953266,-0.0113070712953266,0.0113070712953265
0.00215699999999996,4.1703921680652,4.27823026586394,-0.954384888652959,-0.0107838097798763,-0.0107838097798749,-0.0107838097798749,0.0107838097798749
0.00215799999999996,4.18764020021006,4.29023265454107,-0.955410813196269,-0.010259245433103,-0.0102592454331012,-0.0102592454331011,0.0102592454331012
0.00215899999999996,4.2047229114902,4.30205692474314,-0.956384153328799,-0.00973340132529477,-0.009733401325294,-0.00973340132529392,0.00973340132529393
0.00215999999999996,4.22163962750944,4.31370263334565,-0.957304783387161,-0.00920630058362071,-0.00920630058362072,-0.00920630058362066,0.00920630058362065
0.00216099999999996,4.23838968042479,4.32516934433663,-0.958172580026279,-0.00867796639118512,-0.00867796639118443,-0.00867796639118437,0.0086779663911844
0.00216199999999996,4.25497240897284,4.33645662883363,-0.958987422224887,-0.00814842198607946,-0.00814842198607858,-0.00814842198607852,0.00814842198607851
0.00216299999999996,4.27138715849587,4.34756406510026,-0.959749191290931,-0.0076176906604386,-0.00761769066043946,-0.00761769066043945,0.00761769066043944
0.00216399999999996,4.28763328096766,4.35849123856262,-0.960457770866881,-0.00708579575949608,-0.00708579575949651,-0.00708579575949644,0.00708579575949647
0.00216499999999996,4.30371013501913,4.36923774182533,-0.961113046934943,-0.00655276068062149,-0.00655276068062048,-0.00655276068062038,0.00655276068062038
0.00216599999999996,4.31961708596359,4.37980317468729,-0.96171490782218,-0.00601860887236905,-0.00601860887236954,-0.00601860887236949,0.00601860887236949
0.00216699999999996,4.33535350582187,4.39018714415721,-0.962263244205533,-0.00548336383353498,-0.00548336383353326,-0.00548336383353316,0.00548336383353315
0.00216799999999996,4.35091877334706,4.40038926446881,-0.962757949116751,-0.00494704911217614,-0.00494704911217471,-0.00494704911217463,0.00494704911217464
0.00216899999999996,4.36631227404904,4.41040915709575,-0.963198917947218,-0.00440968830467292,-0.00440968830467041,-0.00440968830467039,0.00440968830467037
0.00216999999999996,4.38153340021877,4.42024645076625,-0.963586048452693,-0.00387130505475008,-0.00387130505474852,-0.00387130505474849,0.00387130505474848
0.00217099999999996,4.39658155095224,4.42990078147749,-0.963919240757946,-0.00333192305252528,-0.00333192305252497,-0.00333192305252492,0.00333192305252494
0.00217199999999996,4.41145613217423,4.43937179250961,-0.9641983973613,-0.00279156603353981,-0.00279156603353788,-0.00279156603353785,0.00279156603353786
0.00217299999999996,4.42615655666175,4.44865913443955,-0.964423423139078,-0.00225025777778165,-0.00225025777778002,-0.00225025777778001,0.00225025777777998
0.00217399999999996,4.44068224406721,4.4577624651545,-0.964594225349951,-0.00170802210872956,-0.00170802210872957,-0.00170802210872951,0.0017080221087295
0.00217499999999996,4.45503262094133,4.46668144986512,-0.964710713639189,-0.00116488289237937,-0.00116488289237914,-0.0011648828923791,0.00116488289237909
0.00217599999999996,4.46920712075582,4.47541576111845,-0.964772800042815,-0.000620864036264823,-0.000620864036263017,-0.000620864036262958,0.000620864036262936
0.00217699999999996,4.48320518392569,4.48396507881051,-0.964780398991664,-0.000075989488483863,-0.0000759894884827991,-0.0000759894884827084,0.0000759894884826973
0.00217799999999996,4.49702625783137,4.49232909019868,-0.964733427315337,0.000469716763268346,0.000469716763268603,0.000469716763268657,-0.000469716763268679
0.00217899999999996,4.51066979684054,4.50050748991369,-0.964631804246069,0.00101623069268419,0.00101623069268458,0.00101623069268459,-0.00101623069268458
0.00217999999999997,4.52413526232963,4.50849997997139,-0.964475451422486,0.00156352823582395,0.00156352823582397,0.00156352823582404,-0.00156352823582406
0.00218099999999997,4.53742212270512,4.51630626978421,-0.964264292893277,0.00211158529209055,0.00211158529209172,0.00211158529209179,-0.00211158529209177
0.00218199999999997,4.55052985342453,4.52392607617232,-0.963998255120755,0.00266037772521877,0.00266037772522102,0.00266037772522107,-0.00266037772522104
0.00218299999999997,4.56345793701707,4.5313591233745,-0.96367726698433,0.0032098813642556,0.00320988136425691,0.00320988136425697,-0.00320988136425698
0.00218399999999997,4.57620586310415,4.53860514305874,-0.963301259783876,0.00376007200454054,0.00376007200454117,0.00376007200454129,-0.00376007200454126
0.00218499999999997,4.58877312841948,4.54566387433249,-0.962870167243006,0.00431092540869815,0.00431092540869872,0.00431092540869882,-0.00431092540869882
0.00218599999999997,4.60115923682893,4.55253506375268,-0.962383925512243,0.00486241730762504,0.00486241730762521,0.00486241730762531,-0.00486241730762532
0.00218699999999997,4.61336369935016,4.5592184653354,-0.961842473172096,0.00541452340147464,0.00541452340147596,0.00541452340147606,-0.00541452340147608
0.00218799999999997,4.62538603417188,4.56571384056532,-0.96124575123603,0.00596721936065414,0.00596721936065609,0.00596721936065618,-0.0059672193606562
0.00218899999999997,4.63722576667291,4.57202095840479,-0.960593703153349,0.00652048082681045,0.00652048082681191,0.00652048082681196,-0.00652048082681195
0.00218999999999997,4.64888242944087,4.57813959530263,-0.959886274811967,0.00707428341382266,0.00707428341382337,0.00707428341382341,-0.00707428341382343
0.00219099999999997,4.66035556229067,4.58406953520269,-0.959123414541088,0.00762860270879573,0.00762860270879775,0.00762860270879786,-0.00762860270879784
0.00219199999999997,4.67164471228269,4.58981056955204,-0.958305073113781,0.00818341427306302,0.00818341427306433,0.00818341427306439,-0.0081834142730644
0.00219299999999997,4.68274943374059,4.59536249730889,-0.957431203749464,0.00873869364316993,0.00873869364317017,0.00873869364317024,-0.00873869364317026
0.00219399999999997,4.69366928826901,4.60072512495024,-0.956501762116277,0.00929441633187644,0.00929441633187682,0.00929441633187693,-0.00929441633187689
0.00219499999999997,4.70440384477078,4.60589826647919,-0.955516706333361,0.00985055782915634,0.00985055782915807,0.0098505578291582,-0.00985055782915817
0.00219599999999997,4.71495267946398,4.61088174343199,-0.954475996973041,0.0104070936031975,0.0104070936031986,0.0104070936031987,-0.0104070936031987
0.00219699999999997,4.72531537589869,4.61567538488475,-0.953379597062902,0.0109639991013921,0.0109639991013933,0.0109639991013934,-0.0109639991013933
0.00219799999999997,4.73549152497339,4.62027902745991,-0.952227472087767,0.0115212497513484,0.0115212497513481,0.0115212497513482,-0.0115212497513482
0.00219899999999997,4.74548072495115,4.62469251533235,-0.951019589991579,0.0120788209618794,0.0120788209618805,0.0120788209618806,-0.0120788209618806
0.00219999999999997,4.75528258147545,4.62891570023523,-0.949755921179177,0.0126366881240203,0.0126366881240219,0.012636688124022,-0.012636688124022
0.00220099999999997,4.76489670758579,4.63294844146558,-0.948436438517975,0.0131948266120197,0.0131948266120203,0.0131948266120204,-0.0131948266120204
0.00220199999999997,4.77432272373292,4.63679060588948,-0.947061117339541,0.013753211784342,0.0137532117843432,0.0137532117843432,-0.0137532117843432
0.00220299999999997,4.78356025779386,4.64044206794704,-0.945629935441073,0.0143118189846803,0.014311818984682,0.0143118189846821,-0.0143118189846821
0.00220399999999997,4.79260894508659,4.64390270965703,-0.944142873086777,0.0148706235429552,0.0148706235429564,0.0148706235429565,-0.0148706235429564
0.00220499999999997,4.80146842838444,4.64717242062124,-0.942599913009146,0.0154296007763177,0.0154296007763194,0.0154296007763195,-0.0154296007763195
0.00220599999999997,4.81013835793016,4.65025109802852,-0.94100104041013,0.0159887259901614,0.0159887259901633,0.0159887259901634,-0.0159887259901634
0.00220699999999997,4.81861839144978,4.65313864665853,-0.939346242962217,0.0165479744791242,0.0165479744791254,0.0165479744791254,-0.0165479744791254
0.00220799999999997,4.82690819416611,4.65583497888516,-0.937635510809408,0.0171073215280948,0.0171073215280948,0.0171073215280949,-0.0171073215280949
0.00220899999999997,4.83500743881193,4.65834001467973,-0.935868836568086,0.0176667424132193,0.0176667424132196,0.0176667424132197,-0.0176667424132197
0.00220999999999997,4.84291580564291,4.66065368161377,-0.934046215327794,0.0182262124029131,0.0182262124029138,0.0182262124029139,-0.0182262124029139
0.00221099999999997,4.85063298245029,4.66277591486164,-0.932167644651908,0.0187857067588637,0.0187857067588651,0.0187857067588652,-0.0187857067588652
0.00221199999999997,4.85815866457314,4.66470665720271,-0.930233124578204,0.019345200737042,0.0193452007370432,0.0193452007370433,-0.0193452007370433
0.00221299999999997,4.86549255491041,4.66644585902333,-0.928242657619333,0.0199046695887051,0.0199046695887075,0.0199046695887076,-0.0199046695887076
0.00221399999999997,4.87263436393267,4.66799347831851,-0.926196248763192,0.0204640885614138,0.0204640885614157,0.0204640885614157,-0.0204640885614157
0.00221499999999997,4.87958380969353,4.6693494806932,-0.924093905473189,0.0210234329000325,0.0210234329000323,0.0210234329000325,-0.0210234329000324
0.00221599999999997,4.88634061784077,4.67051383936339,-0.921935637688415,0.0215826778477357,0.0215826778477375,0.0215826778477376,-0.0215826778477375
0.00221699999999997,4.89290452162717,4.67148653515681,-0.919721457823712,0.022141798647034,0.0221417986470355,0.0221417986470356,-0.0221417986470356
0.00221799999999997,4.89927526192105,4.67226755651341,-0.917451380769635,0.0227007705407634,0.0227007705407638,0.0227007705407639,-0.0227007705407639
0.00221899999999997,4.90545258721649,4.67285689948547,-0.915125423892325,0.0232595687731008,0.0232595687731016,0.0232595687731017,-0.0232595687731017
0.00221999999999997,4.91143625364327,4.67325456773748,-0.912743607033268,0.0238181685905781,0.0238181685905787,0.0238181685905787,-0.0238181685905787
0.00222099999999997,4.91722602497648,4.67346057254564,-0.910305952508959,0.0243765452430844,0.0243765452430842,0.0243765452430843,-0.0243765452430842
0.00222199999999997,4.92282167264587,4.67347493279711,-0.907812485110472,0.0249346739848744,0.0249346739848749,0.024934673984875,-0.024934673984875
0.00222299999999997,4.92822297574483,4.67329767498899,-0.905263232102913,0.0254925300755837,0.0254925300755841,0.0254925300755842,-0.0254925300755842
0.00222399999999997,4.93342972103919,4.6729288332269,-0.902658223224791,0.0260500887812276,0.0260500887812293,0.0260500887812293,-0.0260500887812293
0.00222499999999997,4.93844170297555,4.67236844922334,-0.899997490687269,0.0266073253752186,0.0266073253752203,0.0266073253752205,-0.0266073253752205
0.00222599999999997,4.94325872368943,4.67161657229576,-0.897281069173332,0.0271642151393658,0.0271642151393673,0.0271642151393674,-0.0271642151393674
0.00222699999999997,4.94788059301312,4.67067325936425,-0.894508995836844,0.0277207333648855,0.0277207333648874,0.0277207333648875,-0.0277207333648875
0.00222799999999997,4.95230712848313,4.66953857494901,-0.891681310301502,0.0282768553534118,0.0282768553534124,0.0282768553534125,-0.0282768553534125
0.00222899999999997,4.95653815534742,4.66821259116746,-0.888798054659703,0.0288325564179948,0.0288325564179951,0.0288325564179952,-0.0288325564179952
0.00222999999999997,4.96057350657228,4.66669538773112,-0.885859273471291,0.0293878118841151,0.0293878118841154,0.0293878118841155,-0.0293878118841155
0.00223099999999997,4.96441302284896,4.6649870519421,-0.882865013762223,0.0299425970906841,0.0299425970906858,0.0299425970906859,-0.0299425970906859
0.00223199999999997,4.96805655259994,4.66308767868937,-0.879815325023117,0.0304968873910572,0.0304968873910571,0.0304968873910572,-0.0304968873910572
0.00223299999999997,4.9715039519849,4.66099737044468,-0.876710259207715,0.0310506581540226,0.0310506581540223,0.0310506581540224,-0.0310506581540224
0.00223399999999997,4.97475508490641,4.6587162372582,-0.873549870731233,0.0316038847648203,0.0316038847648213,0.0316038847648214,-0.0316038847648213
0.00223499999999997,4.97780982301532,4.65624439675388,-0.870334216468619,0.0321565426261428,0.0321565426261435,0.0321565426261436,-0.0321565426261435
0.00223599999999997,4.98066804571579,4.65358197412447,-0.867063355752706,0.0327086071591309,0.0327086071591312,0.0327086071591313,-0.0327086071591313
0.00223699999999997,4.98332964017008,4.65072910212627,-0.863737350372268,0.0332600538043792,0.0332600538043811,0.0332600538043812,-0.0332600538043812
0.00223799999999997,4.985794501303,4.64768592107355,-0.860356264569973,0.0338108580229446,0.0338108580229454,0.0338108580229456,-0.0338108580229455
0.00223899999999997,4.98806253180607,4.64445257883274,-0.85692016504024,0.0343609952973323,0.0343609952973327,0.0343609952973329,-0.0343609952973329
0.00223999999999997,4.9901336421413,4.64102923081623,-0.853429120926989,0.0349104411325052,0.0349104411325071,0.0349104411325071,-0.0349104411325071
0.00224099999999997,4.99200775054483,4.63741603997596,-0.849883203821301,0.0354591710568863,0.0354591710568868,0.0354591710568869,-0.0354591710568868
0.00224199999999997,4.99368478303005,4.63361317679662,-0.846282487758967,0.0360071606233414,0.0360071606233424,0.0360071606233424,-0.0360071606233424
0.00224299999999997,4.99516467339059,4.62962081928866,-0.842627049217948,0.0365543854101913,0.036554385410193,0.0365543854101931,-0.0365543854101931
0.00224399999999997,4.99644736320291,4.62543915298089,-0.838916967115727,0.0371008210222024,0.0371008210222027,0.0371008210222028,-0.0371008210222028
0.00224499999999997,4.99753280182863,4.62106837091288,-0.83515232280657,0.0376464430915735,0.0376464430915746,0.0376464430915747,-0.0376464430915747
0.00224599999999997,4.99842094641648,4.61650867362703,-0.831333200078676,0.0381912272789431,0.0381912272789452,0.0381912272789453,-0.0381912272789453
0.00224699999999997,4.99911176190403,4.61176026916027,-0.827459685151238,0.0387351492743748,0.0387351492743763,0.0387351492743765,-0.0387351492743764
0.00224799999999997,4.99960522101907,4.6068233730356,-0.823531866671403,0.039278184798347,0.039278184798347,0.0392781847983471,-0.0392781847983471
0.00224899999999997,4.99990130428068,4.60169820825324,-0.819549835711129,0.0398203096027416,0.0398203096027435,0.0398203096027435,-0.0398203096027436
0.00224999999999997,5,4.59638500528152,-0.815513685763944,0.0403614994718493,0.040361499471848,0.0403614994718481,-0.0403614994718481
0.00225099999999997,4.99990130428069,4.59088400204742,-0.811423512741612,0.0409017302233261,0.0409017302233269,0.040901730223327,-0.040901730223327
0.00225199999999997,4.99960522101909,4.58519544392692,-0.80727941497069,0.0414409777092162,0.0414409777092167,0.0414409777092168,-0.0414409777092168
0.00225299999999997,4.99911176190406,4.57931958373497,-0.803081493188999,0.0419792178169076,0.0419792178169091,0.0419792178169091,-0.0419792178169092
0.00225399999999997,4.99842094641652,4.57325668171517,-0.798829850541986,0.0425164264701339,0.0425164264701348,0.0425164264701349,-0.0425164264701349
0.00225499999999997,4.99753280182868,4.56700700552922,-0.794524592578991,0.0430525796299452,0.0430525796299457,0.0430525796299458,-0.0430525796299458
0.00225599999999998,4.99644736320298,4.56057083024602,-0.790165827249422,0.0435876532956947,0.0435876532956952,0.0435876532956953,-0.0435876532956953
0.00225699999999998,4.99516467339066,4.55394843833048,-0.78575366489882,0.0441216235060182,0.0441216235060181,0.0441216235060182,-0.0441216235060182
0.00225799999999998,4.99368478303013,4.54714011963205,-0.781288218264839,0.0446544663398074,0.0446544663398078,0.0446544663398079,-0.0446544663398079
0.00225899999999998,4.99200775054492,4.54014617137299,-0.77676960247312,0.0451861579171919,0.0451861579171924,0.0451861579171925,-0.0451861579171925
0.00225999999999998,4.99013364214141,4.53296689813631,-0.772197935033069,0.0457166744005089,0.0457166744005094,0.0457166744005095,-0.0457166744005095
0.00226099999999998,4.98806253180618,4.5256026118534,-0.767573335833542,0.0462459919952773,0.0462459919952781,0.0462459919952781,-0.0462459919952781
0.00226199999999998,4.98579450130313,4.51805363179142,-0.762895927138425,0.0467740869511701,0.0467740869511711,0.0467740869511711,-0.0467740869511711
0.00226299999999998,4.98332964017021,4.51032028454038,-0.758165833582126,0.0473009355629828,0.0473009355629833,0.0473009355629833,-0.0473009355629833
0.00226399999999998,4.98066804571593,4.50240290399993,-0.753383182164966,0.0478265141715994,0.0478265141715998,0.0478265141715998,-0.0478265141715998
0.00226499999999998,4.97780982301547,4.49430183136586,-0.74854810224847,0.0483507991649612,0.0483507991649612,0.0483507991649613,-0.0483507991649613
0.00226599999999998,4.97475508490658,4.48601741511629,-0.743660725550568,0.0488737669790273,0.0488737669790279,0.0488737669790281,-0.0488737669790281
0.00226699999999998,4.97150395198507,4.47755001099766,-0.738721186140693,0.0493953940987413,0.0493953940987418,0.0493953940987418,-0.0493953940987418
0.00226799999999998,4.96805655260012,4.46889998201026,-0.733729620434795,0.0499156570589854,0.0499156570589863,0.0499156570589864,-0.0499156570589863
0.00226899999999998,4.96441302284916,4.46006769839371,-0.72868616719024,0.0504345324455435,0.0504345324455447,0.0504345324455447,-0.0504345324455447
0.00226999999999998,4.96057350657248,4.45105353761192,-0.723590967500635,0.0509519968960548,0.0509519968960559,0.050951996896056,-0.050951996896056
0.00227099999999998,4.95653815534763,4.44185788433794,-0.718444164790538,0.0514680271009682,0.0514680271009688,0.0514680271009689,-0.0514680271009689
0.00227199999999998,4.95230712848335,4.43248113043842,-0.713245904810089,0.051982599804492,0.0519825998044936,0.0519825998044936,-0.0519825998044937
0.00227299999999998,4.94788059301336,4.42292367495783,-0.707996335629534,0.052495691805553,0.0524956918055524,0.0524956918055524,-0.0524956918055525
0.00227399999999998,4.94325872368968,4.41318592410242,-0.702695607633661,0.0530072799587256,0.053007279958726,0.0530072799587261,-0.0530072799587261
0.00227499999999998,4.9384417029758,4.4032682912238,-0.697343873516141,0.0535173411751999,0.0535173411752,0.0535173411752001,-0.0535173411752001
0.00227599999999998,4.93342972103945,4.39317119680238,-0.69194128827377,0.0540258524237081,0.0540258524237076,0.0540258524237077,-0.0540258524237077
0.00227699999999998,4.92822297574511,4.3828950684304,-0.686488009200623,0.0545327907314708,0.0545327907314707,0.0545327907314708,-0.0545327907314708
0.00227799999999998,4.92282167264615,4.37244034079476,-0.680984195882109,0.055038133185138,0.0550381331851384,0.0550381331851384,-0.0550381331851384
0.00227899999999998,4.91722602497677,4.36180745565954,-0.675430010188937,0.0555418569317234,0.0555418569317233,0.0555418569317234,-0.0555418569317234
0.00227999999999998,4.91143625364357,4.35099686184822,-0.669825616270984,0.0560439391795353,0.0560439391795352,0.0560439391795352,-0.0560439391795352
0.00228099999999998,4.9054525872168,4.34000901522567,-0.664171180551072,0.0565443571991131,0.0565443571991129,0.0565443571991129,-0.0565443571991129
0.00228199999999998,4.89927526192137,4.32884437867984,-0.658466871718657,0.0570430883241513,0.0570430883241527,0.0570430883241528,-0.0570430883241528
0.00228299999999998,4.8929045216275,4.31750342210314,-0.652712860723414,0.0575401099524353,0.0575401099524354,0.0575401099524354,-0.0575401099524354
0.00228399999999998,4.88634061784111,4.30598662237361,-0.646909320768739,0.0580353995467497,0.0580353995467496,0.0580353995467497,-0.0580353995467497
0.00228499999999998,4.87958380969388,4.29429446333574,-0.641056427305157,0.0585289346358131,0.0585289346358137,0.0585289346358138,-0.0585289346358138
0.00228599999999998,4.87263436393303,4.28242743578109,-0.635154358023638,0.0590206928151937,0.0590206928151942,0.0590206928151942,-0.0590206928151942
0.00228699999999998,4.86549255491078,4.27038603742856,-0.629203292848816,0.0595106517482213,0.0595106517482219,0.0595106517482219,-0.059510651748222
0.00228799999999998,4.85815866457352,4.25817077290447,-0.623203413932125,0.0599987891669052,0.0599987891669056,0.0599987891669056,-0.0599987891669057
0.00228899999999998,4.85063298245069,4.24578215372226,-0.617154905644841,0.060485082872842,0.0604850828728423,0.0604850828728424,-0.0604850828728424
0.00228999999999998,4.84291580564332,4.23322069826206,-0.611057954571029,0.0609695107381247,0.0609695107381256,0.0609695107381257,-0.0609695107381257
0.00229099999999998,4.83500743881234,4.22048693174983,-0.604912749500404,0.0614520507062499,0.0614520507062506,0.0614520507062507,-0.0614520507062507
0.00229199999999998,4.82690819416653,4.20758138623637,-0.598719481421102,0.0619326807930154,0.0619326807930164,0.0619326807930165,-0.0619326807930164
0.00229299999999998,4.81861839145022,4.19450460057596,-0.59247834351236,0.0624113790874248,0.0624113790874252,0.0624113790874253,-0.0624113790874253
0.00229399999999998,4.8101383579306,4.1812571204048,-0.586189531137102,0.0628881237525791,0.0628881237525794,0.0628881237525795,-0.0628881237525795
0.00229499999999998,4.80146842838489,4.16783949811914,-0.579853241834444,0.0633628930265751,0.0633628930265748,0.0633628930265748,-0.0633628930265748
0.00229599999999998,4.79260894508706,4.15425229285314,-0.573469675312105,0.0638356652233918,0.0638356652233913,0.0638356652233914,-0.0638356652233914
0.00229699999999998,4.78356025779433,4.14049607045652,-0.567039033438727,0.0643064187337805,0.0643064187337808,0.0643064187337809,-0.0643064187337809
0.00229799999999998,4.7743227237334,4.12657140347188,-0.560561520236112,0.0647751320261525,0.0647751320261516,0.0647751320261516,-0.0647751320261516
0.00229899999999998,4.76489670758628,4.11247887111178,-0.554037341871367,0.0652417836474495,0.0652417836474499,0.06524178364745,-0.06524178364745
0.00229999999999998,4.75528258147595,4.09821905923557,-0.547466706648963,0.0657063522240375,0.0657063522240384,0.0657063522240384,-0.0657063522240384
0.00230099999999998,4.74548072495166,4.08379256032595,-0.540849825002706,0.0661688164625707,0.0661688164625713,0.0661688164625714,-0.0661688164625714
0.00230199999999998,4.73549152497391,4.06919997346525,-0.534186909487619,0.0666291551508669,0.0666291551508665,0.0666291551508666,-0.0666291551508666
0.00230299999999998,4.72531537589922,4.05444190431147,-0.527478174771742,0.0670873471587741,0.0670873471587749,0.0670873471587749,-0.0670873471587749
0.00230399999999998,4.71495267946452,4.03951896507407,-0.520723837627837,0.0675433714390439,0.0675433714390451,0.0675433714390451,-0.067543371439045
0.00230499999999998,4.70440384477132,4.02443177448946,-0.513924116925019,0.0679972070281865,0.0679972070281865,0.0679972070281866,-0.0679972070281866
0.00230599999999998,4.69366928826957,4.00918095779629,-0.507079233620286,0.0684488330473276,0.0684488330473282,0.0684488330473283,-0.0684488330473282
0.00230699999999998,4.68274943374116,3.99376714671042,-0.500189410749979,0.0688982287030737,0.0688982287030742,0.0688982287030743,-0.0688982287030743
0.00230799999999998,4.67164471228326,3.9781909793997,-0.493254873421143,0.0693453732883559,0.0693453732883563,0.0693453732883564,-0.0693453732883564
0.00230899999999998,4.66035556229126,3.96245310045843,-0.486275848802815,0.0697902461832817,0.0697902461832824,0.0697902461832825,-0.0697902461832825
0.00230999999999998,4.64888242944146,3.94655416088164,-0.479252566117217,0.0702328268559826,0.0702328268559823,0.0702328268559824,-0.0702328268559824
0.00231099999999998,4.63722576667351,3.93049481803902,-0.472185256630872,0.0706730948634487,0.0706730948634493,0.0706730948634494,-0.0706730948634494
0.00231199999999998,4.6253860341725,3.91427573564871,-0.465074153645634,0.0711110298523787,0.0711110298523788,0.0711110298523789,-0.0711110298523788
0.00231299999999998,4.61336369935078,3.89789758375076,-0.457919492489634,0.0715466115600027,0.0715466115600028,0.0715466115600028,-0.0715466115600029
0.00231399999999998,4.60115923682956,3.88136103868035,-0.450721510508142,0.0719798198149213,0.0719798198149216,0.0719798198149217,-0.0719798198149217
0.00231499999999998,4.58877312842012,3.86466678304081,-0.443480447054348,0.0724106345379305,0.0724106345379312,0.0724106345379312,-0.0724106345379312
0.00231599999999998,4.5762058631048,3.84781550567633,-0.436196543480064,0.072839035742846,0.0728390357428468,0.0728390357428468,-0.0728390357428468
0.00231699999999998,4.56345793701773,3.83080790164449,-0.428870043126331,0.0732650035373239,0.0732650035373239,0.0732650035373239,-0.073265003537324
0.00231799999999998,4.5505298534252,3.81364467218845,-0.421501191313964,0.0736885181236729,0.0736885181236741,0.0736885181236742,-0.0736885181236742
0.00231899999999998,4.5374221227058,3.79632652470902,-0.414090235333996,0.0741095597996788,0.0741095597996784,0.0741095597996785,-0.0741095597996785
0.00231999999999998,4.52413526233032,3.77885417273636,-0.406637424438057,0.0745281089593952,0.0745281089593959,0.074528108959396,-0.0745281089593959
0.00232099999999998,4.51066979684124,3.76122833590155,-0.39914300982866,0.0749441460939687,0.0749441460939689,0.074944146093969,-0.0749441460939689
0.00232199999999998,4.49702625783208,3.74344973990783,-0.391607244649417,0.0753576517924243,0.0753576517924246,0.0753576517924247,-0.0753576517924247
0.00232299999999998,4.4832051839264,3.72551911650168,-0.38403038397517,0.0757686067424723,0.0757686067424723,0.0757686067424724,-0.0757686067424724
0.00232399999999998,4.46920712075654,3.70743720344357,-0.376412684802041,0.0761769917312966,0.0761769917312969,0.0761769917312969,-0.0761769917312969
0.00232499999999998,4.45503262094207,3.68920474447858,-0.368754406037406,0.0765827876463482,0.0765827876463485,0.0765827876463485,-0.0765827876463485
0.00232599999999998,4.44068224406795,3.67082248930667,-0.361055808489793,0.0769859754761282,0.0769859754761281,0.0769859754761282,-0.0769859754761282
0.00232699999999998,4.4261565566625,3.65229119355281,-0.353317154858696,0.0773865363109688,0.0773865363109693,0.0773865363109693,-0.0773865363109693
0.00232799999999998,4.41145613217499,3.63361161873684,-0.345538709724315,0.0777844513438147,0.0777844513438154,0.0777844513438155,-0.0777844513438155
0.00232899999999998,4.39658155095301,3.61478453224307,-0.337720739537215,0.0781797018709934,0.0781797018709934,0.0781797018709935,-0.0781797018709935
0.00232999999999998,4.38153340021955,3.59581070728972,-0.329863512607917,0.078572269292983,0.0785722692929832,0.0785722692929832,-0.0785722692929833
0.00233099999999999,4.36631227404983,3.576690922898,-0.321967299096399,0.078962135115182,0.0789621351151826,0.0789621351151827,-0.0789621351151827
0.00233199999999999,4.35091877334786,3.55742596386117,-0.314032371001532,0.079349280948669,0.0793492809486689,0.079349280948669,-0.0793492809486689
0.00233299999999999,4.33535350582268,3.53801662071313,-0.306059002150436,0.0797336885109551,0.0797336885109553,0.0797336885109554,-0.0797336885109554
0.00233399999999999,4.31961708596441,3.51846368969697,-0.298047468187762,0.0801153396267434,0.0801153396267437,0.0801153396267438,-0.0801153396267438
0.00233499999999999,4.30371013501995,3.49876797273321,-0.289998046564895,0.0804942162286731,0.0804942162286736,0.0804942162286736,-0.0804942162286736
0.00233599999999999,4.28763328096849,3.47893027738784,-0.281911016529088,0.0808703003580646,0.0808703003580653,0.0808703003580653,-0.0808703003580653
0.00233699999999999,4.27138715849671,3.4589514168401,-0.273786659112522,0.0812435741656597,0.0812435741656605,0.0812435741656606,-0.0812435741656606
0.00233799999999999,4.25497240897369,3.43883220985011,-0.265625257121287,0.0816140199123572,0.0816140199123577,0.0816140199123578,-0.0816140199123577
0.00233899999999999,4.23838968042565,3.41857348072622,-0.257427095124292,0.081981619969943,0.0819816199699427,0.0819816199699428,-0.0819816199699428
0.00233999999999999,4.22163962751031,3.39817605929215,-0.249192459442111,0.0823463568218158,0.0823463568218162,0.0823463568218163,-0.0823463568218162
0.00234099999999999,4.20472291149108,3.37764078085393,-0.240921638135739,0.0827082130637152,0.0827082130637151,0.0827082130637152,-0.0827082130637152
0.00234199999999999,4.18764020021094,3.35696848616663,-0.232614920995296,0.0830671714044315,0.0830671714044314,0.0830671714044314,-0.0830671714044314
0.00234299999999999,4.17039216806609,3.33616002140084,-0.224272599528644,0.083423214666524,0.0834232146665243,0.0834232146665244,-0.0834232146665244
0.00234399999999999,4.1529794959793,3.31521623810899,-0.215894966949941,0.08377632578703,0.0837763257870302,0.0837763257870302,-0.0837763257870302
0.00234499999999999,4.13540287137304,3.29413799319138,-0.207482318168124,0.0841264878181658,0.0841264878181661,0.0841264878181661,-0.0841264878181662
0.00234599999999999,4.11766298814237,3.27292614886207,-0.199034949775321,0.08447368392803,0.0844736839280299,0.0844736839280299,-0.0844736839280299
0.00234699999999999,4.09976054662749,3.25158157261454,-0.190553160035192,0.0848178974012945,0.0848178974012948,0.0848178974012949,-0.0848178974012949
0.00234799999999999,4.08169625358615,3.23010513718714,-0.182037248871202,0.0851591116399003,0.0851591116399007,0.0851591116399008,-0.0851591116399008
0.00234899999999999,4.0634708221657,3.20849772052831,-0.173487517854828,0.0854973101637391,0.085497310163739,0.0854973101637391,-0.0854973101637391
0.00234999999999999,4.04508497187497,3.18676020576162,-0.164904270193694,0.0858324766113344,0.0858324766113345,0.0858324766113345,-0.0858324766113345
0.00235099999999999,4.02653942855584,3.16489348115062,-0.156287810719642,0.0861645947405215,0.0861645947405216,0.0861645947405216,-0.0861645947405216
0.00235199999999999,4.00783492435461,3.14289844006346,-0.14763844587673,0.0864936484291157,0.0864936484291156,0.0864936484291156,-0.0864936484291156
0.00235299999999999,3.98897219769308,3.12077598093728,-0.138956483709172,0.0868196216755801,0.0868196216755802,0.0868196216755803,-0.0868196216755803
0.00235399999999999,3.96995199323941,3.09852700724251,-0.130242233849204,0.0871424985996894,0.0871424985996894,0.0871424985996895,-0.0871424985996894
0.00235499999999999,3.95077506187868,3.07615242744683,-0.121496007504885,0.0874622634431844,0.0874622634431846,0.0874622634431846,-0.0874622634431846
0.00235599999999999,3.93144216068332,3.05365315497905,-0.112718117447842,0.0877789005704271,0.0877789005704273,0.0877789005704273,-0.0877789005704273
0.00235699999999999,3.91195405288317,3.0310301081927,-0.103908878000938,0.0880923944690466,0.0880923944690467,0.0880923944690467,-0.0880923944690467
0.00235799999999999,3.89231150783534,3.00828421032952,-0.0950686050258795,0.0884027297505821,0.0884027297505822,0.0884027297505823,-0.0884027297505823
0.00235899999999999,3.87251530099389,2.98541638948268,-0.0861976159107674,0.0887098911511214,0.0887098911511216,0.0887098911511216,-0.0887098911511216
0.00235999999999999,3.85256621387917,2.96242757855984,-0.077296229557574,0.0890138635319332,0.0890138635319333,0.0890138635319334,-0.0890138635319334
0.00236099999999999,3.83246503404697,2.93931871524602,-0.0683647663695646,0.0893146318800948,0.0893146318800949,0.0893146318800949,-0.0893146318800949
0.00236199999999999,3.81221255505746,2.91609074196631,-0.059403548238653,0.0896121813091153,0.0896121813091154,0.0896121813091154,-0.0896121813091154
0.00236299999999999,3.79180957644383,2.89274460584829,-0.0504128985326977,0.0899064970595534,0.0899064970595535,0.0899064970595536,-0.0899064970595536
0.00236399999999999,3.77125690368074,2.86928125868444,-0.0413931420827347,0.0901975644996302,0.0901975644996302,0.0901975644996303,-0.0901975644996303
0.00236499999999999,3.75055534815252,2.84570165689415,-0.032344605170151,0.0904853691258366,0.0904853691258366,0.0904853691258367,-0.0904853691258367
0.00236599999999999,3.72970572712113,2.82200676148576,-0.0232676155137974,0.0907698965635366,0.0907698965635366,0.0907698965635366,-0.0907698965635366
0.00236699999999999,3.70870886369391,2.79819753801827,-0.0141625022570409,0.0910511325675641,0.0910511325675641,0.0910511325675642,-0.0910511325675642
0.00236799999999999,3.68756558679108,2.77427495656292,-0.00502959595475935,0.0913290630228159,0.0913290630228159,0.0913290630228159,-0.091329063022816
0.00236899999999999,3.66627673111301,2.75023999166463,0.0041307714397245,0.0916036739448384,0.0916036739448384,0.0916036739448385,-0.0916036739448385
0.00236999999999999,3.64484313710727,2.72609362230317,0.0133182665877655,0.09187495148041,0.0918749514804099,0.09187495148041,-0.09187495148041
0.00237099999999999,3.62326565093544,2.70183683185427,0.0225325547785772,0.0921428819081175,0.0921428819081175,0.0921428819081176,-0.0921428819081176
0.00237199999999999,3.60154512443974,2.67747060805046,0.0317732999424701,0.0924074516389284,0.0924074516389283,0.0924074516389284,-0.0924074516389284
0.00237299999999999,3.57968241510936,2.6529959429418,0.0410401646641457,0.0926686472167561,0.0926686472167561,0.0926686472167562,-0.0926686472167562
0.00237399999999999,3.55767838604663,2.62841383285641,0.0503328101960479,0.0929264553190222,0.0929264553190221,0.0929264553190222,-0.0929264553190222
0.00237499999999999,3.53553390593294,2.60372527836083,0.059650896471769,0.093180862757211,0.0931808627572111,0.0931808627572111,-0.0931808627572111
0.00237599999999999,3.51324984899445,2.57893128422024,0.0689940821195111,0.0934318564774211,0.0934318564774211,0.0934318564774212,-0.0934318564774212
0.00237699999999999,3.49082709496756,2.55403285935847,0.0783620244756021,0.0936794235609095,0.0936794235609094,0.0936794235609095,-0.0936794235609095
0.00237799999999999,3.46826652906422,2.52903101681791,0.0877543795980652,0.0939235512246314,0.0939235512246314,0.0939235512246315,-0.0939235512246315
0.00237899999999999,3.44556904193694,2.50392677371919,0.0971708022802428,0.0941642268217754,0.0941642268217753,0.0941642268217754,-0.0941642268217754
0.00237999999999999,3.42273552964364,2.47872115122073,0.106610946064472,0.094401437842291,0.094401437842291,0.094401437842291,-0.094401437842291
0.00238099999999999,3.39976689361229,2.45341517447816,0.116074463255813,0.0946351719134135,0.0946351719134132,0.0946351719134133,-0.0946351719134133
0.00238199999999999,3.37666404060531,2.42800987260351,0.125561004935831,0.09486541680018,0.09486541680018,0.09486541680018,-0.09486541680018
0.00238299999999999,3.35342788268379,2.40250627862434,0.135070220976426,0.0950921604059449,0.0950921604059448,0.0950921604059448,-0.0950921604059448
0.00238399999999999,3.33005933717144,2.37690542944261,0.144601760053714,0.0953153907728838,0.0953153907728837,0.0953153907728837,-0.0953153907728837
0.00238499999999999,3.30655932661844,2.35120836579348,0.154155269661964,0.0955350960824966,0.0955350960824968,0.0955350960824969,-0.0955350960824969
0.00238599999999999,3.28292877876496,2.32541613220392,0.163730396127574,0.0957512646561043,0.0957512646561045,0.0957512646561045,-0.0957512646561045
0.00238699999999999,3.25916862650457,2.2995297769512,0.173326784623108,0.0959638849553376,0.0959638849553373,0.0959638849553373,-0.0959638849553373
0.00238799999999999,3.2352798078474,2.27355035202119,0.18294407918137,0.0961729455826213,0.0961729455826213,0.0961729455826213,-0.0961729455826213
0.00238899999999999,3.2112632658831,2.24747891306653,0.192581922709536,0.0963784352816574,0.096378435281657,0.096378435281657,-0.096378435281657
0.00238999999999999,3.18711994874362,2.22131651936469,0.202239957003325,0.0965803429378928,0.0965803429378931,0.0965803429378931,-0.0965803429378931
0.00239099999999999,3.16285080956579,2.19506423377585,0.211917822761225,0.0967786575789947,0.0967786575789946,0.0967786575789946,-0.0967786575789946
0.00239199999999999,3.13845680645367,2.16872312270062,0.221615159598755,0.0969733683753049,0.0969733683753048,0.0969733683753048,-0.0969733683753048
0.00239299999999999,3.11393890244073,2.14229425603771,0.231331606062785,0.0971644646403022,0.0971644646403023,0.0971644646403023,-0.0971644646403023
0.00239399999999999,3.08929806545184,2.11577870714132,0.241066799645891,0.0973519358310523,0.0973519358310518,0.0973519358310518,-0.0973519358310518
0.00239499999999999,3.06453526826504,2.08917755277855,0.250820376800755,0.0975357715486497,0.0975357715486496,0.0975357715486496,-0.0975357715486497
0.00239599999999999,3.03965148847319,2.06249187308656,0.260591972954622,0.0977159615386636,0.0977159615386628,0.0977159615386628,-0.0977159615386628
0.00239699999999999,3.01464770844528,2.03572275152965,0.270381222523778,0.0978924956915633,0.0978924956915634,0.0978924956915634,-0.0978924956915634
0.00239799999999999,2.98952491528775,2.00887127485619,0.280187758928094,0.0980653640431561,0.0980653640431562,0.0980653640431562,-0.0980653640431562
0.00239899999999999,2.96428410080545,1.98193853305544,0.290011214605594,0.0982345567750015,0.0982345567750012,0.0982345567750013,-0.0982345567750013
0.00239999999999999,2.93892626146251,1.95492561931422,0.299851221027077,0.0984000642148308,0.0984000642148299,0.0984000642148299,-0.0984000642148299
0.00240099999999999,2.91345239834303,1.92783362997346,0.309707408710773,0.0985618768369562,0.0985618768369562,0.0985618768369562,-0.0985618768369562
0.00240199999999999,2.88786351711148,1.90066366448467,0.319579407237041,0.0987199852626813,0.0987199852626809,0.0987199852626809,-0.0987199852626809
0.00240299999999999,2.86216062797309,1.87341682536618,0.32946684526311,0.0988743802606912,0.0988743802606913,0.0988743802606913,-0.0988743802606913
0.00240399999999999,2.83634474563392,1.84609421815939,0.339369350537855,0.0990250527474534,0.0990250527474534,0.0990250527474534,-0.0990250527474534
0.00240499999999999,2.81041688926079,1.81869695138478,0.349286549916615,0.0991719937876007,0.0991719937876002,0.0991719937876003,-0.0991719937876003
0.00240599999999999,2.78437808244107,1.79122613649795,0.359218069376047,0.0993151945943133,0.0993151945943124,0.0993151945943125,-0.0993151945943125
0.002407,2.75822935314228,1.76368288784534,0.369163534029016,0.0994546465296942,0.0994546465296941,0.0994546465296941,-0.0994546465296941
0.002408,2.73197173367147,1.73606832262005,0.37912256813953,0.0995903411051424,0.0995903411051421,0.0995903411051421,-0.0995903411051421
0.002409,2.7056062606345,1.7083835608174,0.389094795137701,0.0997222699817102,0.0997222699817101,0.0997222699817101,-0.0997222699817101
0.00241,2.6791339748951,1.68062972519045,0.399079837634748,0.0998504249704663,0.0998504249704657,0.0998504249704657,-0.0998504249704657
0.002411,2.65255592153379,1.65280794120536,0.409077317438032,0.099974798032843,0.0999747980328424,0.0999747980328424,-0.0999747980328424
0.002412,2.62587314980659,1.62491933699674,0.419086855566131,0.100095381280985,0.100095381280985,0.100095381280985,-0.100095381280985
0.002413,2.59908671310366,1.59696504332274,0.42910807226394,0.100212166978091,0.100212166978091,0.100212166978091,-0.100212166978091
0.002414,2.57219766890764,1.56894619352022,0.439140587017814,0.100325147538742,0.100325147538742,0.100325147538742,-0.100325147538742
0.002415,2.54520707875196,1.54086392345966,0.449184018570737,0.100434315529231,0.10043431552923,0.100434315529231,-0.10043431552923
0.002416,2.51811600817891,1.51271937150004,0.459237984937526,0.100539663667887,0.100539663667887,0.100539663667887,-0.100539663667887
0.002417,2.49092552669755,1.48451367844366,0.469302103420065,0.10064118482539,0.100641184825389,0.100641184825389,-0.100641184825389
0.002418,2.46363670774155,1.45624798749079,0.479375990622572,0.100738872025076,0.100738872025076,0.100738872025076,-0.100738872025076
0.002419,2.43625062862675,1.42792344419427,0.489459262466897,0.100832718443249,0.100832718443249,0.100832718443249,-0.100832718443249
0.00242,2.40876837050866,1.39954119641397,0.499551534207844,0.10092271740947,0.100922717409469,0.100922717409469,-0.100922717409469
0.002421,2.38119101833978,1.37110239427126,0.50965242044853,0.101008862406852,0.101008862406852,0.101008862406852,-0.101008862406852
0.002422,2.35351966082674,1.34260819010328,0.519761535155764,0.101091147072346,0.101091147072346,0.101091147072346,-0.101091147072346
0.002423,2.32575539038737,1.31405973841716,0.529878491675466,0.101169565197021,0.10116956519702,0.101169565197021,-0.101169565197021
0.002424,2.29789930310751,1.28545819584421,0.540002902748099,0.101244110726331,0.10124411072633,0.10124411072633,-0.10124411072633
0.002425,2.2699524986978,1.25680472109393,0.550134380524138,0.101314777760386,0.101314777760387,0.101314777760387,-0.101314777760387
0.002426,2.24191608045023,1.22810047490803,0.56027253657956,0.10138156055422,0.10138156055422,0.10138156055422,-0.10138156055422
0.002427,2.21379115519457,1.19934662001429,0.570416981931363,0.101444453518028,0.101444453518028,0.101444453518028,-0.101444453518028
0.002428,2.18557883325472,1.17054432108042,0.580567327053106,0.101503451217432,0.101503451217431,0.101503451217431,-0.101503451217431
0.002429,2.15728022840485,1.14169474466777,0.590723181890477,0.101558548373708,0.101558548373709,0.101558548373709,-0.101558548373709
0.00243,2.12889645782542,1.11279905918502,0.600884155876881,0.101609739864039,0.101609739864039,0.10160973986404,-0.10160973986404
0.002431,2.10042864205908,1.08385843484179,0.611049857949054,0.101657020721729,0.101657020721729,0.101657020721729,-0.101657020721729
0.002432,2.07187790496647,1.05487404360214,0.621219896562697,0.101700386136433,0.101700386136433,0.101700386136433,-0.101700386136433
0.002433,2.04324537368179,1.02584705913803,0.631393879708135,0.101739831454376,0.101739831454376,0.101739831454376,-0.101739831454376
0.002434,2.01453217856835,0.996778656782738,0.641571414925991,0.101775352178562,0.101775352178561,0.101775352178561,-0.101775352178561
0.002435,1.98573945317394,0.967670013484162,0.651752109322889,0.101806943968978,0.101806943968978,0.101806943968978,-0.101806943968978
0.002436,1.95686833418604,0.938522307758097,0.661935569587168,0.101834602642795,0.101834602642795,0.101834602642795,-0.101834602642795
0.002437,1.92791996138701,0.909336719641427,0.672121402004624,0.101858324174559,0.101858324174558,0.101858324174558,-0.101858324174558
0.002438,1.89889547760903,0.880114430645275,0.682309212474262,0.101878104696376,0.101878104696375,0.101878104696375,-0.101878104696375
0.002439,1.86979602868902,0.850856623708084,0.692498606524071,0.101893940498095,0.101893940498094,0.101893940498094,-0.101893940498094
0.00244,1.84062276342341,0.821564483148646,0.702689189326819,0.101905828027477,0.101905828027476,0.101905828027476,-0.101905828027476
0.002441,1.81137683352274,0.792239194619077,0.712880565715855,0.101913763890367,0.101913763890366,0.101913763890366,-0.101913763890366
0.002442,1.78205939356626,0.762881945057742,0.723072340200941,0.101917744850853,0.101917744850852,0.101917744850852,-0.101917744850852
0.002443,1.7526716009563,0.733493922642121,0.733264116984083,0.101917767831419,0.101917767831418,0.101917767831418,-0.101917767831418
0.002444,1.72321461587259,0.704076316741641,0.743455499975392,0.101913829913095,0.101913829913094,0.101913829913094,-0.101913829913095
0.002445,1.69368960122645,0.674630317870447,0.753646092808952,0.101905928335602,0.101905928335601,0.101905928335601,-0.101905928335601
0.002446,1.66409772261493,0.645157117640138,0.7638354988587,0.101894060497479,0.101894060497479,0.101894060497479,-0.101894060497479
0.002447,1.6344401482747,0.615657908712455,0.774023321254323,0.101878223956227,0.101878223956225,0.101878223956225,-0.101878223956225
0.002448,1.60471804903603,0.586133884751931,0.784209162897164,0.101858416428411,0.10185841642841,0.10185841642841,-0.10185841642841
0.002449,1.5749325982765,0.556586240378501,0.794392626476144,0.1018346357898,0.1018346357898,0.1018346357898,-0.1018346357898
0.00245,1.54508497187471,0.527016171120074,0.80457331448369,0.101806880075465,0.101806880075464,0.101806880075464,-0.101806880075464
0.002451,1.51517634816384,0.497424873365069,0.814750829231678,0.101775147479879,0.101775147479877,0.101775147479877,-0.101775147479877
0.002452,1.48520790788514,0.467813544314922,0.82492477286738,0.101739436357021,0.101739436357022,0.101739436357022,-0.101739436357022
0.002453,1.45518083414132,0.438183381936555,0.835094747389428,0.101699745220478,0.101699745220477,0.101699745220477,-0.101699745220477
0.002454,1.42509631234984,0.408535584914822,0.845260354663778,0.101656072743502,0.101656072743502,0.101656072743502,-0.101656072743502
0.002455,1.3949555301961,0.378871352604918,0.855421196439691,0.10160841775912,0.101608417759118,0.101608417759118,-0.101608417759118
0.002456,1.36475967758658,0.349191884984775,0.865576874365709,0.101556779260182,0.10155677926018,0.10155677926018,-0.10155677926018
0.002457,1.33450994660183,0.31949838260742,0.875726990005653,0.101501156399442,0.101501156399441,0.101501156399441,-0.101501156399441
0.002458,1.30420753144943,0.289792046553324,0.885871144854614,0.101441548489611,0.10144154848961,0.10144154848961,-0.10144154848961
0.002459,1.27385362841685,0.260074078382719,0.896008940354955,0.101377955003413,0.101377955003413,0.101377955003413,-0.101377955003413
0.00246,1.24344943582421,0.230345680087902,0.906139977912318,0.10131037557363,0.101310375573631,0.101310375573631,-0.101310375573631
0.002461,1.21299615397697,0.200608054045527,0.916263858911633,0.101238809993145,0.101238809993144,0.101238809993144,-0.101238809993144
0.002462,1.18249498511855,0.170862402968873,0.92638018473313,0.101163258214969,0.101163258214968,0.101163258214968,-0.101163258214968
0.002463,1.15194713338288,0.141109929860107,0.936488556768357,0.101083720352276,0.101083720352277,0.101083720352277,-0.101083720352277
0.002464,1.12135380474683,0.11135183796253,0.9465885764362,0.101000196678429,0.10100019667843,0.10100019667843,-0.10100019667843
0.002465,1.09071620698263,0.0815893307128181,0.956679845198898,0.100912687626982,0.100912687626981,0.100912687626981,-0.100912687626981
0.002466,1.06003554961018,0.0518236116932591,0.966761964578068,0.100821193791693,0.100821193791692,0.100821193791692,-0.100821193791692
0.002467,1.02931304384931,0.0220558845839751,0.976834536170721,0.100725715926534,0.100725715926534,0.100725715926534,-0.100725715926534
0.002468,0.998549902571937,-0.00771264688485048,0.986897161665289,0.10062625494568,0.100626254945679,0.100626254945679,-0.100626254945679
0.002469,0.967747340254199,-0.0374807789807503,0.996949442857639,0.100522811923496,0.100522811923495,0.100522811923495,-0.100522811923495
0.00247,0.936906572928517,-0.0672473080167488,1.00699098166709,0.100415388094529,0.100415388094527,0.100415388094527,-0.100415388094527
0.002471,0.906028818135576,-0.0970110303991379,1.01702138015244,0.100303984853474,0.100303984853471,0.100303984853471,-0.100303984853471
0.002472,0.875115294876265,-0.126770742675246,1.02704024052795,0.100188603755151,0.100188603755151,0.100188603755151,-0.100188603755151
0.002473,0.84416722356355,-0.1565252415812,1.0370471651794,0.100069246514476,0.100069246514475,0.100069246514475,-0.100069246514475
0.002474,0.813185825974295,-0.186273324089686,1.04704175668004,0.0999459150064008,0.0999459150063981,0.0999459150063981,-0.0999459150063981
0.002475,0.782172325201027,-0.216013787457689,1.05702361780663,0.0998186112658717,0.0998186112658716,0.0998186112658716,-0.0998186112658716
0.002476,0.751127945603654,-0.245745429274233,1.06699235155541,0.0996873374877882,0.0996873374877887,0.0996873374877887,-0.0996873374877887
0.002477,0.720053912761125,-0.275467047508096,1.0769475611581,0.0995520960269225,0.0995520960269221,0.0995520960269221,-0.0995520960269221
0.002478,0.68895145342305,-0.305177440555517,1.08688885009789,0.0994128893978585,0.0994128893978567,0.0994128893978567,-0.0994128893978567
0.002479,0.657821795461268,-0.334875407287886,1.09681582212538,0.0992697202749149,0.0992697202749154,0.0992697202749154,-0.0992697202749154
0.00248,0.626666167821373,-0.364559747099407,1.10672808127459,0.0991225914920779,0.099122591492078,0.099122591492078,-0.099122591492078
0.002481,0.595485800474196,-0.394229259954751,1.11662523187887,0.0989715060428953,0.0989715060428947,0.0989715060428947,-0.0989715060428947
0.00248200000000001,0.564281924367251,-0.423882746436672,1.12650687858691,0.0988164670803937,0.0988164670803923,0.0988164670803923,-0.0988164670803923
0.00248300000000001,0.533055771376138,-0.453519007793613,1.13637262637861,0.0986574779169769,0.0986574779169751,0.0986574779169751,-0.0986574779169751
0.00248400000000001,0.501808574255909,-0.483136845987274,1.14622208058104,0.0984945420243188,0.0984945420243183,0.0984945420243183,-0.0984945420243183
0.00248500000000001,0.470541566592402,-0.512735063740157,1.15605484688437,0.0983276630332575,0.0983276630332559,0.0983276630332559,-0.0983276630332559
0.00248600000000001,0.439255982753542,-0.542312464583076,1.16587053135774,0.0981568447336634,0.0981568447336618,0.0981568447336618,-0.0981568447336618
0.00248700000000001,0.407953057840609,-0.571867852902641,1.17566874046517,0.0979820910743245,0.097982091074325,0.097982091074325,-0.097982091074325
0.00248800000000001,0.376634027639481,-0.601400033988699,1.18544908108145,0.0978034061628197,0.097803406162818,0.097803406162818,-0.097803406162818
0.00248900000000001,0.345300128571842,-0.630907814081748,1.19521116050799,0.0976207942653606,0.0976207942653591,0.097620794265359,-0.0976207942653591
0.00249000000000001,0.313952597646376,-0.660390000420306,1.20495458648865,0.097434259806668,0.0974342598066682,0.0974342598066681,-0.0974342598066681
0.00249100000000001,0.282592672409927,-0.68984540128824,1.21467896722563,0.0972438073698179,0.0972438073698168,0.0972438073698168,-0.0972438073698168
0.00249200000000001,0.251221590898648,-0.719272826062062,1.22438391139524,0.097049441696071,0.097049441696071,0.097049441696071,-0.097049441696071
0.00249300000000001,0.219840591589121,-0.748671085258168,1.23406902816371,0.0968511676847283,0.0968511676847289,0.0968511676847289,-0.0968511676847289
0.00249400000000001,0.188450913349465,-0.778038990580041,1.24373392720301,0.0966489903929535,0.0966489903929506,0.0966489903929506,-0.0966489903929506
0.00249500000000001,0.157053795390429,-0.807375354965405,1.25337821870657,0.0964429150355839,0.0964429150355834,0.0964429150355834,-0.0964429150355834
0.00249600000000001,0.125650477216471,-0.836678992633324,1.26300151340507,0.0962329469849799,0.0962329469849796,0.0962329469849795,-0.0962329469849795
0.00249700000000001,0.0942421985768202,-0.865948719131262,1.27260342258215,0.0960190917708115,0.0960190917708082,0.0960190917708082,-0.0960190917708082
0.00249800000000001,0.0628301994165381,-0.895183351382072,1.28218355809013,0.0958013550798609,0.095801355079861,0.095801355079861,-0.095801355079861
0.00249900000000001,0.0314157198275657,-0.924381707730948,1.29174153236572,0.0955797427558513,0.0955797427558513,0.0955797427558513,-0.0955797427558513
0.00250000000000001,-2.33255526439075E-13,-0.953542607992309,1.30127695844564,0.0953542607992097,0.0953542607992075,0.0953542607992075,-0.0953542607992075
0.00250100000000001,-0.0314157198280322,-0.982664873496628,1.31078944998233,0.0951249153668599,0.0951249153668596,0.0951249153668596,-0.0951249153668596
0.00250200000000001,-0.0628301994170046,-1.0117473271372,1.32027862125953,0.0948917127720206,0.09489171277202,0.09489171277202,-0.09489171277202
0.00250300000000001,-0.0942421985772866,-1.04078879341686,1.32974408720792,0.094654659483957,0.0946546594839575,0.0946546594839575,-0.0946546594839575
0.00250400000000001,-0.125650477216937,-1.0697880984946,1.3391854634207,0.0944137621277652,0.094413762127766,0.094413762127766,-0.094413762127766
0.00250500000000001,-0.157053795390895,-1.09874407023215,1.34860236616911,0.0941690274841278,0.0941690274841259,0.0941690274841259,-0.0941690274841259
0.00250600000000001,-0.188450913349931,-1.12765553824053,1.35799441241802,0.0939204624890611,0.09392046248906,0.09392046248906,-0.09392046248906
0.00250700000000001,-0.219840591589587,-1.15652133392642,1.36736121984139,0.093668074233686,0.0936680742336832,0.0936680742336832,-0.0936680742336832
0.00250800000000001,-0.251221590899114,-1.18534029053857,1.37670240683778,0.0934118699639463,0.0934118699639456,0.0934118699639456,-0.0934118699639456
0.00250900000000001,-0.282592672410393,-1.21411124321409,1.38601759254582,0.0931518570803691,0.0931518570803696,0.0931518570803696,-0.0931518570803696
0.00251000000000001,-0.313952597646841,-1.24283302902465,1.3953063968596,0.0928880431377843,0.0928880431377812,0.0928880431377812,-0.0928880431377812
0.00251100000000001,-0.345300128572307,-1.27150448702265,1.4045684404441,0.0926204358450344,0.0926204358450345,0.0926204358450345,-0.0926204358450345
0.00251200000000001,-0.376634027639946,-1.30012445828725,1.41380334475057,0.0923490430647322,0.0923490430647308,0.0923490430647308,-0.0923490430647308
0.00251300000000001,-0.407953057841074,-1.32869178597038,1.42301073203187,0.0920738728129322,0.0920738728129305,0.0920738728129305,-0.0920738728129305
0.00251400000000001,-0.439255982754006,-1.35720531534261,1.43219022535775,0.0917949332588619,0.0917949332588605,0.0917949332588605,-0.0917949332588605
0.00251500000000001,-0.470541566592866,-1.385663893839,1.44134144863022,0.0915122327246154,0.0915122327246136,0.0915122327246136,-0.0915122327246136
0.00251600000000001,-0.501808574256373,-1.41406637110481,1.4504640265987,0.0912257796848448,0.0912257796848432,0.0912257796848432,-0.0912257796848432
0.00251700000000001,-0.533055771376602,-1.44241159904112,1.45955758487534,0.0909355827664515,0.0909355827664516,0.0909355827664516,-0.0909355827664516
0.00251800000000001,-0.564281924367715,-1.47069843185043,1.46862174995017,0.0906416507482732,0.0906416507482715,0.0906416507482715,-0.0906416507482715
0.00251900000000001,-0.595485800474659,-1.49892572608209,1.47765614920625,0.0903439925607419,0.0903439925607427,0.0903439925607427,-0.0903439925607427
0.00252000000000001,-0.626666167821835,-1.52709234067765,1.4866604109348,0.0900426172855817,0.0900426172855815,0.0900426172855814,-0.0900426172855815
0.00252100000000001,-0.657821795461731,-1.55519713701618,1.49563416435035,0.0897375341554474,0.0897375341554448,0.0897375341554448,-0.0897375341554448
0.00252200000000001,-0.688951453423512,-1.58323897895939,1.50457703960571,0.0894287525535908,0.0894287525535883,0.0894287525535883,-0.0894287525535883
0.00252300000000001,-0.720053912761587,-1.61121673289677,1.51348866780706,0.0891162820135194,0.0891162820135179,0.0891162820135179,-0.0891162820135179
0.00252400000000001,-0.751127945604115,-1.63912926779047,1.52236868102892,0.088800132218636,0.088800132218636,0.0888001322186359,-0.088800132218636
0.00252500000000001,-0.782172325201488,-1.6669754552203,1.53121671232911,0.0884803130018819,0.088480313001881,0.088480313001881,-0.088480313001881
0.00252600000000001,-0.813185825974755,-1.69475416942837,1.54003239576365,0.0881568343453631,0.0881568343453618,0.0881568343453618,-0.0881568343453618
0.00252700000000001,-0.84416722356401,-1.72246428736386,1.54881536640165,0.0878297063799871,0.0878297063799853,0.0878297063799852,-0.0878297063799852
0.00252800000000001,-0.875115294876725,-1.75010468872751,1.55756526034016,0.08749893938508,0.0874989393850785,0.0874989393850785,-0.0874989393850785
0.00252900000000001,-0.906028818136035,-1.77767425601609,1.56628171471896,0.0871645437880075,0.087164543788005,0.087164543788005,-0.087164543788005
0.00253000000000001,-0.936906572928975,-1.80517187456672,1.57496436773533,0.0868265301637772,0.0868265301637748,0.0868265301637748,-0.0868265301637748
0.00253100000000001,-0.967747340254657,-1.83259643260114,1.5836128586588,0.0864849092346498,0.0864849092346488,0.0864849092346488,-0.0864849092346488
0.00253200000000001,-0.998549902572394,-1.85994682126977,1.59222682784577,0.0861396918697377,0.0861396918697372,0.0861396918697372,-0.0861396918697372
0.00253300000000001,-1.02931304384977,-1.88722193469569,1.60080591675423,0.0857908890845938,0.0857908890845923,0.0857908890845922,-0.0857908890845922
0.00253400000000001,-1.06003554961064,-1.91442067001859,1.60934976795831,0.0854385120407963,0.0854385120407946,0.0854385120407946,-0.0854385120407946
0.00253500000000001,-1.09071620698308,-1.94154192743843,1.61785802516286,0.0850825720455362,0.0850825720455345,0.0850825720455344,-0.0850825720455344
0.00253600000000001,-1.12135380474728,-1.96858461025915,1.62633033321798,0.08472308055119,0.0847230805511868,0.0847230805511868,-0.0847230805511868
0.00253700000000001,-1.15194713338333,-1.99554762493213,1.63476633813347,0.084360049154879,0.0843600491548802,0.0843600491548802,-0.0843600491548802
0.00253800000000001,-1.182494985119,-2.02242988109961,1.64316568709328,0.0839934895980643,0.083993489598061,0.0839934895980609,-0.0839934895980609
0.00253900000000001,-1.21299615397742,-2.04923029163792,1.65152802846988,0.0836234137660541,0.0836234137660502,0.0836234137660502,-0.0836234137660502
0.00254000000000001,-1.24344943582466,-2.07594777270062,1.65985301183864,0.0832498336875998,0.0832498336875963,0.0832498336875962,-0.0832498336875962
0.00254100000000001,-1.2738536284173,-2.10258124376151,1.66814028799209,0.0828727615344205,0.0828727615344209,0.0828727615344209,-0.0828727615344209
0.00254200000000001,-1.30420753144988,-2.12912962765748,1.67638950895416,0.0824922096207614,0.0824922096207597,0.0824922096207597,-0.0824922096207597
0.00254300000000001,-1.33450994660228,-2.15559185063125,1.68460032799445,0.0821081904029008,0.0821081904028972,0.0821081904028971,-0.0821081904028971
0.00254400000000001,-1.36475967758703,-2.18196684237398,1.69277239964232,0.0817207164786971,0.0817207164786955,0.0817207164786955,-0.0817207164786955
0.00254500000000001,-1.39495553019655,-2.20825353606774,1.70090537970103,0.0813298005871221,0.0813298005871187,0.0813298005871187,-0.0813298005871186
0.00254600000000001,-1.42509631235029,-2.23445086842778,1.70899892526181,0.0809354556077535,0.0809354556077497,0.0809354556077497,-0.0809354556077497
0.00254700000000001,-1.45518083414177,-2.2605577797448,1.71705269471784,0.0805376945603054,0.0805376945603034,0.0805376945603034,-0.0805376945603034
0.00254800000000001,-1.48520790788559,-2.28657321392692,1.72506634777825,0.0801365306041357,0.0801365306041329,0.0801365306041329,-0.0801365306041329
0.00254900000000001,-1.51517634816429,-2.31249611854159,1.73303954548203,0.0797319770377314,0.0797319770377306,0.0797319770377306,-0.0797319770377306
0.00255000000000001,-1.54508497187516,-2.33832544485739,1.74097195021185,0.0793240472982237,0.0793240472982237,0.0793240472982236,-0.0793240472982236
0.00255100000000001,-1.57493259827695,-2.36406014788559,1.74886322570794,0.0789127549608626,0.0789127549608643,0.0789127549608643,-0.0789127549608643
0.00255200000000001,-1.60471804903647,-2.38969918642161,1.75671303708179,0.0784981137385166,0.078498113738514,0.0784981137385139,-0.078498113738514
0.00255300000000001,-1.63444014827514,-2.41524152308636,1.7645210508299,0.0780801374811246,0.0780801374811224,0.0780801374811223,-0.0780801374811223
0.00255400000000001,-1.66409772261537,-2.44068612436737,1.77228693484742,0.0776588401752032,0.0776588401752009,0.0776588401752009,-0.0776588401752009
0.00255500000000001,-1.69368960122689,-2.4660319606598,1.78001035844175,0.0772342359432909,0.0772342359432907,0.0772342359432907,-0.0772342359432907
0.00255600000000001,-1.72321461587302,-2.49127800630728,1.78769099234609,0.076806339043427,0.0768063390434254,0.0768063390434253,-0.0768063390434253
0.00255700000000002,-1.75267160095674,-2.51642323964261,1.79532850873295,0.0763751638685894,0.0763751638685878,0.0763751638685878,-0.0763751638685878
0.00255800000000002,-1.7820593935667,-2.54146664302832,1.80292258122757,0.0759407249461619,0.0759407249461622,0.0759407249461622,-0.0759407249461622
0.00255900000000002,-1.81137683352318,-2.56640720289698,1.8104728849213,0.075503036937381,0.0755030369373804,0.0755030369373803,-0.0755030369373803
0.00256000000000002,-1.84062276342384,-2.59124390979147,1.81797909638498,0.0750621146367658,0.0750621146367628,0.0750621146367627,-0.0750621146367627
0.00256100000000002,-1.86979602868945,-2.61597575840499,1.82544089368214,0.0746179729715535,0.074617972971554,0.074617972971554,-0.074617972971554
0.00256200000000002,-1.89889547760946,-2.640601747621,1.83285795638225,0.0741706270011555,0.0741706270011537,0.0741706270011537,-0.0741706270011537
0.00256300000000002,-1.92791996138744,-2.66512088055285,1.84022996557391,0.0737200919165382,0.073720091916541,0.073720091916541,-0.073720091916541
0.00256400000000002,-1.95686833418647,-2.68953216458342,1.84755660387788,0.073266383039694,0.0732663830396949,0.0732663830396949,-0.0732663830396948
0.00256500000000002,-1.98573945317437,-2.71383461140445,1.85483755546018,0.0728095158230091,0.0728095158230084,0.0728095158230084,-0.0728095158230084
0.00256600000000002,-2.01453217856878,-2.73802723705576,1.86207250604505,0.0723495058486989,0.0723495058486984,0.0723495058486983,-0.0723495058486983
0.00256700000000002,-2.04324537368221,-2.7621090619643,1.86926114292787,0.0718863688282134,0.0718863688282092,0.0718863688282091,-0.0718863688282091
0.00256800000000002,-2.07187790496689,-2.78607911098301,1.87640315498803,0.071420120601613,0.0714201206016121,0.0714201206016121,-0.0714201206016121
0.00256900000000002,-2.1004286420595,-2.80993641342949,1.88349823270173,0.0709507771369999,0.0709507771369989,0.0709507771369989,-0.0709507771369989
0.00257000000000002,-2.12889645782584,-2.83368000312455,1.89054606815472,0.0704783545298748,0.070478354529871,0.070478354529871,-0.0704783545298709
0.00257100000000002,-2.15728022840527,-2.8573089184305,1.89754635505497,0.0700028690025234,0.0700028690025225,0.0700028690025224,-0.0700028690025224
0.00257200000000002,-2.18557883325514,-2.88082220228933,1.90449878874531,0.0695243369034171,0.069524336903419,0.0695243369034189,-0.069524336903419
0.00257300000000002,-2.21379115519499,-2.9042189022607,1.91140306621597,0.0690427747065758,0.0690427747065713,0.0690427747065713,-0.0690427747065713
0.00257400000000002,-2.24191608045065,-2.92749807055968,1.91825888611706,0.0685581990109041,0.0685581990109037,0.0685581990109036,-0.0685581990109036
0.00257500000000002,-2.26995249869822,-2.95065876409439,1.92506594877102,0.0680706265396225,0.0680706265396171,0.0680706265396171,-0.068070626539617
0.00257600000000002,-2.29789930310793,-2.97370004450341,1.93182395618498,0.0675800741395505,0.0675800741395483,0.0675800741395482,-0.0675800741395482
0.00257700000000002,-2.32575539038778,-2.99662097819301,1.93853261206303,0.0670865587805247,0.0670865587805227,0.0670865587805226,-0.0670865587805227
0.00257800000000002,-2.35351966082716,-3.01942063637419,1.9451916218185,0.066590097554704,0.0665900975547034,0.0665900975547034,-0.0665900975547034
0.00257900000000002,-2.38119101834019,-3.04209809509954,1.95180069258609,0.0660907076759343,0.0660907076759349,0.0660907076759348,-0.0660907076759348
0.00258000000000002,-2.40876837050907,-3.06465243529989,1.958359533234,0.0655884064790846,0.0655884064790815,0.0655884064790814,-0.0655884064790815
0.00258100000000002,-2.43625062862716,-3.08708274282078,1.96486785437594,0.0650832114193611,0.0650832114193618,0.0650832114193618,-0.0650832114193618
0.00258200000000002,-2.46363670774196,-3.10938810845873,1.9713253683831,0.064575140071681,0.0645751400716776,0.0645751400716776,-0.0645751400716776
0.00258300000000002,-2.49092552669796,-3.13156762799734,1.9777317893961,0.0640642101299416,0.0640642101299383,0.0640642101299382,-0.0640642101299382
0.00258400000000002,-2.51811600817931,-3.15362040224311,1.98408683333674,0.0635504394063835,0.0635504394063803,0.0635504394063802,-0.0635504394063803
0.00258500000000002,-2.54520707875236,-3.17554553706118,1.99039021791983,0.0630338458308821,0.0630338458308822,0.0630338458308821,-0.0630338458308822
0.00258600000000002,-2.57219766890804,-3.19734214341079,1.99664166266485,0.062514447450277,0.0625144474502746,0.0625144474502746,-0.0625144474502746
0.00258700000000002,-2.59908671310406,-3.21900933738051,2.00284088890762,0.0619922624276481,0.0619922624276458,0.0619922624276458,-0.0619922624276457
0.00258800000000002,-2.62587314980699,-3.24054624022341,2.00898761981178,0.0614673090416407,0.0614673090416423,0.0614673090416422,-0.0614673090416422
0.00258900000000002,-2.65255592153418,-3.26195197839183,2.01508158038036,0.0609396056857658,0.0609396056857651,0.060939605685765,-0.060939605685765
0.00259000000000002,-2.6791339748955,-3.28322568357211,2.02112249746712,0.0604091708676613,0.0604091708676611,0.0604091708676611,-0.0604091708676611
0.00259100000000002,-2.70560626063489,-3.304366492719,2.02711009978797,0.0598760232084139,0.0598760232084105,0.0598760232084104,-0.0598760232084104
0.00259200000000002,-2.73197173367186,-3.32537354808994,2.03304411793215,0.0593401814418071,0.0593401814418083,0.0593401814418082,-0.0593401814418082
0.00259300000000002,-2.75822935314267,-3.3462459972791,2.03892428437351,0.0588016644136458,0.058801664413643,0.058801664413643,-0.058801664413643
0.00259400000000002,-2.78437808244146,-3.36698299325116,2.04475033348161,0.0582604910809748,0.0582604910809697,0.0582604910809696,-0.0582604910809696
0.00259500000000002,-2.81041688926117,-3.38758369437496,2.05052200153275,0.0577166805113816,0.057716680511379,0.0577166805113789,-0.0577166805113789
0.00259600000000002,-2.8363447456343,-3.40804726445692,2.05623902672097,0.0571702518822637,0.0571702518822612,0.0571702518822611,-0.0571702518822611
0.00259700000000002,-2.86216062797348,-3.42837287277415,2.06190114916898,0.0566212244800735,0.0566212244800669,0.0566212244800668,-0.0566212244800668
0.00259800000000002,-2.88786351711186,-3.44855969410748,2.06750811093894,0.0560696176995634,0.0560696176995622,0.0560696176995622,-0.0560696176995622
0.00259900000000002,-2.91345239834341,-3.46860690877421,2.07305965604325,0.0555154510430844,0.0555154510430805,0.0555154510430804,-0.0555154510430805
0.00260000000000002,-2.93892626146289,-3.48851370266058,2.07855553045522,0.054958744119773,0.0549587441197689,0.0549587441197689,-0.0549587441197689
0.00260100000000002,-2.96428410080582,-3.50827926725414,2.08399548211971,0.0543995166448363,0.0543995166448315,0.0543995166448315,-0.0543995166448315
0.00260200000000002,-2.98952491528812,-3.5279027996758,2.08937926096358,0.0538377884387664,0.0538377884387676,0.0538377884387676,-0.0538377884387676
0.00260300000000002,-3.01464770844565,-3.54738350271171,2.09470661890624,0.053273579426607,0.0532735794266058,0.0532735794266058,-0.0532735794266058
0.00260400000000002,-3.03965148847356,-3.5667205848449,2.09997730986996,0.0527069096371369,0.0527069096371343,0.0527069096371342,-0.0527069096371343
0.00260500000000002,-3.06453526826541,-3.58591326028668,2.10519108979017,0.0521377992021277,0.0521377992021266,0.0521377992021266,-0.0521377992021266
0.00260600000000002,-3.0892980654522,-3.60496074900784,2.11034771662573,0.0515662683555629,0.0515662683555633,0.0515662683555632,-0.0515662683555632
0.00260700000000002,-3.11393890244109,-3.62386227676959,2.11544695036901,0.0509923374328558,0.0509923374328494,0.0509923374328494,-0.0509923374328494
0.00260800000000002,-3.13845680645403,-3.64261707515432,2.12048855305602,0.0504160268700327,0.0504160268700284,0.0504160268700284,-0.0504160268700283
0.00260900000000002,-3.16285080956616,-3.66122438159607,2.12547228877631,0.0498373572029953,0.0498373572029912,0.0498373572029911,-0.0498373572029911
0.00261000000000002,-3.18711994874398,-3.6796834394108,2.13039792368298,0.0492563490666864,0.0492563490666818,0.0492563490666817,-0.0492563490666817
0.00261100000000002,-3.21126326588346,-3.69799349782644,2.13526522600241,0.0486730231942989,0.0486730231942989,0.0486730231942989,-0.0486730231942988
0.00261200000000002,-3.23527980784776,-3.71615381201269,2.14007396604406,0.0480874004164988,0.0480874004164932,0.0480874004164932,-0.0480874004164932
0.00261300000000002,-3.25916862650493,-3.73416364311054,2.14482391621012,0.0474995016605595,0.0474995016605612,0.0474995016605611,-0.0474995016605611
0.00261400000000002,-3.28292877876532,-3.75202225826166,2.14951485100508,0.046909347949633,0.0469093479496345,0.0469093479496344,-0.0469093479496344
0.00261500000000002,-3.30655932661879,-3.76972893063746,2.15414654704527,0.0463169604018665,0.0463169604018662,0.0463169604018661,-0.0463169604018661
0.00261600000000002,-3.33005933717179,-3.78728293946792,2.15871878306823,0.0457223602296164,0.0457223602296126,0.0457223602296126,-0.0457223602296126
0.00261700000000002,-3.35342788268414,-3.80468357007025,2.16323133994209,0.0451255687386132,0.0451255687386114,0.0451255687386113,-0.0451255687386113
0.00261800000000002,-3.37666404060566,-3.82193011387722,2.16768400067481,0.0445266073271577,0.0445266073271562,0.0445266073271561,-0.0445266073271561
0.00261900000000002,-3.39976689361263,-3.8390218684653,2.17207655042333,0.0439254974852688,0.0439254974852673,0.0439254974852672,-0.0439254974852673
0.00262000000000002,-3.42273552964398,-3.85595813758257,2.17640877650272,0.043322260793861,0.0433222607938588,0.0433222607938588,-0.0433222607938588
0.00262100000000002,-3.44556904193728,-3.87273823117629,2.18068046839511,0.0427169189239018,0.0427169189239016,0.0427169189239016,-0.0427169189239016
0.00262200000000002,-3.46826652906456,-3.8893614654204,2.18489141775867,0.0421094936355848,0.0421094936355837,0.0421094936355837,-0.0421094936355837
0.00262300000000002,-3.4908270949679,-3.90582716274256,2.18904141843642,0.041500006777464,0.0415000067774658,0.0415000067774658,-0.0415000067774658
0.00262400000000002,-3.51324984899478,-3.92213465185112,2.19313026646498,0.0408884802856369,0.0408884802856342,0.0408884802856341,-0.0408884802856341
0.00262500000000002,-3.53553390593327,-3.93828326776177,2.19715776008326,0.0402749361828514,0.0402749361828497,0.0402749361828496,-0.0402749361828497
0.00262600000000002,-3.55767838604696,-3.95427235182389,2.20112369974103,0.0396593965776937,0.0396593965776932,0.0396593965776932,-0.0396593965776932
0.00262700000000002,-3.57968241510969,-3.97010125174677,2.2050278881074,0.0390418836637085,0.0390418836637078,0.0390418836637077,-0.0390418836637078
0.00262800000000002,-3.60154512444007,-3.98576932162544,2.20887013007926,0.0384224197185379,0.0384224197185374,0.0384224197185373,-0.0384224197185373
0.00262900000000002,-3.62326565093576,-4.00127592196638,2.21265023278956,0.0378010271030593,0.0378010271030618,0.0378010271030617,-0.0378010271030617
0.00263000000000002,-3.64484313710759,-4.01662041971288,2.21636800561562,0.037177728260529,0.0371777282605289,0.0371777282605288,-0.0371777282605288
0.00263100000000002,-3.66627673111333,-4.03180218827016,2.22002326018719,0.0365525457156801,0.0365525457156832,0.0365525457156831,-0.0365525457156831
0.00263200000000002,-3.6875655867914,-4.04682060753031,2.22361581039457,0.035925502073888,0.0359255020738907,0.0359255020738907,-0.0359255020738907
0.00263300000000003,-3.70870886369422,-4.06167506389684,2.2271454723966,0.0352966200202598,0.0352966200202614,0.0352966200202613,-0.0352966200202613
0.00263400000000003,-3.72970572712144,-4.07636495030911,2.23061206462848,0.0346659223187684,0.0346659223187676,0.0346659223187675,-0.0346659223187675
0.00263500000000003,-3.75055534815282,-4.09088966626642,2.23401540780961,0.0340334318113644,0.03403343181136,0.0340334318113599,-0.0340334318113599
0.00263600000000003,-3.77125690368104,-4.10524861785184,2.23735532495132,0.0333991714170789,0.0333991714170797,0.0333991714170796,-0.0333991714170796
0.00263700000000003,-3.79180957644413,-4.11944121775581,2.24063164136444,0.032763164131171,0.0327631641311677,0.0327631641311676,-0.0327631641311675
0.00263800000000003,-3.81221255505776,-4.13346688529947,2.24384418466686,0.0321254330241727,0.032125433024171,0.032125433024171,-0.032125433024171
0.00263900000000003,-3.83246503404727,-4.14732504645773,2.24699278479096,0.0314860012410456,0.0314860012410462,0.0314860012410461,-0.0314860012410461
0.00264000000000003,-3.85256621387947,-4.16101513388205,2.25007727399099,0.0308448920002613,0.0308448920002589,0.0308448920002588,-0.0308448920002588
0.00264100000000003,-3.87251530099419,-4.174536586923,2.25309748685027,0.0302021285928822,0.0302021285928815,0.0302021285928815,-0.0302021285928815
0.00264200000000003,-3.89231150783564,-4.18788885165251,2.25605326028844,0.0295577343816866,0.0295577343816874,0.0295577343816873,-0.0295577343816874
0.00264300000000003,-3.91195405288346,-4.20107138088588,2.25894443356847,0.0289117328002408,0.028911732800242,0.0289117328002419,-0.028911732800242
0.00264400000000003,-3.93144216068361,-4.21408363420352,2.26177084830367,0.0282641473519929,0.0282641473519913,0.0282641473519912,-0.0282641473519912
0.00264500000000003,-3.95077506187897,-4.22692507797244,2.2645323484646,0.0276150016093446,0.0276150016093476,0.0276150016093475,-0.0276150016093475
0.00264600000000003,-3.96995199323969,-4.23959518536741,2.26722878038588,0.0269643192127766,0.0269643192127723,0.0269643192127721,-0.0269643192127721
0.00264700000000003,-3.98897219769337,-4.25209343639192,2.26985999277286,0.0263121238698538,0.0263121238698558,0.0263121238698557,-0.0263121238698557
0.00264800000000003,-4.00783492435489,-4.26441931789884,2.2724258367083,0.025658439354399,0.0256584393543951,0.025658439354395,-0.025658439354395
0.00264900000000003,-4.02653942855612,-4.2765723236108,2.27492616565885,0.0250032895054719,0.0250032895054681,0.025003289505468,-0.025003289505468
0.00265000000000003,-4.04508497187524,-4.2885519541403,2.2773608354815,0.0243466982265028,0.0243466982265059,0.0243466982265058,-0.0243466982265059
0.00265100000000003,-4.06347082216597,-4.30035771700959,2.27972970442994,0.0236886894843646,0.023688689484362,0.023688689484362,-0.023688689484362
0.00265200000000003,-4.08169625358642,-4.31198912667021,2.28203263316078,0.0230292873083782,0.0230292873083789,0.0230292873083788,-0.0230292873083788
0.00265300000000003,-4.09976054662776,-4.32344570452229,2.28426948473972,0.0223685157894549,0.0223685157894527,0.0223685157894526,-0.0223685157894526
0.00265400000000003,-4.11766298814263,-4.33472697893358,2.28644012464763,0.0217063990790978,0.0217063990790946,0.0217063990790945,-0.0217063990790944
0.00265500000000003,-4.1354028713733,-4.3458324852582,2.28854442078648,0.0210429613884955,0.0210429613884901,0.0210429613884901,-0.02104296138849
0.00265600000000003,-4.15297949597956,-4.35676176585512,2.29058224348524,0.0203782269875541,0.0203782269875561,0.020378226987556,-0.0203782269875559
0.00265700000000003,-4.17039216806635,-4.36751437010629,2.29255346550564,0.0197122202039957,0.0197122202039949,0.0197122202039949,-0.0197122202039948
0.00265800000000003,-4.1876402002112,-4.37808985443466,2.29445796204787,0.0190449654223501,0.0190449654223466,0.0190449654223466,-0.0190449654223466
0.00265900000000003,-4.20472291149133,-4.38848778232172,2.29629561075617,0.0183764870830405,0.0183764870830388,0.0183764870830387,-0.0183764870830387
0.00266000000000003,-4.22163962751056,-4.3987077243249,2.29806629172432,0.017706809681437,0.0177068096814339,0.0177068096814338,-0.0177068096814338
0.00266100000000003,-4.2383896804259,-4.40874925809464,2.29976988750101,0.0170359577668799,0.0170359577668743,0.0170359577668743,-0.0170359577668743
0.00266200000000003,-4.25497240897394,-4.41861196839119,2.30140628309518,0.0163639559417295,0.0163639559417257,0.0163639559417256,-0.0163639559417256
0.00266300000000003,-4.27138715849695,-4.42829544710113,2.30297536598122,0.0156908288604152,0.0156908288604175,0.0156908288604175,-0.0156908288604175
0.00266400000000003,-4.28763328096873,-4.43779929325355,2.30447702610407,0.0150166012284814,0.0150166012284817,0.0150166012284816,-0.0150166012284816
0.00266500000000003,-4.30371013502019,-4.44712311303608,2.30591115588423,0.0143412978015878,0.0143412978015897,0.0143412978015896,-0.0143412978015897
0.00266600000000003,-4.31961708596464,-4.45626651981051,2.30727765022269,0.0136649433845903,0.0136649433845864,0.0136649433845863,-0.0136649433845863
0.00266700000000003,-4.33535350582291,-4.46522913412814,2.30857640650574,0.0129875628305243,0.012987562830523,0.0129875628305229,-0.0129875628305229
0.00266800000000003,-4.35091877334809,-4.47401058374496,2.30980732460971,0.0123091810396936,0.0123091810396875,0.0123091810396875,-0.0123091810396874
0.00266900000000003,-4.36631227405006,-4.48261050363639,2.31097030690557,0.0116298229586365,0.0116298229586333,0.0116298229586332,-0.0116298229586332
0.00267000000000003,-4.38153340021977,-4.49102853601183,2.31206525826349,0.0109495135792059,0.0109495135792058,0.0109495135792058,-0.0109495135792057
0.00267100000000003,-4.39658155095323,-4.4992643303289,2.31309208605725,0.0102682779375707,0.0102682779375672,0.0102682779375671,-0.0102682779375671
0.00267200000000003,-4.41145613217521,-4.50731754330741,2.31405070016857,0.00958614111322031,0.00958614111321957,0.00958614111321951,-0.00958614111321954
0.00267300000000003,-4.42615655666272,-4.51518783894298,2.31494101299137,0.0089031282280283,0.00890312822802613,0.00890312822802608,-0.00890312822802608
0.00267400000000003,-4.44068224406816,-4.52287488852047,2.3157629394359,0.00821926444523502,0.0082192644452305,0.0082192644452304,-0.00821926444523041
0.00267500000000003,-4.45503262094228,-4.53037837062702,2.31651639693275,0.00753457496847521,0.00753457496847452,0.00753457496847441,-0.00753457496847443
0.00267600000000003,-4.46920712075675,-4.53769797116489,2.31720130543683,0.00684908504081427,0.00684908504081435,0.00684908504081418,-0.00684908504081422
0.00267700000000003,-4.48320518392661,-4.54483338336396,2.3178175874312,0.0061628199437358,0.00616281994373483,0.00616281994373473,-0.00616281994373474
0.00267800000000003,-4.49702625783228,-4.5517843077939,2.31836516793082,0.00547580499616451,0.00547580499616236,0.0054758049961622,-0.00547580499616224
0.00267900000000003,-4.51066979684144,-4.5585504523762,2.31884397448617,0.00478806555348044,0.00478806555347612,0.004788065553476,-0.004788065553476
0.00268000000000003,-4.52413526233052,-4.56513153239569,2.31925393718682,0.00409962700651967,0.00409962700651787,0.0040996270065178,-0.00409962700651778
0.00268100000000003,-4.537422122706,-4.571527270512,2.31959498866488,0.00341051478060184,0.00341051478060018,0.00341051478060006,-0.00341051478060006
0.00268200000000003,-4.55052985342539,-4.57773739677052,2.31986706409833,0.00272075433451757,0.0027207543345133,0.00272075433451322,-0.00272075433451324
0.00268300000000003,-4.56345793701792,-4.58376164861323,2.32007010121428,0.00203037115953375,0.00203037115953055,0.00203037115953046,-0.00203037115953048
0.00268400000000003,-4.57620586310499,-4.58959977088912,2.32020404029212,0.00133939077841649,0.00133939077841242,0.00133939077841241,-0.00133939077841239
0.00268500000000003,-4.5887731284203,-4.5952515158644,2.32026882416657,0.000647838744409768,0.000647838744409328,0.000647838744409235,-0.000647838744409213
0.00268600000000003,-4.60115923682975,-4.60071664323238,2.32026439823059,-0.0000442593597371754,-0.0000442593597369692,-0.0000442593597369978,0.0000442593597370089
0.00268700000000003,-4.61336369935096,-4.60599492012303,2.32019071043831,-0.000736877922791201,-0.000736877922793104,-0.000736877922793155,0.000736877922793144
0.00268800000000003,-4.62538603417268,-4.61108612111233,2.32004771130771,-0.00142999130603449,-0.00142999130603511,-0.00142999130603512,0.00142999130603511
0.00268900000000003,-4.63722576667369,-4.61599002823118,2.31983535392328,-0.00212357384425044,-0.00212357384425055,-0.00212357384425061,0.00212357384425066
0.00269000000000003,-4.64888242944163,-4.62070643097422,2.31955359393861,-0.00281759984673613,-0.00281759984674184,-0.0028175998467419,0.0028175998467419
0.00269100000000003,-4.66035556229143,-4.62523512630812,2.31920238957878,-0.00351204359832824,-0.00351204359833053,-0.00351204359833064,0.00351204359833063
0.00269200000000003,-4.67164471228343,-4.6295759186798,2.31878170164274,-0.00420687936036224,-0.00420687936036278,-0.00420687936036286,0.00420687936036285
0.00269300000000003,-4.68274943374133,-4.63372862002417,2.31829149350557,-0.00490208137171599,-0.00490208137171576,-0.00490208137171582,0.00490208137171583
0.00269400000000003,-4.69366928826973,-4.63769304977168,2.31773173112059,-0.00559762384980456,-0.00559762384980498,-0.00559762384980509,0.00559762384980511
0.00269500000000003,-4.70440384477148,-4.64146903485555,2.31710238302143,-0.00629348099159266,-0.00629348099159268,-0.00629348099159275,0.00629348099159277
0.00269600000000003,-4.71495267946467,-4.6450564097187,2.31640342032397,-0.00698962697459393,-0.00698962697459695,-0.00698962697459704,0.00698962697459704
0.00269700000000003,-4.72531537589937,-4.64845501632035,2.31563481672818,-0.00768603595790118,-0.0076860359579018,-0.00768603595790189,0.0076860359579019
0.00269800000000003,-4.73549152497406,-4.65166470414238,2.31479654851986,-0.00838268208316784,-0.00838268208316803,-0.0083826820831681,0.00838268208316811
0.00269900000000003,-4.74548072495181,-4.65468533019536,2.3138885945723,-0.00907953947564266,-0.00907953947564479,-0.00907953947564488,0.00907953947564488
0.00270000000000003,-4.7552825814761,-4.65751675902428,2.31291093634778,-0.0097765822451823,-0.009776582245182,-0.00977658224518203,0.00977658224518202
0.00270100000000003,-4.76489670758642,-4.66015886271398,2.31186355789906,-0.0104737844872416,-0.0104737844872433,-0.0104737844872434,0.0104737844872434
0.00270200000000003,-4.77432272373353,-4.66261152089434,2.31074644587067,-0.0111711202839171,-0.0111711202839198,-0.0111711202839198,0.0111711202839199
0.00270300000000003,-4.78356025779447,-4.66487462074502,2.30955958950017,-0.011868563704942,-0.0118685637049443,-0.0118685637049444,0.0118685637049444
0.00270400000000003,-4.79260894508719,-4.66694805700013,2.3083029806193,-0.0125660888087031,-0.0125660888087063,-0.0125660888087063,0.0125660888087064
0.00270500000000003,-4.80146842838502,-4.66883173195235,2.30697661365497,-0.0132636696432664,-0.013263669643267,-0.013263669643267,0.013263669643267
0.00270600000000003,-4.81013835793073,-4.67052555545697,2.30558048563024,-0.0139612802473721,-0.0139612802473757,-0.0139612802473758,0.0139612802473758
0.00270700000000003,-4.81861839145034,-4.67202944493548,2.30411459616509,-0.0146588946514825,-0.0146588946514858,-0.0146588946514858,0.0146588946514858
0.00270800000000004,-4.82690819416666,-4.67334332537894,2.30257894747721,-0.0153564868787681,-0.0153564868787714,-0.0153564868787715,0.0153564868787715
0.00270900000000004,-4.83500743881246,-4.67446712935101,2.3009735443826,-0.0160540309461465,-0.0160540309461448,-0.0160540309461449,0.0160540309461449
0.00271000000000004,-4.84291580564343,-4.6754007969907,2.29929839429607,-0.016751500865273,-0.0167515008652734,-0.0167515008652735,0.0167515008652736
0.00271100000000004,-4.8506329824508,-4.67614427601482,2.29755350723171,-0.0174488706435927,-0.0174488706435981,-0.0174488706435982,0.0174488706435982
0.00271200000000004,-4.85815866457363,-4.67669752172013,2.29573889580318,-0.018146114285349,-0.0181461142853504,-0.0181461142853506,0.0181461142853506
0.00271300000000004,-4.86549255491089,-4.67706049698518,2.29385457522392,-0.0188432057925692,-0.0188432057925713,-0.0188432057925715,0.0188432057925714
0.00271400000000004,-4.87263436393314,-4.67723317227185,2.29190056330731,-0.0195401191661304,-0.0195401191661293,-0.0195401191661293,0.0195401191661294
0.00271500000000004,-4.87958380969398,-4.6772155256266,2.28987688046663,-0.0202368284067411,-0.0202368284067386,-0.0202368284067386,0.0202368284067387
0.00271600000000004,-4.88634061784121,-4.67700754268142,2.28778354971503,-0.0209333075159712,-0.0209333075159782,-0.0209333075159783,0.0209333075159783
0.00271700000000004,-4.8929045216276,-4.67660921665449,2.2856205966653,-0.0216295304973091,-0.0216295304973102,-0.0216295304973103,0.0216295304973103
0.00271800000000004,-4.89927526192146,-4.67602054835048,2.28338804952959,-0.0223254713570986,-0.0223254713570982,-0.0223254713570983,0.0223254713570983
0.00271900000000004,-4.90545258721689,-4.67524154616063,2.28108593911903,-0.0230211041056272,-0.0230211041056262,-0.0230211041056263,0.0230211041056263
0.00272000000000004,-4.91143625364366,-4.67427222606249,2.27871429884322,-0.0237164027581205,-0.0237164027581168,-0.0237164027581168,0.0237164027581169
0.00272100000000004,-4.91722602497686,-4.67311261161936,2.27627316470964,-0.0244113413357461,-0.0244113413357497,-0.0244113413357498,0.0244113413357498
0.00272200000000004,-4.92282167264623,-4.67176273397943,2.27376257532298,-0.0251058938666793,-0.0251058938666799,-0.02510589386668,0.02510589386668
0.00272300000000004,-4.92822297574519,-4.67022263187463,2.27118257188427,-0.0258000343870535,-0.0258000343870558,-0.0258000343870559,0.0258000343870559
0.00272400000000004,-4.93342972103953,-4.66849235161916,2.26853319819007,-0.0264937369420348,-0.0264937369420367,-0.0264937369420368,0.0264937369420368
0.00272500000000004,-4.93844170297587,-4.66657194710776,2.26581450063139,-0.0271869755868082,-0.0271869755868106,-0.0271869755868107,0.0271869755868108
0.00272600000000004,-4.94325872368975,-4.66446147981363,2.26302652819263,-0.0278797243876117,-0.0278797243876113,-0.0278797243876113,0.0278797243876113
0.00272700000000004,-4.94788059301342,-4.66216101878608,2.26016933245035,-0.0285719574227317,-0.0285719574227349,-0.028571957422735,0.028571957422735
0.00272800000000004,-4.95230712848342,-4.65967064064785,2.257242967572,-0.0292636487835507,-0.0292636487835569,-0.0292636487835569,0.0292636487835569
0.00272900000000004,-4.95653815534769,-4.65699042959221,2.25424749031444,-0.0299547725755422,-0.0299547725755475,-0.0299547725755477,0.0299547725755476
0.00273000000000004,-4.96057350657254,-4.65412047737966,2.25118296002251,-0.0306453029192877,-0.0306453029192878,-0.0306453029192879,0.0306453029192879
0.00273100000000004,-4.96441302284921,-4.65106088333437,2.24804943862737,-0.0313352139514844,-0.0313352139514839,-0.0313352139514841,0.0313352139514841
0.00273200000000004,-4.96805655260018,-4.64781175434035,2.24484699064477,-0.0320244798259806,-0.0320244798259825,-0.0320244798259825,0.0320244798259825
0.00273300000000004,-4.97150395198512,-4.64437320483729,2.24157568317329,-0.032713074714783,-0.0327130747147835,-0.0327130747147836,0.0327130747147836
0.00273400000000004,-4.97475508490662,-4.64074535681608,2.23823558589238,-0.0334009728090523,-0.0334009728090543,-0.0334009728090544,0.0334009728090544
0.00273500000000004,-4.97780982301551,-4.6369283398141,2.23482677106037,-0.0340881483201416,-0.0340881483201418,-0.0340881483201419,0.0340881483201419
0.00273600000000004,-4.98066804571597,-4.63292229091013,2.23134931351231,-0.0347745754805828,-0.034774575480584,-0.0347745754805841,0.0347745754805841
0.00273700000000004,-4.98332964017025,-4.62872735471903,2.2278032906578,-0.0354602285451211,-0.0354602285451217,-0.0354602285451218,0.0354602285451218
0.00273800000000004,-4.98579450130316,-4.62434368338608,2.22418878247863,-0.0361450817917053,-0.0361450817917082,-0.0361450817917082,0.0361450817917082
0.00273900000000004,-4.98806253180621,-4.61977143658102,2.22050587152638,-0.0368291095225182,-0.0368291095225189,-0.036829109522519,0.0368291095225189
0.00274000000000004,-4.99013364214144,-4.61501078149183,2.21675464291988,-0.0375122860649579,-0.0375122860649601,-0.0375122860649602,0.0375122860649602
0.00274100000000004,-4.99200775054495,-4.61006189281818,2.21293518434261,-0.0381945857726773,-0.0381945857726762,-0.0381945857726762,0.0381945857726763
0.00274200000000004,-4.99368478303015,-4.60492495276458,2.20904758603996,-0.0388759830265517,-0.0388759830265566,-0.0388759830265567,0.0388759830265566
0.00274300000000004,-4.99516467339068,-4.59960015103326,2.20509194081638,-0.039556452235745,-0.0395564522357416,-0.0395564522357417,0.0395564522357417
0.00274400000000004,-4.99644736320299,-4.59408768481673,2.20106834403252,-0.0402359678386244,-0.0402359678386265,-0.0402359678386266,0.0402359678386266
0.00274500000000004,-4.9975328018287,-4.58838775879004,2.19697689360214,-0.0409145043038661,-0.0409145043038657,-0.0409145043038659,0.0409145043038658
0.00274600000000004,-4.99842094641653,-4.58250058510278,2.192817689989,-0.0415920361313704,-0.0415920361313749,-0.041592036131375,0.041592036131375
0.00274700000000004,-4.99911176190407,-4.57642638337074,2.18859083620367,-0.0422685378533316,-0.0422685378533324,-0.0422685378533324,0.0422685378533325
0.00274800000000004,-4.9996052210191,-4.5701653806673,2.18429643780015,-0.0429439840351753,-0.0429439840351791,-0.0429439840351792,0.0429439840351792
0.00274900000000004,-4.99990130428069,-4.56371781151451,2.17993460287249,-0.0436183492766151,-0.0436183492766178,-0.0436183492766179,0.0436183492766179
0.00275000000000004,-5,-4.5570839178739,2.17550544205123,-0.0442916082126077,-0.0442916082126103,-0.0442916082126104,0.0442916082126104
0.00275100000000004,-4.99990130428068,-4.55026394913694,2.17100906849979,-0.0449637355143739,-0.044963735514374,-0.044963735514374,0.044963735514374
0.00275200000000004,-4.99960522101906,-4.5432581621153,2.16644559791075,-0.0456347058903761,-0.0456347058903766,-0.0456347058903766,0.0456347058903767
0.00275300000000004,-4.99911176190402,-4.53606682103072,2.16181514850202,-0.0463044940873258,-0.0463044940873299,-0.0463044940873299,0.0463044940873299
0.00275400000000004,-4.99842094641647,-4.52869019750465,2.1571178410129,-0.046973074891179,-0.0469730748911816,-0.0469730748911817,0.0469730748911817
0.00275500000000004,-4.99753280182862,-4.52112857054755,2.15235379870009,-0.0476404231281036,-0.0476404231281064,-0.0476404231281065,0.0476404231281065
0.00275600000000004,-4.9964473632029,-4.51338222654795,2.14752314733354,-0.0483065136654925,-0.0483065136654946,-0.0483065136654946,0.0483065136654946
0.00275700000000004,-4.99516467339057,-4.50545145926117,2.14262601519225,-0.0489713214129361,-0.0489713214129399,-0.04897132141294,0.0489713214129399
0.00275800000000004,-4.99368478303002,-4.49733656979776,2.13766253305992,-0.0496348213232212,-0.0496348213232257,-0.0496348213232258,0.0496348213232258
0.00275900000000004,-4.9920077505448,-4.48903786661171,2.13263283422059,-0.050296988393308,-0.0502969883933089,-0.050296988393309,0.0502969883933089
0.00276000000000004,-4.99013364214128,-4.48055566548824,2.12753705445406,-0.0509577976652986,-0.0509577976653031,-0.0509577976653032,0.0509577976653032
0.00276100000000004,-4.98806253180604,-4.47189028953144,2.12237533203132,-0.0516172242274626,-0.0516172242274594,-0.0516172242274595,0.0516172242274595
0.00276200000000004,-4.98579450130297,-4.46304206915151,2.1171478077098,-0.052275243215143,-0.0522752432151456,-0.0522752432151457,0.0522752432151457
0.00276300000000004,-4.98332964017004,-4.4540113420518,2.11185462472862,-0.0529318298118264,-0.0529318298118236,-0.0529318298118237,0.0529318298118237
0.00276400000000004,-4.98066804571575,-4.44479845321549,2.10649592880362,-0.0535869592500271,-0.0535869592500255,-0.0535869592500256,0.0535869592500256
0.00276500000000004,-4.97780982301527,-4.435403754892,2.10107186812239,-0.0542406068123258,-0.054240606812327,-0.054240606812327,0.054240606812327
0.00276600000000004,-4.97475508490637,-4.42582760658317,2.09558259333915,-0.0548927478323158,-0.0548927478323192,-0.0548927478323193,0.0548927478323192
0.00276700000000004,-4.97150395198485,-4.41607037502906,2.0900282575696,-0.0555433576955755,-0.0555433576955791,-0.0555433576955791,0.0555433576955792
0.00276800000000004,-4.96805655259989,-4.40613243419352,2.08440901638553,-0.0561924118406365,-0.056192411840637,-0.056192411840637,0.056192411840637
0.00276900000000004,-4.96441302284891,-4.39601416524948,2.07872502780954,-0.0568398857599428,-0.0568398857599429,-0.0568398857599429,0.0568398857599429
0.00277000000000004,-4.96057350657222,-4.38571595656392,2.07297645230946,-0.0574857550008279,-0.0574857550008302,-0.0574857550008303,0.0574857550008303
0.00277100000000004,-4.95653815534735,-4.37523820368258,2.06716345279281,-0.0581299951664782,-0.0581299951664778,-0.0581299951664778,0.0581299951664778
0.00277200000000004,-4.95230712848307,-4.36458130931437,2.06128619460112,-0.0587725819168661,-0.0587725819168693,-0.0587725819168694,0.0587725819168693
0.00277300000000004,-4.94788059301306,-4.35374568331554,2.05534484550415,-0.059413490969753,-0.0594134909697513,-0.0594134909697513,0.0594134909697513
0.00277400000000004,-4.94325872368936,-4.34273174267348,2.04933957569399,-0.0600526981015914,-0.060052698101588,-0.0600526981015881,0.0600526981015881
0.00277500000000004,-4.93844170297547,-4.33153991149032,2.04327055777914,-0.0606901791485148,-0.060690179148515,-0.060690179148515,0.060690179148515
0.00277600000000004,-4.93342972103911,-4.32017062096622,2.03713796677841,-0.0613259100072927,-0.0613259100072894,-0.0613259100072895,0.0613259100072895
0.00277700000000004,-4.92822297574476,-4.30862430938236,2.03094198011478,-0.0619598666362409,-0.0619598666362392,-0.0619598666362393,0.0619598666362393
0.00277800000000004,-4.92282167264578,-4.2969014220837,2.02468277760916,-0.0625920250562029,-0.0625920250562085,-0.0625920250562085,0.0625920250562085
0.00277900000000004,-4.9172260249764,-4.28500241146137,2.01836054147401,-0.0632223613515004,-0.063222361351502,-0.0632223613515021,0.0632223613515021
0.00278000000000004,-4.91143625364318,-4.27292773693492,2.01197545630693,-0.0638508516708258,-0.0638508516708262,-0.0638508516708262,0.0638508516708262
0.00278100000000004,-4.9054525872164,-4.26067786493412,2.00552770908411,-0.0644774722282282,-0.064477472228228,-0.064477472228228,0.064477472228228
0.00278200000000004,-4.89927526192095,-4.24825326888064,1.9990174891537,-0.0651021993040279,-0.0651021993040315,-0.0651021993040316,0.0651021993040315
0.00278300000000005,-4.89290452162707,-4.23565442916936,1.99244498822913,-0.0657250092457717,-0.0657250092457713,-0.0657250092457714,0.0657250092457714
0.00278400000000005,-4.88634061784067,-4.22288183314942,1.98581040038221,-0.0663458784691229,-0.0663458784691245,-0.0663458784691246,0.0663458784691246
0.00278500000000005,-4.87958380969343,-4.20993597510504,1.97911392203633,-0.0669647834588361,-0.0669647834588386,-0.0669647834588387,0.0669647834588387
0.00278600000000005,-4.87263436393257,-4.19681735623598,1.97235575195936,-0.0675817007696566,-0.0675817007696582,-0.0675817007696582,0.0675817007696582
0.00278700000000005,-4.8654925549103,-4.18352648463783,1.96553609125664,-0.0681966070272466,-0.0681966070272476,-0.0681966070272477,0.0681966070272477
0.00278800000000005,-4.85815866457303,-4.17006387528191,1.95865514336373,-0.0688094789291083,-0.0688094789291122,-0.0688094789291122,0.0688094789291122
0.00278900000000005,-4.85063298245018,-4.15643004999502,1.95171311403918,-0.0694202932455146,-0.0694202932455156,-0.0694202932455156,0.0694202932455157
0.00279000000000005,-4.8429158056428,-4.14262553743884,1.94471021135714,-0.0700290268203907,-0.0700290268203952,-0.0700290268203952,0.0700290268203952
0.00279100000000005,-4.83500743881181,-4.12865087308906,1.93764664569991,-0.0706356565722732,-0.0706356565722741,-0.0706356565722742,0.0706356565722742
0.00279200000000005,-4.82690819416599,-4.11450659921428,1.93052262975039,-0.0712401594951695,-0.0712401594951706,-0.0712401594951706,0.0712401594951707
0.00279300000000005,-4.81861839144966,-4.10019326485461,1.92333837848444,-0.0718425126595035,-0.0718425126595045,-0.0718425126595045,0.0718425126595046
0.00279400000000005,-4.81013835793003,-4.08571142580002,1.91609410916314,-0.0724426932129973,-0.0724426932130008,-0.0724426932130008,0.0724426932130008
0.00279500000000005,-4.80146842838431,-4.07106164456841,1.90879004132499,-0.0730406783815907,-0.0730406783815901,-0.0730406783815902,0.0730406783815902
0.00279600000000005,-4.79260894508646,-4.0562444903834,1.90142639677795,-0.0736364454703065,-0.0736364454703063,-0.0736364454703064,0.0736364454703063
0.00279700000000005,-4.78356025779372,-4.04126053915192,1.89400339959154,-0.0742299718641815,-0.0742299718641806,-0.0742299718641806,0.0742299718641807
0.00279800000000005,-4.77432272373278,-4.02611037344144,1.88652127608862,-0.0748212350291344,-0.0748212350291336,-0.0748212350291337,0.0748212350291337
0.00279900000000005,-4.76489670758565,-4.01079458245701,1.87898025483734,-0.0754102125128631,-0.0754102125128631,-0.0754102125128631,0.0754102125128632
0.00280000000000005,-4.75528258147531,-3.99531376201802,1.87138056664276,-0.0759968819457257,-0.0759968819457292,-0.0759968819457292,0.0759968819457292
0.00280100000000005,-4.745480724951,-3.97966851453464,1.8637224445386,-0.0765812210416361,-0.0765812210416365,-0.0765812210416365,0.0765812210416365
0.00280200000000005,-4.73549152497324,-3.96385944898411,1.85600612377871,-0.0771632075989093,-0.0771632075989128,-0.0771632075989128,0.0771632075989128
0.00280300000000005,-4.72531537589853,-3.94788718088669,1.84823184182859,-0.0777428195011831,-0.0777428195011843,-0.0777428195011843,0.0777428195011843
0.00280400000000005,-4.71495267946382,-3.93175233228134,1.84039983835677,-0.0783200347182489,-0.0783200347182481,-0.0783200347182482,0.0783200347182482
0.00280500000000005,-4.70440384477062,-3.91545553170121,1.83251035522607,-0.0788948313069415,-0.0788948313069408,-0.0788948313069409,0.0788948313069409
0.00280600000000005,-4.69366928826885,-3.89899741414881,1.82456363648487,-0.0794671874120012,-0.0794671874120042,-0.0794671874120042,0.0794671874120043
0.00280700000000005,-4.68274943374043,-3.88237862107096,1.81655992835818,-0.080037081266946,-0.0800370812669471,-0.0800370812669471,0.0800370812669471
0.00280800000000005,-4.67164471228252,-3.86559980033348,1.80849947923869,-0.0806044911949022,-0.0806044911949043,-0.0806044911949044,0.0806044911949044
0.00280900000000005,-4.6603555622905,-3.84866160619559,1.80038253967774,-0.0811693956094928,-0.0811693956094917,-0.0811693956094917,0.0811693956094917
0.00281000000000005,-4.6488824294407,-3.83156469928412,1.79220936237617,-0.0817317730156586,-0.0817317730156577,-0.0817317730156577,0.0817317730156577
0.00281100000000005,-4.63722576667273,-3.81430974656741,1.78398020217512,-0.0822916020105313,-0.082291602010532,-0.082291602010532,0.082291602010532
0.00281200000000005,-4.62538603417171,-3.79689742132901,1.77569531604669,-0.0828488612842682,-0.0828488612842695,-0.0828488612842696,0.0828488612842696
0.00281300000000005,-4.61336369934998,-3.77932840314106,1.7673549630846,-0.083403529620889,-0.0834035296208921,-0.0834035296208921,0.0834035296208921
0.00281400000000005,-4.60115923682875,-3.76160337783749,1.75895940449469,-0.0839555858991248,-0.0839555858991253,-0.0839555858991254,0.0839555858991254
0.00281500000000005,-4.58877312841929,-3.74372303748697,1.75050890358537,-0.084505009093232,-0.0845050090932326,-0.0845050090932326,0.0845050090932327
0.00281600000000005,-4.57620586310396,-3.72568808036551,1.74200372575798,-0.0850517782738436,-0.0850517782738449,-0.085051778273845,0.085051778273845
0.00281700000000005,-4.56345793701688,-3.707499210929,1.7334441384971,-0.085595872608788,-0.0855958726087875,-0.0855958726087876,0.0855958726087876
0.00281800000000005,-4.55052985342433,-3.68915713978531,1.72483041136071,-0.0861372713638997,-0.0861372713639021,-0.0861372713639022,0.0861372713639022
0.00281900000000005,-4.53742212270493,-3.67066258366627,1.71616281597033,-0.0866759539038675,-0.0866759539038658,-0.0866759539038659,0.0866759539038659
0.00282000000000005,-4.52413526232943,-3.65201626539937,1.70744162600103,-0.0872118996930049,-0.0872118996930058,-0.0872118996930059,0.0872118996930059
0.00282100000000005,-4.51066979684034,-3.63321891387923,1.69866711717142,-0.0877450882961095,-0.0877450882961109,-0.0877450882961109,0.0877450882961109
0.00282200000000005,-4.49702625783117,-3.61427126403878,1.68983956723349,-0.0882754993792356,-0.0882754993792381,-0.0882754993792382,0.0882754993792382
0.00282300000000005,-4.48320518392548,-3.59517405682032,1.68095925596244,-0.088803112710516,-0.0888031127105164,-0.0888031127105164,0.0888031127105164
0.00282400000000005,-4.46920712075561,-3.57592803914615,1.67202646514635,-0.0893279081609411,-0.0893279081609457,-0.0893279081609457,0.0893279081609457
0.00282500000000005,-4.45503262094112,-3.5565339638892,1.66304147857583,-0.0898498657051938,-0.0898498657051922,-0.0898498657051922,0.0898498657051922
0.00282600000000005,-4.44068224406699,-3.53699258984319,1.65400458203359,-0.0903689654223805,-0.0903689654223798,-0.0903689654223799,0.0903689654223799
0.00282700000000005,-4.42615655666153,-3.51730468169276,1.6449160632839,-0.0908851874968741,-0.0908851874968775,-0.0908851874968776,0.0908851874968776
0.00282800000000005,-4.41145613217401,-3.49747100998319,1.63577621206199,-0.091398512219083,-0.091398512219082,-0.0913985122190821,0.0913985122190821
0.00282900000000005,-4.39658155095202,-3.47749235109004,1.62658532006337,-0.0919089199861944,-0.0919089199861974,-0.0919089199861974,0.0919089199861974
0.00283000000000005,-4.38153340021854,-3.45736948718845,1.61734368093307,-0.0924163913030074,-0.0924163913030095,-0.0924163913030096,0.0924163913030096
0.00283100000000005,-4.36631227404881,-3.43710320622224,1.60805159025481,-0.0929209067826542,-0.0929209067826572,-0.0929209067826573,0.0929209067826573
0.00283200000000005,-4.35091877334683,-3.41669430187285,1.59870934554007,-0.0934224471473999,-0.0934224471473985,-0.0934224471473986,0.0934224471473986
0.00283300000000005,-4.33535350582164,-3.39614357352791,1.58931724621713,-0.0939209932293728,-0.093920993229373,-0.0939209932293731,0.0939209932293731
0.00283400000000005,-4.31961708596336,-3.37545182624976,1.57987559361999,-0.0944165259713592,-0.09441652597136,-0.0944165259713601,0.0944165259713601
0.00283500000000005,-4.30371013501889,-3.35461987074357,1.57038469097724,-0.0949090264275299,-0.0949090264275321,-0.0949090264275322,0.0949090264275321
0.00283600000000005,-4.28763328096742,-3.33364852332537,1.56084484340082,-0.0953984757642035,-0.0953984757642047,-0.0953984757642048,0.0953984757642048
0.00283700000000005,-4.27138715849562,-3.31253860588981,1.55125635787476,-0.0958848552605795,-0.0958848552605812,-0.0958848552605812,0.0958848552605813
0.00283800000000005,-4.2549724089726,-3.29129094587766,1.54161954324381,-0.0963681463094912,-0.0963681463094933,-0.0963681463094934,0.0963681463094934
0.00283900000000005,-4.23838968042454,-3.26990637624316,1.531934710202,-0.0968483304181378,-0.0968483304181379,-0.0968483304181379,0.0968483304181379
0.00284000000000005,-4.22163962750919,-3.24838573542111,1.52220217128112,-0.0973253892088088,-0.0973253892088081,-0.0973253892088081,0.0973253892088081
0.00284100000000005,-4.20472291148995,-3.22672986729374,1.51242224083916,-0.097799304419619,-0.0977993044196214,-0.0977993044196214,0.0977993044196214
0.00284200000000005,-4.1876402002098,-3.20493962115738,1.50259523504863,-0.0982700579052431,-0.098270057905242,-0.0982700579052421,0.0982700579052421
0.00284300000000005,-4.17039216806494,-3.18301585168894,1.49272147188487,-0.0987376316375976,-0.0987376316375994,-0.0987376316375995,0.0987376316375995
0.00284400000000005,-4.15297949597813,-3.16095941891211,1.48280127111421,-0.0992020077066003,-0.099202007706602,-0.0992020077066021,0.0992020077066021
0.00284500000000005,-4.13540287137187,-3.1387711881634,1.47283495428213,-0.0996631683208427,-0.0996631683208466,-0.0996631683208467,0.0996631683208467
0.00284600000000005,-4.11766298814119,-3.11645203005796,1.4628228447013,-0.100121095808323,-0.100121095808323,-0.100121095808323,0.100121095808323
0.00284700000000005,-4.0997605466263,-3.09400282045518,1.45276526743959,-0.100575772617111,-0.100575772617112,-0.100575772617112,0.100575772617112
0.00284800000000005,-4.08169625358495,-3.07142444042409,1.44266254930798,-0.101027181316085,-0.101027181316085,-0.101027181316085,0.101027181316085
0.00284900000000005,-4.06347082216449,-3.04871777620858,1.43251501884842,-0.101475304595591,-0.101475304595591,-0.101475304595591,0.101475304595591
0.00285000000000005,-4.04508497187374,-3.02588371919232,1.4223230063216,-0.10192012526814,-0.101920125268142,-0.101920125268142,0.101920125268142
0.00285100000000005,-4.0265394285546,-3.00292316586362,1.41208684369469,-0.102361626269096,-0.102361626269098,-0.102361626269098,0.102361626269098
0.00285200000000005,-4.00783492435337,-2.97983701777998,1.40180686462896,-0.102799790657337,-0.102799790657339,-0.102799790657339,0.102799790657339
0.00285300000000005,-3.98897219769183,-2.95662618153244,1.39148340446737,-0.103234601615938,-0.103234601615939,-0.103234601615939,0.103234601615939
0.00285400000000005,-3.96995199323814,-2.93329156870981,1.38111680022208,-0.103666042452832,-0.103666042452832,-0.103666042452832,0.103666042452832
0.00285500000000005,-3.9507750618774,-2.90983409586265,1.37070739056194,-0.104094096601475,-0.104094096601475,-0.104094096601475,0.104094096601475
0.00285600000000005,-3.93144216068203,-2.88625468446702,1.36025551579979,-0.1045187476215,-0.104518747621501,-0.104518747621501,0.104518747621501
0.00285700000000005,-3.91195405288187,-2.86255426088809,1.34976151787985,-0.104939979199379,-0.104939979199378,-0.104939979199378,0.104939979199378
0.00285800000000005,-3.89231150783403,-2.83873375634354,1.33922574036494,-0.105357775149046,-0.105357775149049,-0.105357775149049,0.105357775149049
0.00285900000000006,-3.87251530099257,-2.81479410686679,1.32864852842369,-0.105772119412575,-0.105772119412578,-0.105772119412578,0.105772119412578
0.00286000000000006,-3.85256621387784,-2.79073625326997,1.31803022881761,-0.106182996060786,-0.106182996060787,-0.106182996060787,0.106182996060787
0.00286100000000006,-3.83246503404563,-2.76656114110677,1.30737118988822,-0.106590389293886,-0.106590389293886,-0.106590389293886,0.106590389293886
0.00286200000000006,-3.81221255505611,-2.74226972063507,1.29667176154401,-0.106994283442103,-0.106994283442104,-0.106994283442104,0.106994283442104
0.00286300000000006,-3.79180957644247,-2.7178629467794,1.28593229524738,-0.107394662966305,-0.107394662966307,-0.107394662966307,0.107394662966307
0.00286400000000006,-3.77125690367937,-2.6933417790932,1.27515314400152,-0.107791512458617,-0.107791512458616,-0.107791512458616,0.107791512458616
0.00286500000000006,-3.75055534815114,-2.66870718172091,1.26433466233721,-0.108184816643022,-0.108184816643022,-0.108184816643022,0.108184816643022
0.00286600000000006,-3.72970572711974,-2.64396012335986,1.25347720629962,-0.108574560375989,-0.108574560375988,-0.108574560375988,0.108574560375988
0.00286700000000006,-3.70870886369251,-2.61910157722197,1.24258113343491,-0.108960728647054,-0.108960728647054,-0.108960728647054,0.108960728647054
0.00286800000000006,-3.68756558678968,-2.59413252099536,1.23164680277697,-0.109343306579428,-0.109343306579431,-0.109343306579431,0.109343306579431
0.00286900000000006,-3.6662767311116,-2.56905393680564,1.22067457483391,-0.109722279430593,-0.109722279430595,-0.109722279430595,0.109722279430595
0.00287000000000006,-3.64484313710584,-2.54386681117714,1.20966481157462,-0.110097632592872,-0.11009763259287,-0.11009763259287,0.11009763259287
0.00287100000000006,-3.62326565093401,-2.51857213499389,1.19861787641522,-0.110469351594011,-0.110469351594011,-0.110469351594011,0.110469351594011
0.00287200000000006,-3.6015451244383,-2.49317090346052,1.18753413420544,-0.110837422097776,-0.110837422097778,-0.110837422097778,0.110837422097778
0.00287300000000006,-3.57968241510791,-2.46766411606285,1.17641395121499,-0.111201829904504,-0.111201829904506,-0.111201829904506,0.111201829904506
0.00287400000000006,-3.55767838604517,-2.44205277652846,1.16525769511983,-0.111562560951668,-0.11156256095167,-0.11156256095167,0.11156256095167
0.00287500000000006,-3.53553390593147,-2.41633789278699,1.15406573498838,-0.111919601314447,-0.111919601314448,-0.111919601314448,0.111919601314448
0.00287600000000006,-3.51324984899296,-2.39052047693029,1.14283844126775,-0.112272937206266,-0.112272937206268,-0.112272937206268,0.112272937206268
0.00287700000000006,-3.49082709496607,-2.36460154517245,1.13157618576982,-0.11262255497936,-0.112622554979362,-0.112622554979362,0.112622554979362
0.00287800000000006,-3.46826652906272,-2.33858211780963,1.12027934165729,-0.112968441125307,-0.112968441125309,-0.112968441125309,0.112968441125309
0.00287900000000006,-3.44556904193543,-2.31246321917973,1.10894828342973,-0.11331058227557,-0.11331058227557,-0.11331058227557,0.11331058227557
0.00288000000000006,-3.42273552964212,-2.28624587762189,1.09758338690953,-0.113648965202022,-0.113648965202023,-0.113648965202023,0.113648965202023
0.00288100000000006,-3.39976689361076,-2.25993112543587,1.08618502922778,-0.113983576817489,-0.113983576817489,-0.113983576817489,0.113983576817489
0.00288200000000006,-3.37666404060378,-2.23351999884123,1.07475358881015,-0.114314404176254,-0.114314404176254,-0.114314404176254,0.114314404176254
0.00288300000000006,-3.35342788268224,-2.2070135379364,1.0632894453627,-0.114641434474583,-0.114641434474584,-0.114641434474584,0.114641434474584
0.00288400000000006,-3.33005933716989,-2.18041278665753,1.05179297985757,-0.114964655051235,-0.114964655051236,-0.114964655051236,0.114964655051236
0.00288500000000006,-3.30655932661688,-2.15371879273727,1.04026457451878,-0.115284053387958,-0.115284053387961,-0.115284053387961,0.115284053387961
0.00288600000000006,-3.28292877876339,-2.12693260766331,1.02870461280778,-0.115599617110007,-0.115599617110008,-0.115599617110009,0.115599617110009
0.00288700000000006,-3.25916862650299,-2.10005528663686,1.01711347940911,-0.115911333986611,-0.115911333986613,-0.115911333986613,0.115911333986613
0.00288800000000006,-3.23527980784581,-2.07308788853093,1.00549156021597,-0.116219191931486,-0.116219191931488,-0.116219191931488,0.116219191931488
0.00288900000000006,-3.2112632658815,-2.04603147584846,0.993839242315635,-0.116523179003304,-0.116523179003304,-0.116523179003304,0.116523179003304
0.00289000000000006,-3.18711994874202,-2.01888711468032,0.982156913975018,-0.116823283406169,-0.11682328340617,-0.11682328340617,0.11682328340617
0.00289100000000006,-3.16285080956418,-1.99165587466319,0.970444964626009,-0.117119493490097,-0.117119493490099,-0.117119493490099,0.117119493490099
0.00289200000000006,-3.13845680645205,-1.96433882893727,0.958703784850861,-0.117411797751478,-0.117411797751477,-0.117411797751477,0.117411797751477
0.00289300000000006,-3.1139389024391,-1.93693705410385,0.946933766367508,-0.117700184833525,-0.117700184833525,-0.117700184833525,0.117700184833525
0.00289400000000006,-3.0892980654502,-1.90945163018275,0.935135302014834,-0.117984643526743,-0.117984643526744,-0.117984643526744,0.117984643526744
0.00289500000000006,-3.0645352682634,-1.88188364056965,0.923308785737897,-0.118265162769374,-0.118265162769375,-0.118265162769375,0.118265162769375
0.00289600000000006,-3.03965148847153,-1.85423417199321,0.911454612573114,-0.118541731647831,-0.118541731647832,-0.118541731647832,0.118541731647832
0.00289700000000006,-3.01464770844362,-1.82650431447219,0.899573178633399,-0.118814339397144,-0.118814339397142,-0.118814339397142,0.118814339397142
0.00289800000000006,-2.98952491528608,-1.79869516127229,0.887664881093261,-0.119082975401379,-0.119082975401379,-0.119082975401379,0.119082975401379
0.00289900000000006,-2.96428410080377,-1.77080780886294,0.875730118173853,-0.119347629194082,-0.119347629194083,-0.119347629194083,0.119347629194083
0.00290000000000006,-2.93892626146083,-1.742843356874,0.863769289127985,-0.119608290458684,-0.119608290458683,-0.119608290458683,0.119608290458683
0.00290100000000006,-2.91345239834133,-1.71480290805223,0.851782794225094,-0.119864949028909,-0.119864949028911,-0.119864949028911,0.119864949028911
0.00290200000000006,-2.88786351710978,-1.68668756821772,0.839771034736173,-0.120117594889204,-0.120117594889206,-0.120117594889206,0.120117594889206
0.00290300000000006,-2.86216062797139,-1.65849844622019,0.827734412918661,-0.120366218175119,-0.12036621817512,-0.12036621817512,0.12036621817512
0.00290400000000006,-2.8363447456322,-1.63023665389511,0.815673332001291,-0.120610809173708,-0.12061080917371,-0.12061080917371,0.12061080917371
0.00290500000000006,-2.81041688925906,-1.60190330601978,0.803588196168898,-0.12085135832393,-0.120851358323928,-0.120851358323928,0.120851358323928
0.00290600000000006,-2.78437808243934,-1.57349952026924,0.791479410547197,-0.121087856217009,-0.12108785621701,-0.12108785621701,0.12108785621701
0.00290700000000006,-2.75822935314054,-1.54502641717208,0.779347381187512,-0.121320293596845,-0.121320293596846,-0.121320293596846,0.121320293596846
0.00290800000000006,-2.73197173366973,-1.51648512006615,0.767192515051477,-0.121548661360357,-0.121548661360358,-0.121548661360358,0.121548661360358
0.00290900000000006,-2.70560626063275,-1.48787675505412,0.75501521999569,-0.121772950557861,-0.121772950557863,-0.121772950557863,0.121772950557863
0.00291000000000006,-2.67913397489334,-1.459202450959,0.742815904756347,-0.121993152393434,-0.121993152393434,-0.121993152393434,0.121993152393434
0.00291100000000006,-2.65255592153202,-1.43046333927946,0.730594978933822,-0.122209258225255,-0.122209258225256,-0.122209258225256,0.122209258225256
0.00291200000000006,-2.62587314980482,-1.40166055414514,0.718352852977225,-0.122421259565968,-0.122421259565968,-0.122421259565968,0.122421259565968
0.00291300000000006,-2.59908671310188,-1.37279523227176,0.706089938168924,-0.122629148083012,-0.122629148083012,-0.122629148083012,0.122629148083012
0.00291400000000006,-2.57219766890585,-1.34386851291621,0.693806646609027,-0.122832915598965,-0.122832915598965,-0.122832915598965,0.122832915598965
0.00291500000000006,-2.54520707875017,-1.31488153783149,0.68150339119984,-0.123032554091866,-0.123032554091868,-0.123032554091868,0.123032554091868
0.00291600000000006,-2.5181160081771,-1.28583545122158,0.669180585630285,-0.123228055695553,-0.123228055695553,-0.123228055695553,0.123228055695553
0.00291700000000006,-2.49092552669574,-1.25673139969616,0.656838644360289,-0.123419412699959,-0.123419412699958,-0.123419412699958,0.123419412699958
0.00291800000000006,-2.46363670773974,-1.22757053222532,0.644477982605145,-0.123606617551442,-0.123606617551442,-0.123606617551442,0.123606617551442
0.00291900000000006,-2.43625062862493,-1.1983540000941,0.632099016319837,-0.123789662853082,-0.123789662853083,-0.123789662853083,0.123789662853083
0.00292000000000006,-2.40876837050684,-1.16908295685697,0.619702162183338,-0.123968541364987,-0.123968541364987,-0.123968541364987,0.123968541364987
0.00292100000000006,-2.38119101833795,-1.1397585582922,0.607287837582881,-0.124143246004573,-0.124143246004574,-0.124143246004574,0.124143246004574
0.00292200000000006,-2.3535196608249,-1.11038196235621,0.594856460598194,-0.124313769846869,-0.12431376984687,-0.12431376984687,0.12431376984687
0.00292300000000006,-2.32575539038552,-1.0809543291377,0.582408449985716,-0.124480106124781,-0.124480106124782,-0.124480106124782,0.124480106124782
0.00292400000000006,-2.29789930310566,-1.05147682081186,0.569944225162778,-0.124642248229379,-0.12464224822938,-0.12464224822938,0.12464224822938
0.00292500000000006,-2.26995249869595,-1.02195060159436,0.557464206191762,-0.124800189710159,-0.124800189710158,-0.124800189710158,0.124800189710158
0.00292600000000006,-2.24191608044837,-0.992376837695322,0.544968813764232,-0.124953924275304,-0.124953924275304,-0.124953924275304,0.124953924275304
0.00292700000000006,-2.2137911551927,-0.9627566972732,0.532458469185037,-0.12510344579195,-0.12510344579195,-0.12510344579195,0.12510344579195
0.00292800000000006,-2.18557883325285,-0.933091350388603,0.519933594356394,-0.125248748286424,-0.125248748286425,-0.125248748286425,0.125248748286425
0.00292900000000006,-2.15728022840297,-0.903381968958004,0.507394611761945,-0.125389825944495,-0.125389825944497,-0.125389825944497,0.125389825944497
0.00293000000000006,-2.12889645782353,-0.873629726707405,0.494841944450783,-0.125526673111612,-0.125526673111613,-0.125526673111613,0.125526673111613
0.00293100000000006,-2.10042864205719,-0.843835799125916,0.482276016021471,-0.125659284293127,-0.125659284293127,-0.125659284293127,0.125659284293127
0.00293200000000006,-2.07187790496457,-0.81400136341927,0.469697250606018,-0.125787654154529,-0.12578765415453,-0.12578765415453,0.12578765415453
0.00293300000000006,-2.04324537367988,-0.784127598463269,0.457106072853852,-0.125911777521661,-0.125911777521662,-0.125911777521662,0.125911777521662
0.00293400000000007,-2.01453217856644,-0.754215684757155,0.444502907915759,-0.126031649380929,-0.126031649380929,-0.126031649380929,0.126031649380929
0.00293500000000007,-1.98573945317202,-0.724266804376931,0.431888181427808,-0.126147264879509,-0.126147264879509,-0.126147264879509,0.126147264879509
0.00293600000000007,-1.95686833418412,-0.694282140928607,0.419262319495253,-0.126258619325551,-0.126258619325552,-0.126258619325552,0.126258619325552
0.00293700000000007,-1.92791996138509,-0.664262879501391,0.406625748676416,-0.126365708188369,-0.12636570818837,-0.12636570818837,0.12636570818837
0.00293800000000007,-1.8988954776071,-0.634210206620818,0.393978895966553,-0.126468527098628,-0.126468527098628,-0.126468527098628,0.126468527098628
0.00293900000000007,-1.86979602868709,-0.604125310201822,0.381322188781701,-0.126567071848527,-0.126567071848527,-0.126567071848527,0.126567071848527
0.00294000000000007,-1.84062276342147,-0.574009379501757,0.368656054942503,-0.126661338391971,-0.126661338391971,-0.126661338391971,0.126661338391971
0.00294100000000007,-1.8113768335208,-0.543863605073356,0.355980922658029,-0.126751322844743,-0.126751322844744,-0.126751322844744,0.126751322844744
0.00294200000000007,-1.78205939356431,-0.513689178717645,0.343297220509562,-0.126837021484666,-0.126837021484667,-0.126837021484667,0.126837021484667
0.00294300000000007,-1.75267160095435,-0.483487293436806,0.330605377434387,-0.126918430751754,-0.126918430751754,-0.126918430751754,0.126918430751754
0.00294400000000007,-1.72321461587063,-0.453259143386992,0.317905822709551,-0.126995547248363,-0.126995547248364,-0.126995547248364,0.126995547248364
0.00294500000000007,-1.69368960122449,-0.423005923831088,0.305198985935617,-0.12706836773934,-0.12706836773934,-0.12706836773934,0.12706836773934
0.00294600000000007,-1.66409772261296,-0.392728831091444,0.292485297020402,-0.127136889152151,-0.127136889152152,-0.127136889152152,0.127136889152152
0.00294700000000007,-1.63444014827273,-0.36242906250255,0.2797651861627,-0.127201108577018,-0.127201108577018,-0.127201108577018,0.127201108577018
0.00294800000000007,-1.60471804903406,-0.332107816363677,0.267039083835996,-0.127261023267038,-0.127261023267038,-0.127261023267038,0.127261023267038
0.00294900000000007,-1.57493259827453,-0.301766291891482,0.254307420772166,-0.127316630638304,-0.127316630638304,-0.127316630638304,0.127316630638304
0.00295000000000007,-1.54508497187273,-0.271405689172569,0.241570627945164,-0.127367928270016,-0.127367928270016,-0.127367928270016,0.127367928270016
0.00295100000000007,-1.51517634816186,-0.241027209116022,0.228829136554706,-0.127414913904583,-0.127414913904583,-0.127414913904583,0.127414913904583
0.00295200000000007,-1.48520790788315,-0.210632053405904,0.216083378009933,-0.127457585447725,-0.127457585447725,-0.127457585447725,0.127457585447725
0.00295300000000007,-1.45518083413933,-0.180221424453713,0.203333783913077,-0.127495940968561,-0.127495940968562,-0.127495940968562,0.127495940968562
0.00295400000000007,-1.42509631234784,-0.149796525350833,0.190580786043107,-0.127529978699701,-0.127529978699701,-0.127529978699701,0.127529978699701
0.00295500000000007,-1.3949555301941,-0.119358559820931,0.177824816339375,-0.127559697037317,-0.127559697037317,-0.127559697037317,0.127559697037317
0.00295600000000007,-1.36475967758457,-0.0889087321723452,0.165066306885253,-0.127585094541222,-0.127585094541223,-0.127585094541223,0.127585094541223
0.00295700000000007,-1.33450994659982,-0.0584482472504469,0.152305689891759,-0.127606169934937,-0.127606169934937,-0.127606169934937,0.127606169934937
0.00295800000000007,-1.30420753144742,-0.0279783103899751,0.139543397681185,-0.127622922105744,-0.127622922105744,-0.127622922105744,0.127622922105744
0.00295900000000007,-1.27385362841483,0.00249987263264418,0.12677986267071,-0.127635350104748,-0.127635350104748,-0.127635350104748,0.127635350104748
0.00296000000000007,-1.24344943582219,0.0329850956469977,0.114015517356018,-0.127643453146919,-0.127643453146919,-0.127643453146919,0.127643453146919
0.00296100000000007,-1.21299615397495,0.0634761521364002,0.101250794294905,-0.127647230611135,-0.127647230611135,-0.127647230611135,0.127647230611135
0.00296200000000007,-1.18249498511653,0.0939718352856266,0.0884861260908834,-0.127646682040215,-0.127646682040215,-0.127646682040215,0.127646682040215
0.00296300000000007,-1.15194713338085,0.124470938028653,0.0757219453767884,-0.12764180714095,-0.12764180714095,-0.12764180714095,0.12764180714095
0.00296400000000007,-1.12135380474479,0.154972253096409,0.0629586847983764,-0.12763260578412,-0.12763260578412,-0.12763260578412,0.12763260578412
0.00296500000000007,-1.09071620698059,0.185474573064542,0.050196776997925,-0.127619078004513,-0.127619078004514,-0.127619078004514,0.127619078004514
0.00296600000000007,-1.06003554960815,0.215976690401186,0.0374366545978317,-0.127601224000933,-0.127601224000933,-0.127601224000933,0.127601224000933
0.00296700000000007,-1.02931304384727,0.246477397514729,0.0246787501842117,-0.1275790441362,-0.1275790441362,-0.1275790441362,0.1275790441362
0.00296800000000007,-0.998549902569894,0.276975486801596,0.0119234962904968,-0.127552538937149,-0.127552538937149,-0.127552538937149,0.127552538937149
0.00296900000000007,-0.967747340252154,0.307469750694024,-0.000828674618964986,-0.127521709094618,-0.127521709094618,-0.127521709094618,0.127521709094618
0.00297000000000007,-0.936906572926469,0.337958981707836,-0.013577330165308,-0.12748655546343,-0.12748655546343,-0.12748655546343,0.12748655546343
0.00297100000000007,-0.906028818133526,0.368441972490217,-0.0263220380715455,-0.127447079062374,-0.127447079062374,-0.127447079062374,0.127447079062374
0.00297200000000007,-0.875115294874213,0.398917515867483,-0.0390623661789624,-0.12740328107417,-0.12740328107417,-0.12740328107417,0.12740328107417
0.00297300000000007,-0.844167223561496,0.429384404892844,-0.0517978824635058,-0.127355162845434,-0.127355162845434,-0.127355162845434,0.127355162845434
0.00297400000000007,-0.813185825972238,0.459841432894156,-0.0645281550521698,-0.12730272588664,-0.127302725886639,-0.127302725886639,0.127302725886639
0.00297500000000007,-0.782172325198968,0.490287393521665,-0.0772527522393761,-0.127245971872063,-0.127245971872063,-0.127245971872063,0.127245971872063
0.00297600000000007,-0.751127945601592,0.520721080795741,-0.0899712425033495,-0.127184902639734,-0.127184902639733,-0.127184902639733,0.127184902639733
0.00297700000000007,-0.720053912759062,0.551141289154595,-0.102683194522486,-0.127119520191366,-0.127119520191366,-0.127119520191366,0.127119520191366
0.00297800000000007,-0.688951453420985,0.581546813501978,-0.115388177191716,-0.127049826692297,-0.127049826692296,-0.127049826692296,0.127049826692296
0.00297900000000007,-0.657821795459201,0.611936449254869,-0.128085759638856,-0.126975824471407,-0.126975824471407,-0.126975824471407,0.126975824471407
0.00298000000000007,-0.626666167819304,0.642308992391134,-0.140775511240961,-0.126897516021044,-0.126897516021044,-0.126897516021044,0.126897516021044
0.00298100000000007,-0.595485800472126,0.672663239497174,-0.153457001640654,-0.12681490399693,-0.12681490399693,-0.12681490399693,0.12681490399693
0.00298200000000007,-0.56428192436518,0.702997987815542,-0.166129800762461,-0.126727991218072,-0.126727991218072,-0.126727991218072,0.126727991218072
0.00298300000000007,-0.533055771374065,0.733312035292535,-0.178793478829127,-0.12663678066666,-0.12663678066666,-0.12663678066666,0.12663678066666
0.00298400000000007,-0.501808574253834,0.763604180625762,-0.191447606377923,-0.12654127548796,-0.12654127548796,-0.12654127548796,0.12654127548796
0.00298500000000007,-0.470541566590326,0.793873223311682,-0.204091754276943,-0.126441478990201,-0.126441478990201,-0.126441478990201,0.126441478990201
0.00298600000000007,-0.439255982751465,0.824117963693108,-0.216725493741389,-0.126337394644457,-0.126337394644457,-0.126337394644457,0.126337394644457
0.00298700000000007,-0.407953057838531,0.854337203006685,-0.229348396349841,-0.126229026084522,-0.126229026084522,-0.126229026084522,0.126229026084522
0.00298800000000007,-0.376634027637402,0.884529743430324,-0.241960034060518,-0.126116377106773,-0.126116377106773,-0.126116377106773,0.126116377106773
0.00298900000000007,-0.345300128569762,0.914694388130606,-0.254559979227522,-0.125999451670037,-0.125999451670037,-0.125999451670037,0.125999451670037
0.00299000000000007,-0.313952597644295,0.944829941310146,-0.267147804617067,-0.125878253895444,-0.125878253895444,-0.125878253895444,0.125878253895444
0.00299100000000007,-0.282592672407846,0.974935208254916,-0.279723083423694,-0.125752788066276,-0.125752788066276,-0.125752788066276,0.125752788066276
0.00299200000000007,-0.251221590896566,1.00500899538153,-0.292285389286475,-0.12562305862781,-0.125623058627809,-0.125623058627809,0.125623058627809
0.00299300000000007,-0.219840591587038,1.03505011028447,-0.30483429630519,-0.12548907018715,-0.12548907018715,-0.12548907018715,0.12548907018715
0.00299400000000007,-0.188450913347381,1.06505736178328,-0.317369379056497,-0.125350827513067,-0.125350827513066,-0.125350827513066,0.125350827513066
0.00299500000000007,-0.157053795388345,1.09502955996974,-0.329890212610078,-0.125208335535809,-0.125208335535809,-0.125208335535808,0.125208335535808
0.00299600000000007,-0.125650477214387,1.1249655162549,-0.342396372544771,-0.125061599346929,-0.125061599346929,-0.125061599346929,0.125061599346929
0.00299700000000007,-0.0942421985747357,1.15486404341617,-0.35488743496468,-0.124910624199091,-0.124910624199091,-0.12491062419909,0.12491062419909
0.00299800000000007,-0.0628301994144534,1.18472395564429,-0.367362976515267,-0.124755415505875,-0.124755415505875,-0.124755415505875,0.124755415505875
0.00299900000000007,-0.0314157198254808,1.21454406859027,-0.379822574399425,-0.124595978841576,-0.124595978841576,-0.124595978841576,0.124595978841576
0.00300000000000007,2.31813212289017E-12,1.24432319941227,-0.392265806393524,-0.124432319940995,-0.124432319940995,-0.124432319940995,0.124432319940995
0.00300100000000007,0.031415719830117,1.27406016682238,-0.404692250863447,-0.124264444699227,-0.124264444699226,-0.124264444699226,0.124264444699226
0.00300200000000007,0.0628301994190893,1.30375379113344,-0.417101486780591,-0.124092359171435,-0.124092359171435,-0.124092359171435,0.124092359171435
0.00300300000000007,0.0942421985793711,1.33340289430568,-0.429493093737854,-0.123916069572631,-0.123916069572631,-0.123916069572631,0.123916069572631
0.00300400000000007,0.125650477219021,1.36300629999337,-0.441866651965597,-0.123735582277436,-0.123735582277435,-0.123735582277435,0.123735582277435
0.00300500000000007,0.157053795392979,1.39256283359139,-0.454221742347581,-0.123550903819842,-0.123550903819841,-0.123550903819841,0.123550903819841
0.00300600000000007,0.188450913352014,1.42207132228171,-0.466557946436878,-0.123362040892969,-0.123362040892969,-0.123362040892969,0.123362040892969
0.00300700000000007,0.21984059159167,1.45153059507981,-0.47887484647176,-0.123169000348815,-0.123169000348814,-0.123169000348814,0.123169000348814
0.00300800000000007,0.251221590901196,1.48093948288106,-0.491172025391558,-0.122971789197987,-0.122971789197987,-0.122971789197987,0.122971789197987
0.00300900000000008,0.282592672412475,1.51029681850698,-0.503449066852504,-0.122770414609452,-0.122770414609451,-0.122770414609451,0.122770414609451
0.00301000000000008,0.313952597648922,1.53960143675143,-0.515705555243529,-0.122564883910252,-0.122564883910251,-0.122564883910251,0.122564883910251
0.00301100000000008,0.345300128574387,1.56885217442677,-0.527941075702053,-0.122355204585239,-0.122355204585238,-0.122355204585238,0.122355204585238
0.00301200000000008,0.376634027642025,1.59804787040987,-0.540155214129731,-0.122141384276785,-0.122141384276784,-0.122141384276784,0.122141384276784
0.00301300000000008,0.407953057843152,1.6271873656881,-0.552347557208181,-0.121923430784495,-0.121923430784495,-0.121923430784495,0.121923430784495
0.00301400000000008,0.439255982756083,1.65626950340521,-0.564517692414672,-0.121701352064914,-0.121701352064913,-0.121701352064913,0.121701352064913
0.00301500000000008,0.470541566594942,1.68529312890713,-0.576665208037794,-0.12147515623122,-0.121475156231218,-0.121475156231218,0.121475156231218
0.00301600000000008,0.501808574258447,1.71425708978765,-0.588789693193086,-0.121244851552921,-0.12124485155292,-0.12124485155292,0.12124485155292
0.00301700000000008,0.533055771378675,1.74316023593411,-0.600890737838641,-0.121010446455544,-0.121010446455543,-0.121010446455543,0.121010446455543
0.00301800000000008,0.564281924369786,1.77200141957285,-0.612967932790671,-0.120771949520306,-0.120771949520307,-0.120771949520307,0.120771949520307
0.00301900000000008,0.595485800476729,1.80077949531474,-0.625020869739051,-0.120529369483802,-0.120529369483801,-0.120529369483801,0.120529369483801
0.00302000000000008,0.626666167823904,1.82949332020045,-0.637049141262817,-0.120282715237656,-0.120282715237655,-0.120282715237655,0.120282715237655
0.00302100000000008,0.657821795463797,1.85814175374576,-0.649052340845637,-0.120031995828196,-0.120031995828196,-0.120031995828196,0.120031995828196
0.00302200000000008,0.688951453425577,1.88672365798666,-0.661030062891247,-0.119777220456108,-0.119777220456108,-0.119777220456108,0.119777220456108
0.00302300000000008,0.72005391276365,1.91523789752447,-0.672981902738856,-0.119518398476082,-0.119518398476082,-0.119518398476082,0.119518398476082
0.00302400000000008,0.751127945606176,1.94368333957074,-0.684907456678501,-0.119255539396457,-0.119255539396457,-0.119255539396457,0.119255539396457
0.00302500000000008,0.782172325203547,1.97205885399216,-0.696806321966387,-0.118988652878862,-0.118988652878861,-0.118988652878861,0.118988652878861
0.00302600000000008,0.813185825976812,2.00036331335523,-0.708678096840172,-0.118717748737842,-0.118717748737842,-0.118717748737841,0.118717748737841
0.00302700000000008,0.844167223566065,2.02859559297097,-0.720522380534221,-0.118442836940491,-0.118442836940491,-0.118442836940491,0.118442836940491
0.00302800000000008,0.875115294878777,2.05675457093945,-0.732338773294828,-0.118163927606069,-0.118163927606068,-0.118163927606068,0.118163927606068
0.00302900000000008,0.906028818138085,2.08483912819417,-0.744126876395388,-0.117881031005609,-0.117881031005609,-0.117881031005609,0.117881031005609
0.00303000000000008,0.936906572931023,2.11284814854641,-0.755886292151542,-0.117594157561539,-0.117594157561539,-0.117594157561539,0.117594157561539
0.00303100000000008,0.967747340256702,2.14078051872942,-0.76761662393627,-0.117303317847273,-0.117303317847272,-0.117303317847272,0.117303317847272
0.00303200000000008,0.998549902574437,2.16863512844252,-0.779317476194951,-0.117008522586809,-0.117008522586809,-0.117008522586809,0.117008522586809
0.00303300000000008,1.02931304385181,2.19641087039504,-0.790988454460383,-0.116709782654324,-0.116709782654323,-0.116709782654323,0.116709782654323
0.00303400000000008,1.06003554961268,2.22410664035019,-0.802629165367758,-0.116407109073753,-0.116407109073751,-0.116407109073751,0.116407109073751
0.00303500000000008,1.09071620698512,2.25172133716879,-0.814239216669595,-0.116100513018369,-0.116100513018367,-0.116100513018367,0.116100513018367
0.00303600000000008,1.12135380474931,2.27925386285288,-0.825818217250631,-0.115790005810357,-0.115790005810357,-0.115790005810357,0.115790005810357
0.00303700000000008,1.15194713338536,2.3067031225892,-0.837365777142669,-0.115475598920385,-0.115475598920384,-0.115475598920384,0.115475598920384
0.00303800000000008,1.18249498512103,2.33406802479254,-0.848881507539384,-0.115157303967152,-0.115157303967151,-0.115157303967151,0.115157303967151
0.00303900000000008,1.21299615397944,2.36134748114899,-0.86036502081108,-0.114835132716956,-0.114835132716955,-0.114835132716955,0.114835132716955
0.00304000000000008,1.24344943582668,2.38854040665905,-0.871815930519404,-0.114509097083237,-0.114509097083237,-0.114509097083237,0.114509097083237
0.00304100000000008,1.27385362841932,2.41564571968057,-0.883233851432016,-0.114179209126126,-0.114179209126126,-0.114179209126126,0.114179209126126
0.00304200000000008,1.30420753145189,2.44266234197164,-0.894618399537214,-0.113845481051976,-0.113845481051975,-0.113845481051975,0.113845481051975
0.00304300000000008,1.33450994660428,2.46958919873324,-0.905969192058504,-0.113507925212896,-0.113507925212896,-0.113507925212896,0.113507925212896
0.00304400000000008,1.36475967758903,2.49642521865187,-0.917285847469132,-0.113166554106283,-0.113166554106283,-0.113166554106283,0.113166554106283
0.00304500000000008,1.39495553019855,2.52316933394194,-0.928567985506566,-0.112821380374339,-0.112821380374339,-0.112821380374339,0.112821380374339
0.00304600000000008,1.42509631235229,2.5498204803881,-0.939815227186924,-0.112472416803582,-0.112472416803581,-0.112472416803581,0.112472416803581
0.00304700000000008,1.45518083414376,2.57637759738737,-0.95102719481936,-0.11211967632436,-0.11211967632436,-0.11211967632436,0.11211967632436
0.00304800000000008,1.48520790788758,2.60283962799117,-0.962203512020396,-0.111763172010361,-0.111763172010359,-0.111763172010359,0.111763172010359
0.00304900000000008,1.51517634816627,2.62920551894719,-0.973343803728205,-0.111402917078093,-0.111402917078092,-0.111402917078092,0.111402917078092
0.00305000000000008,1.54508497187714,2.6554742207411,-0.984447696216845,-0.111038924886397,-0.111038924886396,-0.111038924886396,0.111038924886396
0.00305100000000008,1.57493259827893,2.68164468763814,-0.995514817110437,-0.110671208935922,-0.110671208935921,-0.110671208935921,0.110671208935921
0.00305200000000008,1.60471804903845,2.70771587772454,-1.0065447953973,-0.110299782868608,-0.110299782868609,-0.110299782868609,0.110299782868609
0.00305300000000008,1.63444014827711,2.73368675294881,-1.01753726144402,-0.109924660467169,-0.10992466046717,-0.10992466046717,0.10992466046717
0.00305400000000008,1.66409772261733,2.75955627916286,-1.02849184700947,-0.109545855654554,-0.109545855654552,-0.109545855654552,0.109545855654552
0.00305500000000008,1.69368960122885,2.78532342616296,-1.03940818525881,-0.109163382493411,-0.10916338249341,-0.10916338249341,0.10916338249341
0.00305600000000008,1.72321461587498,2.81098716773058,-1.05028591077737,-0.108777255185559,-0.10877725518556,-0.108777255185559,0.108777255185559
0.00305700000000008,1.75267160095869,2.83654648167303,-1.06112465958451,-0.108387488071433,-0.108387488071434,-0.108387488071434,0.108387488071434
0.00305800000000008,1.78205939356865,2.86200034986397,-1.07192406914746,-0.107994095629536,-0.107994095629533,-0.107994095629533,0.107994095629533
0.00305900000000008,1.81137683352512,2.88734775828377,-1.08268377839505,-0.107597092475864,-0.107597092475865,-0.107597092475865,0.107597092475865
0.00306000000000008,1.84062276342578,2.91258769705963,-1.09340342773139,-0.107196493363386,-0.107196493363386,-0.107196493363386,0.107196493363386
0.00306100000000008,1.86979602869139,2.93771916050569,-1.10408265904953,-0.106792313181432,-0.10679231318143,-0.10679231318143,0.10679231318143
0.00306200000000008,1.89889547761139,2.96274114716278,-1.11472111574505,-0.10638456695514,-0.106384566955139,-0.106384566955139,0.106384566955139
0.00306300000000008,1.92791996138936,2.98765265983819,-1.12531844272953,-0.105973269844883,-0.105973269844883,-0.105973269844883,0.105973269844883
0.00306400000000008,1.95686833418839,3.01245270564513,-1.1358742864441,-0.105558437145674,-0.105558437145674,-0.105558437145674,0.105558437145674
0.00306500000000008,1.98573945317628,3.0371402960421,-1.14638829487276,-0.105140084286584,-0.105140084286582,-0.105140084286582,0.105140084286582
0.00306600000000008,2.01453217857069,3.06171444687208,-1.15686011755577,-0.104718226830141,-0.104718226830139,-0.104718226830139,0.104718226830139
0.00306700000000008,2.04324537368412,3.08617417840151,-1.16728940560295,-0.104292880471739,-0.104292880471739,-0.104292880471739,0.104292880471739
0.00306800000000008,2.07187790496879,3.11051851535911,-1.17767581170685,-0.103864061039034,-0.103864061039032,-0.103864061039032,0.103864061039032
0.00306900000000008,2.1004286420614,3.13474648697459,-1.18801899015598,-0.103431784491321,-0.103431784491319,-0.103431784491319,0.103431784491319
0.00307000000000008,2.12889645782772,3.15885712701705,-1.19831859684788,-0.102996066918934,-0.102996066918933,-0.102996066918933,0.102996066918933
0.00307100000000008,2.15728022840715,3.18284947383335,-1.20857428930214,-0.102556924542621,-0.102556924542619,-0.102556924542619,0.102556924542619
0.00307200000000008,2.18557883325702,3.20672257038615,-1.21878572667343,-0.102114373712916,-0.102114373712913,-0.102114373712913,0.102114373712913
0.00307300000000008,2.21379115519686,3.23047546429194,-1.22895256976438,-0.10166843090951,-0.101668430909508,-0.101668430909508,0.101668430909508
0.00307400000000008,2.24191608045251,3.25410720785869,-1.23907448103844,-0.101219112740618,-0.101219112740618,-0.101219112740618,0.101219112740618
0.00307500000000008,2.26995249870008,3.2776168581235,-1.24915112463268,-0.100766435942343,-0.100766435942342,-0.100766435942342,0.100766435942342
0.00307600000000008,2.29789930310978,3.30100347688994,-1.25918216637048,-0.100310417378018,-0.100310417378016,-0.100310417378016,0.100310417378016
0.00307700000000008,2.32575539038963,3.32426613076525,-1.26916727377424,-0.0998510740375624,-0.0998510740375625,-0.0998510740375624,0.0998510740375624
0.00307800000000008,2.353519660829,3.34740389119734,-1.27910611607792,-0.0993884230368369,-0.0993884230368349,-0.0993884230368349,0.0993884230368349
0.00307900000000008,2.38119101834202,3.37041583451162,-1.28899836423962,-0.0989224816169609,-0.0989224816169598,-0.0989224816169598,0.0989224816169598
0.00308000000000008,2.4087683705109,3.3933010419476,-1.29884369095398,-0.09845326714367,-0.0984532671436697,-0.0984532671436696,0.0984532671436696
0.00308100000000008,2.43625062862898,3.41605859969532,-1.30864177066465,-0.097980797106636,-0.0979807971066337,-0.0979807971066337,0.0979807971066337
0.00308200000000008,2.46363670774377,3.4386875989316,-1.31839227957653,-0.0975050891187834,-0.0975050891187829,-0.0975050891187828,0.0975050891187829
0.00308300000000008,2.49092552669976,3.46118713585607,-1.32809489566809,-0.097026160915632,-0.0970261609156305,-0.0970261609156304,0.0970261609156304
0.00308400000000008,2.51811600818111,3.48355631172698,-1.33774929870355,-0.0965440303545884,-0.0965440303545874,-0.0965440303545874,0.0965440303545874
0.00308500000000009,2.54520707875416,3.50579423289689,-1.34735517024497,-0.0960587154142734,-0.0960587154142733,-0.0960587154142732,0.0960587154142732
0.00308600000000009,2.57219766890983,3.52790001084805,-1.35691219366436,-0.0955702341938203,-0.095570234193822,-0.095570234193822,0.095570234193822
0.00308700000000009,2.59908671310584,3.54987276222767,-1.36642005415558,-0.0950786049121866,-0.0950786049121837,-0.0950786049121836,0.0950786049121837
0.00308800000000009,2.62587314980876,3.57171160888297,-1.37587843874632,-0.0945838459074211,-0.0945838459074208,-0.0945838459074207,0.0945838459074207
0.00308900000000009,2.65255592153595,3.59341567789595,-1.38528703630992,-0.0940859756360024,-0.0940859756360002,-0.0940859756360001,0.0940859756360001
0.00309000000000009,2.67913397489726,3.61498410161806,-1.39464553757713,-0.0935850126720816,-0.0935850126720807,-0.0935850126720807,0.0935850126720806
0.00309100000000009,2.70560626063665,3.6364160177046,-1.40395363514781,-0.0930809757067985,-0.0930809757067955,-0.0930809757067954,0.0930809757067955
0.00309200000000009,2.73197173367361,3.65771056914891,-1.41321102350256,-0.0925738835475309,-0.0925738835475303,-0.0925738835475303,0.0925738835475303
0.00309300000000009,2.75822935314441,3.67886690431638,-1.42241739901428,-0.0920637551171999,-0.0920637551171973,-0.0920637551171972,0.0920637551171972
0.00309400000000009,2.78437808244319,3.69988417697823,-1.43157245995963,-0.0915506094535057,-0.0915506094535035,-0.0915506094535034,0.0915506094535034
0.00309500000000009,2.8104168892629,3.72076154634506,-1.44067590653045,-0.0910344657082174,-0.0910344657082159,-0.0910344657082159,0.0910344657082159
0.00309600000000009,2.83634474563602,3.74149817710023,-1.44972744084509,-0.0905153431464223,-0.0905153431464214,-0.0905153431464213,0.0905153431464213
0.00309700000000009,2.86216062797519,3.76209323943301,-1.45872676695967,-0.0899932611457843,-0.0899932611457821,-0.0899932611457821,0.0899932611457821
0.00309800000000009,2.88786351711356,3.78254590907143,-1.46767359087925,-0.0894682391957868,-0.0894682391957871,-0.0894682391957871,0.0894682391957871
0.00309900000000009,2.9134523983451,3.80285536731509,-1.47656762056895,-0.0889402968969999,-0.0889402968969987,-0.0889402968969986,0.0889402968969986
0.00310000000000009,2.93892626146458,3.82302080106753,-1.48540856596498,-0.0884094539602964,-0.0884094539602954,-0.0884094539602954,0.0884094539602954
0.00310100000000009,2.9642841008075,3.8430414028686,-1.49419613898559,-0.0878757302061106,-0.08787573020611,-0.0878757302061099,0.0878757302061099
0.00310200000000009,2.98952491528979,3.86291637092642,-1.50293005354196,-0.087339145563663,-0.0873391455636632,-0.0873391455636631,0.0873391455636631
0.00310300000000009,3.01464770844732,3.88264490914925,-1.51161002554898,-0.0867997200701964,-0.0867997200701934,-0.0867997200701933,0.0867997200701933
0.00310400000000009,3.03965148847521,3.90222622717703,-1.520235772936,-0.0862574738701838,-0.0862574738701821,-0.0862574738701821,0.086257473870182
0.00310500000000009,3.06453526826706,3.92165954041281,-1.52880701565745,-0.0857124272145771,-0.0857124272145751,-0.085712427214575,0.085712427214575
0.00310600000000009,3.08929806545384,3.94094407005383,-1.53732347570345,-0.0851646004600015,-0.0851646004599993,-0.0851646004599993,0.0851646004599993
0.00310700000000009,3.11393890244273,3.96007904312249,-1.54578487711025,-0.0846140140679785,-0.0846140140679761,-0.084614014067976,0.084614014067976
0.00310800000000009,3.13845680645566,3.97906369249695,-1.55419094597066,-0.0840606886041284,-0.0840606886041293,-0.0840606886041293,0.0840606886041292
0.00310900000000009,3.16285080956777,3.99789725694168,-1.5625414104444,-0.0835046447373933,-0.0835046447373907,-0.0835046447373907,0.0835046447373907
0.00311000000000009,3.18711994874559,4.01657898113759,-1.57083600076832,-0.0829459032392021,-0.0829459032392001,-0.0829459032392001,0.0829459032392001
0.00311100000000009,3.21126326588505,4.03510811571208,-1.57907444926659,-0.0823844849827027,-0.0823844849827023,-0.0823844849827022,0.0823844849827022
0.00311200000000009,3.23527980784935,4.05348391726874,-1.58725649036079,-0.0818204109419418,-0.0818204109419393,-0.0818204109419392,0.0818204109419393
0.00311300000000009,3.25916862650651,4.0717056484169,-1.59538186057989,-0.0812537021910398,-0.0812537021910396,-0.0812537021910396,0.0812537021910396
0.00311400000000009,3.28292877876689,4.08977257780091,-1.60345029857023,-0.080684379903404,-0.0806843799034025,-0.0806843799034025,0.0806843799034025
0.00311500000000009,3.30655932662036,4.10768398012915,-1.61146154510532,-0.0801124653508811,-0.0801124653508791,-0.080112465350879,0.0801124653508791
0.00311600000000009,3.33005933717335,4.12543913620284,-1.61941534309562,-0.0795379799029527,-0.0795379799029492,-0.0795379799029492,0.0795379799029492
0.00311700000000009,3.35342788268568,4.14303733294463,-1.62731143759821,-0.0789609450258966,-0.0789609450258949,-0.0789609450258949,0.0789609450258949
0.00311800000000009,3.37666404060719,4.16047786342689,-1.6351495758264,-0.078381382281969,-0.0783813822819696,-0.0783813822819695,0.0783813822819695
0.00311900000000009,3.39976689361416,4.1777600268998,-1.64292950715926,-0.0777993133285637,-0.0777993133285637,-0.0777993133285637,0.0777993133285637
0.00312000000000009,3.4227355296455,4.19488312881916,-1.650650983151,-0.0772147599173656,-0.0772147599173667,-0.0772147599173666,0.0772147599173666
0.00312100000000009,3.44556904193879,4.21184648087404,-1.65831375754035,-0.0766277438935292,-0.0766277438935253,-0.0766277438935252,0.0766277438935252
0.00312200000000009,3.46826652906606,4.22864940101404,-1.66591758625983,-0.0760382871947995,-0.0760382871947979,-0.0760382871947978,0.0760382871947978
0.00312300000000009,3.49082709496939,4.24529121347645,-1.6734622274449,-0.0754464118507059,-0.0754464118507058,-0.0754464118507057,0.0754464118507057
0.00312400000000009,3.51324984899626,4.26177124881306,-1.68094744144307,-0.0748521399816804,-0.0748521399816802,-0.0748521399816801,0.0748521399816801
0.00312500000000009,3.53553390593475,4.27808884391681,-1.68837299082289,-0.0742554937982054,-0.0742554937982062,-0.0742554937982061,0.0742554937982061
0.00312600000000009,3.55767838604842,4.29424334204806,-1.69573864038288,-0.0736564955999652,-0.0736564955999631,-0.0736564955999631,0.0736564955999631
0.00312700000000009,3.57968241511114,4.31023409286075,-1.70304415716038,-0.0730551677749625,-0.073055167774961,-0.073055167774961,0.073055167774961
0.00312800000000009,3.60154512444151,4.32606045242825,-1.71028931044025,-0.0724515327986763,-0.0724515327986742,-0.072451532798674,0.072451532798674
0.00312900000000009,3.6232656509372,4.34172178326891,-1.71747387176356,-0.0718456132331724,-0.0718456132331709,-0.0718456132331709,0.0718456132331709
0.00313000000000009,3.64484313710902,4.35721745437142,-1.72459761493619,-0.0712374317262454,-0.0712374317262402,-0.0712374317262401,0.0712374317262401
0.00313100000000009,3.66627673111475,4.37254684121989,-1.73166031603724,-0.0706270110105178,-0.0706270110105144,-0.0706270110105143,0.0706270110105143
0.00313200000000009,3.68756558679281,4.3877093258187,-1.7386617534275,-0.0700143739025916,-0.0700143739025898,-0.0700143739025898,0.0700143739025898
0.00313300000000009,3.70870886369562,4.40270429671705,-1.74560170775771,-0.0693995433021444,-0.0693995433021424,-0.0693995433021423,0.0693995433021423
0.00313400000000009,3.72970572712283,4.41753114903324,-1.75247996197682,-0.0687825421910437,-0.0687825421910414,-0.0687825421910413,0.0687825421910413
0.00313500000000009,3.7505553481542,4.4321892844788,-1.75929630134006,-0.0681633936324588,-0.0681633936324595,-0.0681633936324594,0.0681633936324594
0.00313600000000009,3.77125690368241,4.44667811138221,-1.76605051341706,-0.0675421207699811,-0.0675421207699795,-0.0675421207699795,0.0675421207699795
0.00313700000000009,3.79180957644549,4.46099704471248,-1.77274238809973,-0.0669187468267007,-0.0669187468266983,-0.0669187468266983,0.0669187468266983
0.00313800000000009,3.81221255505911,4.47514550610238,-1.77937171761017,-0.0662932951043294,-0.0662932951043271,-0.066293295104327,0.066293295104327
0.00313900000000009,3.83246503404861,4.4891229238715,-1.78593829650839,-0.0656657889822876,-0.0656657889822891,-0.065665788982289,0.065665788982289
0.00314000000000009,3.8525662138808,4.50292873304894,-1.79244192170008,-0.0650362519168168,-0.0650362519168142,-0.0650362519168141,0.0650362519168141
0.00314100000000009,3.87251530099551,4.51656237539581,-1.79888239244408,-0.0644047074400333,-0.0644047074400302,-0.0644047074400301,0.0644047074400301
0.00314200000000009,3.89231150783694,4.53002329942746,-1.80525951035999,-0.0637711791590534,-0.0637711791590515,-0.0637711791590513,0.0637711791590513
0.00314300000000009,3.91195405288476,4.5433109604354,-1.81157307943549,-0.0631356907550651,-0.0631356907550644,-0.0631356907550643,0.0631356907550643
0.00314400000000009,3.9314421606849,4.556424820509,-1.81782290603373,-0.0624982659824136,-0.0624982659824101,-0.06249826598241,0.06249826598241
0.00314500000000009,3.95077506188024,4.56936434855689,-1.8240087989005,-0.0618589286676641,-0.0618589286676644,-0.0618589286676643,0.0618589286676642
0.00314600000000009,3.96995199324096,4.5821290203281,-1.83013056917137,-0.061217702708718,-0.0612177027087144,-0.0612177027087144,0.0612177027087144
0.00314700000000009,3.98897219769462,4.59471831843295,-1.83618803037875,-0.0605746120738337,-0.0605746120738332,-0.0605746120738332,0.0605746120738332
0.00314800000000009,4.00783492435614,4.60713173236365,-1.84218099845883,-0.0599296808007499,-0.059929680800751,-0.0599296808007509,0.0599296808007509
0.00314900000000009,4.02653942855735,4.61936875851459,-1.8481092917584,-0.0592829329957256,-0.0592829329957237,-0.0592829329957236,0.0592829329957236
0.00315000000000009,4.04508497187647,4.63142890020246,-1.85397273104166,-0.0586343928326016,-0.0586343928325993,-0.0586343928325992,0.0586343928325992
0.00315100000000009,4.06347082216719,4.643311667686,-1.85977113949685,-0.0579840845518809,-0.057984084551881,-0.057984084551881,0.0579840845518809
0.00315200000000009,4.08169625358762,4.65501657818551,-1.86550434274283,-0.057332032459787,-0.0573320324597882,-0.0573320324597881,0.0573320324597881
0.00315300000000009,4.09976054662895,4.6665431559021,-1.87117216883556,-0.0566782609273142,-0.0566782609273144,-0.0566782609273144,0.0566782609273144
0.00315400000000009,4.11766298814382,4.67789093203665,-1.87677444827449,-0.0560227943892855,-0.0560227943892833,-0.0560227943892833,0.0560227943892833
0.00315500000000009,4.13540287137448,4.68905944480849,-1.88231101400883,-0.0553656573434025,-0.0553656573434016,-0.0553656573434015,0.0553656573434015
0.00315600000000009,4.15297949598072,4.70004823947381,-1.88778170144376,-0.0547068743493107,-0.0547068743493098,-0.0547068743493097,0.0547068743493097
0.00315700000000009,4.1703921680675,4.7108568683438,-1.89318634844652,-0.0540464700276333,-0.0540464700276308,-0.0540464700276307,0.0540464700276307
0.00315800000000009,4.18764020021233,4.72148489080249,-1.89852479535243,-0.0533844690590168,-0.0533844690590153,-0.0533844690590152,0.0533844690590153
0.00315900000000009,4.20472291149246,4.73193187332432,-1.90379688497074,-0.0527208961831893,-0.0527208961831858,-0.0527208961831857,0.0527208961831857
0.0031600000000001,4.22163962751168,4.74219738949145,-1.90900246259054,-0.052055776197979,-0.0520557761979776,-0.0520557761979775,0.0520557761979775
0.0031610000000001,4.238389680427,4.75228102001078,-1.91414137598638,-0.0513891339583794,-0.0513891339583779,-0.0513891339583778,0.0513891339583778
0.0031620000000001,4.25497240897503,4.76218235273065,-1.91921347542394,-0.050720994375566,-0.0507209943755624,-0.0507209943755623,0.0507209943755624
0.0031630000000001,4.27138715849803,4.77190098265733,-1.92421861366553,-0.0500513824159343,-0.0500513824159301,-0.0500513824159301,0.05005138241593
0.0031640000000001,4.28763328096981,4.78143651197116,-1.92915664597554,-0.0493803231001388,-0.0493803231001354,-0.0493803231001354,0.0493803231001354
0.0031650000000001,4.30371013502125,4.79078855004243,-1.93402743012576,-0.0487078415021203,-0.0487078415021186,-0.0487078415021185,0.0487078415021185
0.0031660000000001,4.31961708596569,4.79995671344703,-1.93883082640057,-0.0480339627481352,-0.0480339627481339,-0.0480339627481338,0.0480339627481338
0.0031670000000001,4.33535350582395,4.80894062598171,-1.94356669760215,-0.047358712015777,-0.0473587120157755,-0.0473587120157754,0.0473587120157754
0.0031680000000001,4.35091877334912,4.81773991867914,-1.94823490905545,-0.0466821145330032,-0.046682114533002,-0.046682114533002,0.046682114533002
0.0031690000000001,4.36631227405107,4.82635422982266,-1.95283532861316,-0.0460041955771584,-0.0460041955771585,-0.0460041955771584,0.0460041955771584
0.0031700000000001,4.38153340022078,4.83478320496074,-1.95736782666056,-0.0453249804739952,-0.0453249804739963,-0.0453249804739962,0.0453249804739962
0.0031710000000001,4.39658155095422,4.84302649692115,-1.96183227612023,-0.0446444945966951,-0.0446444945966922,-0.0446444945966921,0.0446444945966921
0.0031720000000001,4.41145613217619,4.85108376582483,-1.96622855245672,-0.0439627633648665,-0.043962763364864,-0.0439627633648639,0.0439627633648639
0.0031730000000001,4.42615655666369,4.85895467909955,-1.97055653368108,-0.0432798122435885,-0.043279812243586,-0.0432798122435859,0.0432798122435859
0.0031740000000001,4.44068224406912,4.86663891149313,-1.97481610035532,-0.0425956667424021,-0.0425956667424011,-0.042595666742401,0.0425956667424011
0.0031750000000001,4.45503262094322,4.87413614508655,-1.97900713559675,-0.0419103524143338,-0.0419103524143328,-0.0419103524143327,0.0419103524143327
0.0031760000000001,4.46920712075769,4.88144606930663,-1.98312952508224,-0.041223894854896,-0.0412238948548939,-0.0412238948548938,0.0412238948548938
0.0031770000000001,4.48320518392753,4.88856838093848,-1.98718315705235,-0.0405363197010966,-0.0405363197010948,-0.0405363197010947,0.0405363197010948
0.0031780000000001,4.49702625783319,4.89550278413769,-1.9911679223154,-0.0398476526304492,-0.0398476526304495,-0.0398476526304495,0.0398476526304495
0.0031790000000001,4.51066979684234,4.90224899044214,-1.99508371425139,-0.03915791935998,-0.0391579193599802,-0.0391579193599801,0.0391579193599801
0.0031800000000001,4.5241352623314,4.90880671878361,-1.99893042881592,-0.0384671456452201,-0.0384671456452202,-0.0384671456452201,0.0384671456452201
0.0031810000000001,4.53742212270688,4.91517569549903,-2.00270796454384,-0.0377753572792194,-0.0377753572792159,-0.0377753572792159,0.0377753572792159
0.0031820000000001,4.55052985342625,4.92135565434152,-2.00641622255299,-0.0370825800915275,-0.0370825800915265,-0.0370825800915264,0.0370825800915264
0.0031830000000001,4.56345793701877,4.927346336491,-2.01005510654771,-0.0363888399472234,-0.0363888399472226,-0.0363888399472225,0.0363888399472225
0.0031840000000001,4.57620586310583,4.93314749056467,-2.0136245228223,-0.0356941627458873,-0.0356941627458839,-0.0356941627458838,0.0356941627458838
0.0031850000000001,4.58877312842113,4.93875887262708,-2.01712438026436,-0.0349985744205927,-0.0349985744205948,-0.0349985744205947,0.0349985744205947
0.0031860000000001,4.60115923683056,4.94418024619995,-2.02055459035806,-0.0343021009369426,-0.034302100936939,-0.0343021009369389,0.0343021009369389
0.0031870000000001,4.61336369935177,4.9494113822717,-2.02391506718725,-0.0336047682919949,-0.0336047682919931,-0.033604768291993,0.033604768291993
0.0031880000000001,4.62538603417347,4.95445205930665,-2.02720572743859,-0.0329066025133207,-0.0329066025133185,-0.0329066025133185,0.0329066025133185
0.0031890000000001,4.63722576667447,4.95930206325399,-2.03042649040438,-0.0322076296579521,-0.0322076296579527,-0.0322076296579526,0.0322076296579526
0.0031900000000001,4.6488824294424,4.96396118755639,-2.03357727798552,-0.0315078758114051,-0.0315078758113985,-0.0315078758113985,0.0315078758113985
0.0031910000000001,4.66035556229218,4.96842923315832,-2.03665801469418,-0.0308073670866138,-0.0308073670866133,-0.0308073670866132,0.0308073670866132
0.0031920000000001,4.67164471228417,4.97270600851413,-2.03966862765648,-0.0301061296229976,-0.0301061296229962,-0.0301061296229961,0.0301061296229961
0.0031930000000001,4.68274943374206,4.97679132959581,-2.04260904661502,-0.029404189585378,-0.0294041895853751,-0.029404189585375,0.029404189585375
0.0031940000000001,4.69366928827045,4.98068501990037,-2.04547920393132,-0.0287015731629925,-0.028701573162992,-0.028701573162992,0.028701573162992
0.0031950000000001,4.70440384477219,4.98438691045706,-2.04827903458817,-0.0279983065684863,-0.0279983065684875,-0.0279983065684874,0.0279983065684874
0.0031960000000001,4.71495267946537,4.98789683983421,-2.05100847619186,-0.0272944160368871,-0.0272944160368849,-0.0272944160368848,0.0272944160368848
0.0031970000000001,4.72531537590005,4.99121465414578,-2.05366746897432,-0.026589927824574,-0.0265899278245728,-0.0265899278245728,0.0265899278245728
0.0031980000000001,4.73549152497473,4.99434020705761,-2.05625595579514,-0.0258848682082879,-0.0258848682082876,-0.0258848682082875,0.0258848682082875
0.0031990000000001,4.74548072495246,4.9972733597934,-2.05877388214355,-0.0251792634840919,-0.0251792634840939,-0.0251792634840938,0.0251792634840938
0.0032000000000001,4.75528258147674,5.0000139811404,-2.06122119614019,-0.0244731399663678,-0.0244731399663658,-0.0244731399663658,0.0244731399663658
0.0032010000000001,4.76489670758705,5.00256194745471,-2.06359784853887,-0.0237665239867635,-0.0237665239867665,-0.0237665239867663,0.0237665239867664
0.0032020000000001,4.77432272373415,5.00491714266642,-2.06590379272819,-0.0230594418932251,-0.023059441893227,-0.0230594418932269,0.023059441893227
0.0032030000000001,4.78356025779507,5.00707945828433,-2.06813898473308,-0.0223519200489264,-0.0223519200489253,-0.0223519200489251,0.0223519200489252
0.0032040000000001,4.79260894508778,5.00904879340042,-2.07030338321621,-0.0216439848312655,-0.0216439848312636,-0.0216439848312635,0.0216439848312635
0.0032050000000001,4.8014684283856,5.01082505469406,-2.07239694947929,-0.0209356626308521,-0.0209356626308463,-0.0209356626308462,0.0209356626308462
0.0032060000000001,4.8101383579313,5.01240815643586,-2.07441964746434,-0.0202269798504595,-0.0202269798504563,-0.0202269798504561,0.0202269798504561
0.0032070000000001,4.8186183914509,5.01379802049121,-2.07637144375474,-0.0195179629040343,-0.0195179629040317,-0.0195179629040315,0.0195179629040315
0.0032080000000001,4.8269081941672,5.01499457632362,-2.07825230757631,-0.0188086382156438,-0.0188086382156417,-0.0188086382156416,0.0188086382156415
0.0032090000000001,4.83500743881299,5.01599776099761,-2.08006221079815,-0.0180990322184638,-0.0180990322184621,-0.0180990322184621,0.0180990322184621
0.0032100000000001,4.84291580564395,5.01680751918146,-2.08180112793353,-0.0173891713537522,-0.0173891713537506,-0.0173891713537505,0.0173891713537505
0.0032110000000001,4.85063298245131,5.01742380314952,-2.08346903614051,-0.0166790820698237,-0.0166790820698216,-0.0166790820698215,0.0166790820698214
0.0032120000000001,4.85815866457413,5.01784657278434,-2.08506591522261,-0.0159687908210193,-0.0159687908210209,-0.0159687908210208,0.0159687908210209
0.0032130000000001,4.86549255491137,5.01807579557837,-2.08659174762928,-0.0152583240666981,-0.0152583240667001,-0.0152583240667001,0.0152583240667001
0.0032140000000001,4.87263436393361,5.01811144663551,-2.0880465184563,-0.0145477082701939,-0.014547708270191,-0.0145477082701909,0.0145477082701909
0.0032150000000001,4.87958380969444,5.01795350867223,-2.08943021544608,-0.0138369698977803,-0.0138369698977791,-0.0138369698977791,0.0138369698977791
0.0032160000000001,4.88634061784165,5.01760197201843,-2.09074282898785,-0.0131261354176804,-0.0131261354176785,-0.0131261354176784,0.0131261354176784
0.0032170000000001,4.89290452162802,5.01705683461807,-2.09198435211775,-0.0124152312990056,-0.0124152312990049,-0.0124152312990049,0.0124152312990049
0.0032180000000001,4.89927526192188,5.01631810202938,-2.09315478051882,-0.0117042840107517,-0.0117042840107501,-0.0117042840107501,0.0117042840107501
0.0032190000000001,4.9054525872173,5.01538578742485,-2.0942541125209,-0.0109933200207557,-0.0109933200207555,-0.0109933200207554,0.0109933200207554
0.0032200000000001,4.91143625364405,5.01425991159091,-2.09528234910037,-0.0102823657946916,-0.0102823657946864,-0.0102823657946863,0.0102823657946863
0.0032210000000001,4.91722602497724,5.01294050292729,-2.09623949387987,-0.00957144779500485,-0.00957144779500568,-0.00957144779500565,0.00957144779500563
0.0032220000000001,4.92282167264659,5.01142759744608,-2.09712555312786,-0.00886059247994897,-0.00886059247994829,-0.00886059247994826,0.0088605924799483
0.0032230000000001,4.92822297574554,5.00972123877049,-2.09794053575811,-0.00814982630249705,-0.00814982630249543,-0.00814982630249537,0.00814982630249539
0.0032240000000001,4.93342972103987,5.00782147813336,-2.09868445332905,-0.00743917570935171,-0.00743917570934919,-0.00743917570934904,0.00743917570934904
0.0032250000000001,4.9384417029762,5.00572837437527,-2.09935732004304,-0.00672866713991471,-0.00672866713990735,-0.00672866713990734,0.00672866713990739
0.0032260000000001,4.94325872369006,5.00344199394245,-2.09995915274556,-0.00601832702523897,-0.00601832702523855,-0.00601832702523852,0.00601832702523852
0.0032270000000001,4.94788059301372,5.0009624108843,-2.10048997092427,-0.00530818178706038,-0.0053081817870577,-0.00530818178705763,0.00530818178705761
0.0032280000000001,4.95230712848371,4.99828970685072,-2.10094979670794,-0.00459825783670098,-0.00459825783670183,-0.00459825783670178,0.00459825783670181
0.0032290000000001,4.95653815534796,4.99542397108903,-2.10133865486535,-0.00388858157410521,-0.00388858157410639,-0.00388858157410628,0.00388858157410626
0.0032300000000001,4.9605735065728,4.99236530044062,-2.10165657280403,-0.00317917938678747,-0.00317917938678193,-0.00317917938678187,0.00317917938678186
0.0032310000000001,4.96441302284946,4.98911379933737,-2.10190358056891,-0.00247007764879292,-0.0024700776487913,-0.00247007764879115,0.00247007764879115
0.0032320000000001,4.96805655260041,4.98566957979769,-2.10207971084088,-0.00176130271972941,-0.00176130271972744,-0.00176130271972736,0.00176130271972735
0.0032330000000001,4.97150395198535,4.98203276142226,-2.10218499893525,-0.00105288094369271,-0.00105288094369169,-0.00105288094369165,0.0010528809436916
0.0032340000000001,4.97475508490683,4.97820347138956,-2.10221948280008,-0.000344838648271839,-0.000344838648272728,-0.000344838648272638,0.000344838648272616
0.00323500000000011,4.97780982301571,4.97418184445097,-2.10218320301443,0.000362797856472419,0.000362797856473812,0.00036279785647384,-0.000362797856473862
0.00323600000000011,4.98066804571615,4.9699680229257,-2.10207620278653,0.00107000227904663,0.00107000227904503,0.00107000227904512,-0.00107000227904508
0.00323700000000011,4.98332964017042,4.96556215669532,-2.10189852795178,0.00177674834750619,0.00177674834750974,0.00177674834750983,-0.00177674834750985
0.00323800000000011,4.98579450130332,4.96096440319805,-2.10165022697072,0.00248300981052996,0.00248300981052662,0.00248300981052676,-0.00248300981052679
0.00323900000000011,4.98806253180635,4.95617492742274,-2.10133135092689,0.00318876043835736,0.00318876043836158,0.00318876043836172,-0.00318876043836169
0.00324000000000011,4.99013364214157,4.95119390190252,-2.1009419535245,0.00389397402390301,0.00389397402390429,0.00389397402390435,-0.00389397402390435
0.00324100000000011,4.99200775054506,4.94602150670822,-2.10048209108613,0.00459862438368042,0.00459862438368372,0.00459862438368379,-0.0045986243836838
0.00324200000000011,4.99368478303025,4.94065792944143,-2.09995182255024,0.00530268535888112,0.00530268535888289,0.00530268535888299,-0.00530268535888295
0.00324300000000011,4.99516467339077,4.93510336522724,-2.09935120946861,0.00600613081635171,0.00600613081635247,0.0060061308163526,-0.0060061308163526
0.00324400000000011,4.99644736320307,4.92935801670684,-2.09868031600364,0.00670893464961964,0.00670893464962352,0.00670893464962363,-0.00670893464962363
0.00324500000000011,4.99753280182876,4.92342209402957,-2.09793920892565,0.00741107077991465,0.00741107077991905,0.00741107077991909,-0.00741107077991909
0.00324600000000011,4.99842094641658,4.91729581484494,-2.09712795760994,0.00811251315716799,0.00811251315716453,0.00811251315716461,-0.00811251315716466
0.00324700000000011,4.99911176190411,4.91097940429413,-2.09624663403384,0.00881323576099824,0.00881323576099733,0.00881323576099744,-0.00881323576099746
0.00324800000000011,4.99960522101912,4.90447309500137,-2.09529531277366,0.0095132126017683,0.00951321260177484,0.00951321260177487,-0.0095132126017749
0.00324900000000011,4.99990130428071,4.89777712706489,-2.0942740710015,0.0102124177215845,0.0102124177215815,0.0102124177215815,-0.0102124177215815
0.00325000000000011,5,4.89089174804765,-2.09318298848198,0.0109108251952339,0.0109108251952344,0.0109108251952345,-0.0109108251952345
0.00325100000000011,4.99990130428066,4.88381721296778,-2.09202214756885,0.0116084091312851,0.0116084091312881,0.0116084091312882,-0.0116084091312882
0.00325200000000011,4.99960522101904,4.87655378428867,-2.09079163320154,0.0123051436730393,0.0123051436730371,0.0123051436730372,-0.0123051436730373
0.00325300000000011,4.99911176190398,4.8691017319088,-2.08949153290159,0.0130010029995153,0.0130010029995182,0.0130010029995182,-0.0130010029995182
0.00325400000000011,4.99842094641641,4.86146133315131,-2.08812193676894,0.0136959613265075,0.0136959613265102,0.0136959613265103,-0.0136959613265103
0.00325500000000011,4.99753280182855,4.85363287275322,-2.08668293747819,0.0143899929075353,0.0143899929075333,0.0143899929075334,-0.0143899929075335
0.00325600000000011,4.99644736320282,4.84561664285436,-2.0851746302747,0.0150830720348427,0.0150830720348462,0.0150830720348464,-0.0150830720348463
0.00325700000000011,4.99516467339047,4.83741294298606,-2.08359711297066,0.0157751730404421,0.0157751730404419,0.015775173040442,-0.015775173040442
0.00325800000000011,4.99368478302992,4.8290220800595,-2.08195048594096,0.0164662702970375,0.016466270297042,0.016466270297042,-0.016466270297042
0.00325900000000011,4.99200775054468,4.82044436835379,-2.08023485211905,0.0171563382190909,0.0171563382190892,0.0171563382190893,-0.0171563382190893
0.00326000000000011,4.99013364214114,4.81168012950375,-2.07845031699267,0.0178453512637322,0.0178453512637389,0.017845351263739,-0.0178453512637389
0.00326100000000011,4.98806253180589,4.80272969248741,-2.07659698859949,0.0185332839318431,0.0185332839318476,0.0185332839318477,-0.0185332839318477
0.00326200000000011,4.98579450130281,4.7935933936132,-2.07467497752259,0.0192201107689582,0.0192201107689612,0.0192201107689613,-0.0192201107689613
0.00326300000000011,4.98332964016987,4.78427157650687,-2.07268439688596,0.0199058063663005,0.0199058063663004,0.0199058063663006,-0.0199058063663005
0.00326400000000011,4.98066804571556,4.77476459209811,-2.07062536234979,0.0205903453617395,0.0205903453617452,0.0205903453617453,-0.0205903453617453
0.00326500000000011,4.97780982301508,4.76507279860691,-2.06849799210571,0.0212737024408138,0.0212737024408165,0.0212737024408166,-0.0212737024408166
0.00326600000000011,4.97475508490616,4.75519656152959,-2.06630240687194,0.021955852337654,0.0219558523376567,0.0219558523376567,-0.0219558523376567
0.00326700000000011,4.97150395198463,4.74513625362455,-2.06403872988834,0.0226367698360086,0.0226367698360079,0.0226367698360081,-0.022636769836008
0.00326800000000011,4.96805655259965,4.73489225489777,-2.06170708691132,0.0233164297701904,0.0233164297701889,0.0233164297701889,-0.0233164297701889
0.00326900000000011,4.96441302284866,4.72446495258797,-2.05930760620872,0.0239948070260709,0.0239948070260685,0.0239948070260686,-0.0239948070260687
0.00327000000000011,4.96057350657196,4.71385474115157,-2.05684041855451,0.0246718765420395,0.0246718765420391,0.0246718765420392,-0.0246718765420392
0.00327100000000011,4.95653815534708,4.70306202224722,-2.05430565722351,0.0253476133099895,0.0253476133099862,0.0253476133099863,-0.0253476133099863
0.00327200000000011,4.95230712848278,4.69208720472021,-2.05170345798589,0.026021992376255,0.0260219923762568,0.026021992376257,-0.026021992376257
0.00327300000000011,4.94788059301276,4.6809307045865,-2.04903395910163,0.0266949888426238,0.0266949888426256,0.0266949888426257,-0.0266949888426257
0.00327400000000011,4.94325872368905,4.66959294501646,-2.0462973013149,0.027366577867256,0.0273665778672588,0.0273665778672589,-0.0273665778672589
0.00327500000000011,4.93844170297515,4.65807435631839,-2.04349362784833,0.0280367346656751,0.0280367346656755,0.0280367346656755,-0.0280367346656755
0.00327600000000011,4.93342972103878,4.6463753759217,-2.04062308439716,0.0287054345117088,0.0287054345117073,0.0287054345117074,-0.0287054345117074
0.00327700000000011,4.9282229757444,4.63449644835985,-2.03768581912332,0.029372652738453,0.0293726527384557,0.0293726527384558,-0.0293726527384557
0.00327800000000011,4.92282167264542,4.62243802525296,-2.03468198264939,0.0300383647392444,0.0300383647392459,0.0300383647392459,-0.0300383647392459
0.00327900000000011,4.91722602497602,4.61020056529021,-2.03161172805253,0.030702545968575,0.0307025459685802,0.0307025459685803,-0.0307025459685803
0.00328000000000011,4.91143625364279,4.59778453421192,-2.02847521085823,0.031365171943083,0.0313651719430872,0.0313651719430872,-0.0313651719430872
0.00328100000000011,4.905452587216,4.5851904047913,-2.02527258903398,0.0320262182424669,0.0320262182424697,0.0320262182424698,-0.0320262182424698
0.00328200000000011,4.89927526192054,4.57241865681604,-2.02200402298293,0.0326856605104497,0.0326856605104496,0.0326856605104497,-0.0326856605104497
0.00328300000000011,4.89290452162664,4.55946977706954,-2.01866967553736,0.0333434744557071,0.0333434744557103,0.0333434744557104,-0.0333434744557103
0.00328400000000011,4.88634061784022,4.54634425931186,-2.01526971195208,0.0339996358528305,0.0339996358528367,0.0339996358528368,-0.0339996358528368
0.00328500000000011,4.87958380969297,4.53304260426045,-2.01180429989776,0.0346541205432516,0.0346541205432525,0.0346541205432526,-0.0346541205432526
0.00328600000000011,4.8726343639321,4.51956531957055,-2.00827360945414,0.035306904436152,0.035306904436155,0.0353069044361551,-0.035306904436155
0.00328700000000011,4.86549255490982,4.50591291981535,-2.0046778131032,0.0359579635094454,0.0359579635094468,0.035957963509447,-0.0359579635094469
0.00328800000000011,4.85815866457254,4.49208592646588,-2.00101708572213,0.0366072738106604,0.0366072738106656,0.0366072738106658,-0.0366072738106658
0.00328900000000011,4.85063298244967,4.47808486787057,-1.99729160457634,0.0372548114579119,0.0372548114579103,0.0372548114579105,-0.0372548114579104
0.00329000000000011,4.84291580564228,4.46391027923463,-1.99350154931226,0.0379005526407594,0.037900552640765,0.0379005526407651,-0.0379005526407651
0.00329100000000011,4.83500743881128,4.44956270259908,-1.98964710195014,0.0385444736212159,0.03854447362122,0.03854447362122,-0.03854447362122
0.00329200000000011,4.82690819416545,4.43504268681955,-1.98572844687668,0.0391865507345868,0.0391865507345896,0.0391865507345897,-0.0391865507345897
0.00329300000000011,4.8186183914491,4.42035078754482,-1.98174577083764,0.0398267603904268,0.0398267603904278,0.0398267603904279,-0.0398267603904279
0.00329400000000011,4.81013835792946,4.40548756719506,-1.9776992629303,0.0404650790734395,0.0404650790734404,0.0404650790734404,-0.0404650790734404
0.00329500000000011,4.80146842838373,4.39045359493979,-1.97358911459586,0.0411014833443923,0.0411014833443939,0.0411014833443939,-0.041101483344394
0.00329600000000011,4.79260894508587,4.37524944667564,-1.96941551961175,0.0417359498410241,0.0417359498410227,0.0417359498410227,-0.0417359498410227
0.00329700000000011,4.78356025779312,4.3598757050038,-1.96517867408386,0.0423684552789294,0.0423684552789314,0.0423684552789315,-0.0423684552789316
0.00329800000000011,4.77432272373216,4.3443329592072,-1.96087877643861,0.0429989764524952,0.042998976452496,0.0429989764524961,-0.0429989764524961
0.00329900000000011,4.76489670758501,4.32862180522741,-1.95651602741504,0.0436274902357559,0.0436274902357603,0.0436274902357604,-0.0436274902357603
0.00330000000000011,4.75528258147467,4.31274284564136,-1.9520906300567,0.0442539735833258,0.0442539735833301,0.0442539735833302,-0.0442539735833302
0.00330100000000011,4.74548072495035,4.29669668963771,-1.94760278970358,0.0448784035312633,0.0448784035312642,0.0448784035312642,-0.0448784035312643
0.00330200000000011,4.73549152497257,4.28048395299295,-1.94305271398378,0.0455007571979604,0.0455007571979619,0.0455007571979619,-0.0455007571979619
0.00330300000000011,4.72531537589785,4.26410525804738,-1.93844061280528,0.0461210117850475,0.0461210117850471,0.0461210117850472,-0.0461210117850472
0.00330400000000011,4.71495267946313,4.24756123368063,-1.93376669834745,0.0467391445782495,0.04673914457825,0.04673914457825,-0.04673914457825
0.00330500000000011,4.70440384476991,4.23085251528707,-1.92903118505262,0.0473551329482858,0.0473551329482839,0.0473551329482841,-0.047355132948284
0.00330600000000011,4.69366928826813,4.21397974475092,-1.92423428961745,0.0479689543517159,0.0479689543517208,0.0479689543517209,-0.0479689543517208
0.00330700000000011,4.6827494337397,4.19694357042109,-1.91937623098427,0.0485805863318589,0.0485805863318613,0.0485805863318614,-0.0485805863318614
0.00330800000000011,4.67164471228178,4.17974464708574,-1.9144572303323,0.0491900065196016,0.0491900065196031,0.0491900065196032,-0.0491900065196032
0.00330900000000011,4.66035556228975,4.1623836359467,-1.90947751106887,0.0497971926343022,0.0497971926343047,0.0497971926343047,-0.0497971926343048
0.00331000000000011,4.64888242943993,4.14486120459347,-1.90443729882041,0.0504021224846429,0.0504021224846461,0.0504021224846461,-0.0504021224846462
0.00331100000000012,4.63722576667196,4.12717802697709,-1.89933682142346,0.0510047739694852,0.0510047739694861,0.0510047739694862,-0.0510047739694862
0.00331200000000012,4.62538603417092,4.10933478338375,-1.89417630891559,0.0516051250787153,0.0516051250787161,0.0516051250787162,-0.0516051250787162
0.00331300000000012,4.61336369934918,4.09133216040808,-1.88895599352618,0.0522031538941081,0.0522031538941095,0.0522031538941095,-0.0522031538941096
0.00331400000000012,4.60115923682793,4.07317085092624,-1.88367610966716,0.052798838590169,0.0527988385901688,0.0527988385901689,-0.0527988385901689
0.00331500000000012,4.58877312841846,4.05485155406878,-1.87833689392367,0.0533921574349638,0.0533921574349681,0.0533921574349681,-0.0533921574349681
0.00331600000000012,4.57620586310312,4.0363749751932,-1.87293858504457,0.0539830887909898,0.0539830887909919,0.0539830887909919,-0.0539830887909919
0.00331700000000012,4.56345793701603,4.01774182585632,-1.86748142393297,0.05457161111597,0.0545716111159708,0.0545716111159708,-0.0545716111159708
0.00331800000000012,4.55052985342347,3.99895282378634,-1.8619656536366,0.0551577029637129,0.0551577029637131,0.0551577029637131,-0.0551577029637131
0.00331900000000012,4.53742212270405,3.98000869285473,-1.85639151933811,0.0557413429849274,0.0557413429849324,0.0557413429849325,-0.0557413429849324
0.00332000000000012,4.52413526232854,3.96091016304782,-1.8507592683453,0.0563225099280706,0.0563225099280717,0.0563225099280718,-0.0563225099280718
0.00332100000000012,4.51066979683944,3.9416579704382,-1.84506915008129,0.0569011826401233,0.0569011826401236,0.0569011826401237,-0.0569011826401237
0.00332200000000012,4.49702625783025,3.92225285715579,-1.83932141607454,0.0574773400674444,0.0574773400674467,0.0574773400674467,-0.0574773400674467
0.00332300000000012,4.48320518392456,3.90269557135878,-1.83351631994888,0.0580509612565772,0.0580509612565775,0.0580509612565775,-0.0580509612565775
0.00332400000000012,4.46920712075467,3.88298686720428,-1.82765411741338,0.0586220253550374,0.0586220253550392,0.0586220253550393,-0.0586220253550393
0.00332500000000012,4.45503262094017,3.86312750481871,-1.82173506625217,0.0591905116121438,0.0591905116121463,0.0591905116121464,-0.0591905116121464
0.00332600000000012,4.44068224406603,3.84311825026799,-1.81575942631419,0.0597563993798045,0.0597563993798045,0.0597563993798046,-0.0597563993798046
0.00332700000000012,4.42615655666056,3.82295987552749,-1.80972745950286,0.0603196681133067,0.0603196681133076,0.0603196681133077,-0.0603196681133076
0.00332800000000012,4.41145613217303,3.80265315845174,-1.80363942976564,0.0608802973721279,0.0608802973721293,0.0608802973721294,-0.0608802973721294
0.00332900000000012,4.39658155095102,3.7821988827439,-1.79749560308357,0.0614382668207125,0.0614382668207121,0.0614382668207121,-0.0614382668207121
0.00333000000000012,4.38153340021754,3.76159783792503,-1.79129624746065,0.0619935562292495,0.0619935562292506,0.0619935562292507,-0.0619935562292507
0.00333100000000012,4.3663122740478,3.74085081930308,-1.7850416329132,0.0625461454744713,0.0625461454744723,0.0625461454744723,-0.0625461454744723
0.00333200000000012,4.3509187733458,3.71995862794168,-1.77873203145916,0.0630960145404114,0.0630960145404124,0.0630960145404124,-0.0630960145404124
0.00333300000000012,4.3353535058206,3.69892207062874,-1.77236771710724,0.0636431435191853,0.063643143519186,0.063643143519186,-0.063643143519186
0.00333400000000012,4.31961708596231,3.67774195984476,-1.76594896584606,0.0641875126117553,0.0641875126117551,0.0641875126117551,-0.0641875126117551
0.00333500000000012,4.30371013501783,3.65641911373091,-1.75947605563319,0.0647291021286933,0.0647291021286915,0.0647291021286915,-0.0647291021286915
0.00333600000000012,4.28763328096635,3.63495435605699,-1.7529492663841,0.0652678924909322,0.0652678924909356,0.0652678924909356,-0.0652678924909357
0.00333700000000012,4.27138715849454,3.61334851618903,-1.74636887996105,0.0658038642305492,0.0658038642305506,0.0658038642305507,-0.0658038642305506
0.00333800000000012,4.2549724089715,3.59160242905678,-1.7397351801619,0.0663369979914696,0.0663369979914725,0.0663369979914725,-0.0663369979914725
0.00333900000000012,4.23838968042344,3.56971693512088,-1.73304845270887,0.0668672745302579,0.0668672745302554,0.0668672745302555,-0.0668672745302555
0.00334000000000012,4.22163962750807,3.54769288033994,-1.72630898523719,0.0673946747168119,0.0673946747168132,0.0673946747168133,-0.0673946747168133
0.00334100000000012,4.20472291148882,3.52553111613727,-1.71951706728368,0.0679191795351541,0.0679191795351553,0.0679191795351553,-0.0679191795351553
0.00334200000000012,4.18764020020866,3.50323249936747,-1.71267299027527,0.0684407700841194,0.0684407700841195,0.0684407700841196,-0.0684407700841196
0.00334300000000012,4.17039216806379,3.48079789228279,-1.70577704751746,0.0689594275780969,0.0689594275780996,0.0689594275780996,-0.0689594275780996
0.00334400000000012,4.15297949597697,3.4582281624993,-1.69882953418268,0.0694751333477672,0.0694751333477678,0.0694751333477678,-0.0694751333477678
0.00334500000000012,4.1354028713707,3.43552418296276,-1.6918307472986,0.0699878688407951,0.0699878688407939,0.069987868840794,-0.069987868840794
0.00334600000000012,4.11766298814,3.41268683191441,-1.68478098573634,0.0704976156225579,0.070497615622559,0.070497615622559,-0.070497615622559
0.00334700000000012,4.09976054662511,3.38971699285646,-1.67768055019866,0.0710043553768647,0.0710043553768645,0.0710043553768645,-0.0710043553768645
0.00334800000000012,4.08169625358374,3.36661555451737,-1.67052974320799,0.0715080699066362,0.071508069906637,0.0715080699066371,-0.0715080699066371
0.00334900000000012,4.06347082216327,3.34338341081699,-1.66332886909453,0.0720087411346282,0.0720087411346282,0.0720087411346282,-0.0720087411346282
0.00335000000000012,4.04508497187252,3.32002146083142,-1.65607823398412,0.0725063511041091,0.0725063511041098,0.0725063511041098,-0.0725063511041098
0.00335100000000012,4.02653942855337,3.29653060875773,-1.64877814578616,0.0730008819795658,0.0730008819795642,0.0730008819795642,-0.0730008819795642
0.00335200000000012,4.00783492435212,3.27291176387842,-1.64142891418143,0.0734923160473677,0.0734923160473702,0.0734923160473702,-0.0734923160473702
0.00335300000000012,3.98897219769057,3.24916584052573,-1.63403085060978,0.0739806357164818,0.0739806357164837,0.0739806357164838,-0.0739806357164838
0.00335400000000012,3.96995199323687,3.22529375804573,-1.62658426825787,0.074465823519112,0.0744658235191141,0.0744658235191141,-0.0744658235191141
0.00335500000000012,3.95077506187612,3.20129644076217,-1.61908948204673,0.0749478621113919,0.074947862111395,0.074947862111395,-0.074947862111395
0.00335600000000012,3.93144216068075,3.17717481794024,-1.61154680861932,0.0754267342740489,0.0754267342740509,0.075426734274051,-0.0754267342740509
0.00335700000000012,3.91195405288057,3.15292982374998,-1.60395656632802,0.0759024229130567,0.0759024229130588,0.0759024229130588,-0.0759024229130588
0.00335800000000012,3.89231150783273,3.12856239722969,-1.59631907522199,0.076374911060304,0.0763749110603039,0.0763749110603039,-0.0763749110603039
0.00335900000000012,3.87251530099126,3.10407348224893,-1.58863465703456,0.0768441818742294,0.0768441818742323,0.0768441818742323,-0.0768441818742323
0.00336000000000012,3.85256621387651,3.07946402747155,-1.58090363517051,0.0773102186404939,0.0773102186404965,0.0773102186404965,-0.0773102186404965
0.00336100000000012,3.83246503404429,3.05473498631832,-1.57312633469325,0.0777730047725966,0.0777730047725976,0.0777730047725976,-0.0777730047725976
0.00336200000000012,3.81221255505476,3.02988731692954,-1.565303082312,0.0782325238125203,0.0782325238125218,0.0782325238125218,-0.0782325238125218
0.00336300000000012,3.79180957644111,3.0049219821274,-1.55743420636887,0.0786887594313712,0.0786887594313714,0.0786887594313714,-0.0786887594313714
0.00336400000000012,3.771256903678,2.97983994937808,-1.54952003682587,0.0791416954299895,0.0791416954299918,0.0791416954299919,-0.0791416954299919
0.00336500000000012,3.75055534814976,2.95464219075383,-1.54156090525191,0.0795913157395911,0.0795913157395924,0.0795913157395924,-0.0795913157395924
0.00336600000000012,3.72970572711835,2.92932968289472,-1.53355714480967,0.0800376044223605,0.0800376044223628,0.0800376044223628,-0.0800376044223629
0.00336700000000012,3.70870886369111,2.90390340697027,-1.52550909024246,0.0804805456720836,0.0804805456720841,0.0804805456720842,-0.0804805456720841
0.00336800000000012,3.68756558678827,2.87836434864092,-1.51741707786099,0.0809201238147339,0.0809201238147343,0.0809201238147343,-0.0809201238147343
0.00336900000000012,3.66627673111018,2.85271349801929,-1.50928144553008,0.0813563233090875,0.0813563233090892,0.0813563233090893,-0.0813563233090893
0.00337000000000012,3.64484313710441,2.82695184963124,-1.50110253265535,0.0817891287473183,0.0817891287473179,0.0817891287473179,-0.0817891287473179
0.00337100000000012,3.62326565093257,2.80108040237684,-1.49288068016979,0.0822185248555707,0.0822185248555726,0.0822185248555725,-0.0822185248555726
0.00337200000000012,3.60154512443685,2.77510015949111,-1.48461623052034,0.0826444964945727,0.0826444964945737,0.0826444964945738,-0.0826444964945738
0.00337300000000012,3.57968241510645,2.74901212850455,-1.47630952765432,0.0830670286601887,0.0830670286601896,0.0830670286601897,-0.0830670286601897
0.00337400000000012,3.5576783860437,2.7228173212036,-1.46796091700592,0.0834861064840098,0.0834861064840106,0.0834861064840106,-0.0834861064840106
0.00337500000000012,3.53553390592999,2.69651675359081,-1.45957074548252,0.0839017152339161,0.0839017152339179,0.083901715233918,-0.0839017152339179
0.00337600000000012,3.51324984899148,2.67011144584501,-1.45113936145106,0.0843138403146471,0.0843138403146475,0.0843138403146475,-0.0843138403146476
0.00337700000000012,3.49082709496458,2.6436024222811,-1.44266711472422,0.0847224672683478,0.084722467268348,0.0847224672683481,-0.0847224672683481
0.00337800000000012,3.46826652906122,2.61699071130988,-1.43415435654671,0.0851275817751329,0.0851275817751337,0.0851275817751337,-0.0851275817751337
0.00337900000000012,3.44556904193392,2.5902773453976,-1.42560143958135,0.0855291696536309,0.0855291696536316,0.0855291696536316,-0.0855291696536317
0.00338000000000012,3.4227355296406,2.56346336102536,-1.4170087178952,0.0859272168615211,0.0859272168615237,0.0859272168615237,-0.0859272168615237
0.00338100000000012,3.39976689360923,2.5365497986484,-1.40837654694559,0.0863217094960822,0.0863217094960831,0.0863217094960831,-0.0863217094960831
0.00338200000000012,3.37666404060224,2.50953770265519,-1.39970528356612,0.0867126337947033,0.0867126337947052,0.0867126337947053,-0.0867126337947053
0.00338300000000012,3.3534278826807,2.48242812132636,-1.39099528595257,0.0870999761354319,0.0870999761354331,0.0870999761354331,-0.0870999761354332
0.00338400000000012,3.33005933716833,2.45522210679356,-1.38224691364883,0.0874837230374759,0.0874837230374773,0.0874837230374774,-0.0874837230374774
0.00338500000000012,3.30655932661532,2.42792071499801,-1.37346052753265,0.08786386116173,0.0878638611617304,0.0878638611617304,-0.0878638611617305
0.00338600000000013,3.28292877876182,2.40052500564907,-1.36463648980153,0.088240377311275,0.0882403773112755,0.0882403773112754,-0.0882403773112755
0.00338700000000013,3.25916862650141,2.37303604218252,-1.35577516395834,0.0886132584318888,0.0886132584318895,0.0886132584318896,-0.0886132584318896
0.00338800000000013,3.23527980784422,2.34545489171881,-1.34687691479708,0.0889824916125392,0.0889824916125411,0.0889824916125412,-0.0889824916125412
0.00338900000000013,3.2112632658799,2.31778262502108,-1.33794210838849,0.0893480640858813,0.0893480640858821,0.0893480640858821,-0.0893480640858821
0.00339000000000013,3.18711994874041,2.29002031645307,-1.32897111206562,0.0897099632287324,0.089709963228734,0.089709963228734,-0.089709963228734
0.00339100000000013,3.16285080956256,2.26216904393688,-1.31996429440937,0.0900681765625655,0.0900681765625686,0.0900681765625686,-0.0900681765625686
0.00339200000000013,3.13845680645043,2.23422988891059,-1.31092202523397,0.0904226917539819,0.090422691753983,0.0904226917539831,-0.0904226917539831
0.00339300000000013,3.11393890243747,2.20620393628578,-1.30184467557245,0.0907734966151685,0.0907734966151689,0.0907734966151689,-0.0907734966151689
0.00339400000000013,3.08929806544856,2.1780922744048,-1.29273261766201,0.0911205791043734,0.0911205791043755,0.0911205791043756,-0.0911205791043756
0.00339500000000013,3.06453526826175,2.14989599499807,-1.28358622492938,0.0914639273263651,0.0914639273263683,0.0914639273263683,-0.0914639273263683
0.00339600000000013,3.03965148846988,2.12161619314108,-1.27440587197609,0.091803529532879,0.09180352953288,0.09180352953288,-0.09180352953288
0.00339700000000013,3.01464770844195,2.09325396721138,-1.26519193456378,0.092139374123057,0.0921393741230575,0.0921393741230575,-0.0921393741230575
0.00339800000000013,2.98952491528441,2.06481041884539,-1.25594478959939,0.0924714496439005,0.092471449643902,0.092471449643902,-0.092471449643902
0.00339900000000013,2.96428410080209,2.03628665289505,-1.24666481512032,0.0927997447907014,0.0927997447907035,0.0927997447907035,-0.0927997447907036
0.00340000000000013,2.93892626145914,2.00768377738444,-1.23735239027958,0.0931242484074701,0.0931242484074699,0.09312424840747,-0.09312424840747
0.00340100000000013,2.91345239833964,1.97900290346614,-1.22800789533084,0.093444949487349,0.0934449494873496,0.0934449494873497,-0.0934449494873497
0.00340200000000013,2.88786351710808,1.95024514537759,-1.21863171161354,0.0937618371730453,0.0937618371730488,0.0937618371730488,-0.0937618371730488
0.00340300000000013,2.86216062796968,1.92141162039725,-1.20922422153781,0.0940749007572395,0.0940749007572423,0.0940749007572423,-0.0940749007572423
0.00340400000000013,2.83634474563049,1.89250344880069,-1.19978580856951,0.0943841296829784,0.0943841296829793,0.0943841296829793,-0.0943841296829793
0.00340500000000013,2.81041688925734,1.86352175381651,-1.19031685721511,0.0946895135440817,0.0946895135440824,0.0946895135440825,-0.0946895135440824
0.00340600000000013,2.78437808243761,1.8344676615822,-1.18081775300655,0.0949910420855415,0.0949910420855413,0.0949910420855414,-0.0949910420855413
0.00340700000000013,2.7582293531388,1.8053423010998,-1.17128888248616,0.0952887052038975,0.0952887052038999,0.0952887052038999,-0.0952887052039
0.00340800000000013,2.73197173366798,1.7761468041916,-1.1617306331914,0.095582492947639,0.0955824929476382,0.0955824929476383,-0.0955824929476383
0.00340900000000013,2.705606260631,1.74688230545552,-1.15214339363964,0.0958723955175467,0.0958723955175478,0.0958723955175478,-0.0958723955175478
0.00341000000000013,2.67913397489158,1.71754994222057,-1.14252755331293,0.0961584032671015,0.0961584032671011,0.0961584032671012,-0.0961584032671012
0.00341100000000013,2.65255592153025,1.6881508545021,-1.13288350264265,0.0964405067028129,0.0964405067028156,0.0964405067028157,-0.0964405067028156
0.00341200000000013,2.62587314980304,1.65868618495694,-1.12321163299419,0.0967186964846101,0.0967186964846108,0.0967186964846108,-0.0967186964846108
0.00341300000000013,2.5990867131001,1.6291570788385,-1.11351233665158,0.096992963426159,0.0969929634261598,0.0969929634261598,-0.0969929634261598
0.00341400000000013,2.57219766890406,1.59956468395171,-1.10378600680205,0.0972632984952337,0.0972632984952352,0.0972632984952352,-0.0972632984952352
0.00341500000000013,2.54520707874837,1.56991015060789,-1.09403303752065,0.0975296928140468,0.097529692814048,0.097529692814048,-0.0975296928140481
0.00341600000000013,2.5181160081753,1.54019463157949,-1.08425382375469,0.0977921376595803,0.0977921376595814,0.0977921376595814,-0.0977921376595814
0.00341700000000013,2.49092552669394,1.51041928205476,-1.0744487613083,0.098050624463919,0.0980506244639177,0.0980506244639178,-0.0980506244639178
0.00341800000000013,2.46363670773792,1.48058525959233,-1.06461824682684,0.0983051448145589,0.0983051448145597,0.0983051448145597,-0.0983051448145597
0.00341900000000013,2.43625062862311,1.45069372407566,-1.05476267778137,0.0985556904547447,0.0985556904547454,0.0985556904547454,-0.0985556904547454
0.00342000000000013,2.40876837050501,1.42074583766744,-1.04488245245299,0.098802253283754,0.0988022532837574,0.0988022532837574,-0.0988022532837574
0.00342100000000013,2.38119101833611,1.39074276476386,-1.03497796991727,0.099044825357224,0.0990448253572255,0.0990448253572255,-0.0990448253572255
0.00342200000000013,2.35351966082307,1.36068567194883,-1.02504963002853,0.099283398887422,0.0992833988874233,0.0992833988874233,-0.0992833988874233
0.00342300000000013,2.32575539038368,1.33057572794809,-1.01509783340417,0.0995179662435586,0.0995179662435585,0.0995179662435585,-0.0995179662435585
0.00342400000000013,2.29789930310381,1.30041410358323,-1.00512298140897,0.0997485199520565,0.0997485199520577,0.0997485199520577,-0.0997485199520577
0.00342500000000013,2.26995249869409,1.27020197172565,-0.995125476139281,0.0999750526968446,0.0999750526968442,0.0999750526968442,-0.0999750526968442
0.00342600000000013,2.2419160804465,1.2399405072504,-0.98510572040732,0.100197557319609,0.10019755731961,0.10019755731961,-0.10019755731961
0.00342700000000013,2.21379115519083,1.20963088699002,-0.975064117725312,0.10041602682008,0.100416026820082,0.100416026820082,-0.100416026820082
0.00342800000000013,2.18557883325097,1.17927428968818,-0.965001072289684,0.100630454356279,0.100630454356279,0.100630454356279,-0.100630454356279
0.00342900000000013,2.15728022840109,1.14887189595338,-0.954916988965207,0.10084083324477,0.100840833244771,0.100840833244771,-0.100840833244771
0.00343000000000013,2.12889645782164,1.11842488821245,-0.944812273269115,0.101047156960918,0.101047156960919,0.101047156960919,-0.101047156960919
0.00343100000000013,2.1004286420553,1.08793445066408,-0.934687331355203,0.101249419139122,0.101249419139121,0.101249419139121,-0.101249419139121
0.00343200000000013,2.07187790496267,1.05740176923223,-0.924542569997899,0.101447613573045,0.101447613573044,0.101447613573044,-0.101447613573044
0.00343300000000013,2.04324537367798,1.02682803151944,-0.914378396576313,0.101641734215853,0.101641734215854,0.101641734215854,-0.101641734215854
0.00343400000000013,2.01453217856454,0.996214426760178,-0.90419521905827,0.101831775180435,0.101831775180436,0.101831775180436,-0.101831775180436
0.00343500000000013,1.98573945317011,0.965562145773995,-0.893993445984309,0.102017730739612,0.102017730739612,0.102017730739612,-0.102017730739612
0.00343600000000013,1.95686833418221,0.93487238091872,-0.883773486451674,0.102199595326347,0.102199595326349,0.102199595326349,-0.102199595326349
0.00343700000000013,1.92791996138316,0.904146326043535,-0.873535750098278,0.102377363533963,0.102377363533963,0.102377363533963,-0.102377363533963
0.00343800000000013,1.89889547760517,0.873385176442015,-0.863280647086646,0.102551030116315,0.102551030116316,0.102551030116316,-0.102551030116316
0.00343900000000013,1.86979602868515,0.842590128805105,-0.853008588087846,0.102720589988003,0.102720589988005,0.102720589988005,-0.102720589988005
0.00344000000000013,1.84062276341953,0.81176238117404,-0.842719984265391,0.102886038224548,0.102886038224549,0.102886038224549,-0.102886038224549
0.00344100000000013,1.81137683351885,0.780903132893213,-0.832415247259135,0.103047370062563,0.103047370062564,0.103047370062564,-0.103047370062564
0.00344200000000013,1.78205939356237,0.750013584562992,-0.822094789169141,0.103204580899936,0.103204580899937,0.103204580899937,-0.103204580899937
0.00344300000000013,1.75267160095239,0.719094937992488,-0.811759022539542,0.103357666295991,0.103357666295991,0.103357666295991,-0.103357666295991
0.00344400000000013,1.72321461586867,0.688148396152271,-0.801408360342378,0.103506621971639,0.10350662197164,0.10350662197164,-0.10350662197164
0.00344500000000013,1.69368960122253,0.657175163127041,-0.791043215961423,0.103651443809547,0.103651443809549,0.103651443809549,-0.103651443809549
0.00344600000000013,1.66409772261099,0.626176444068261,-0.780664003175996,0.103792127854274,0.103792127854273,0.103792127854273,-0.103792127854273
0.00344700000000013,1.63444014827076,0.595153445146736,-0.770271136144756,0.103928670312402,0.103928670312402,0.103928670312402,-0.103928670312402
0.00344800000000013,1.60471804903208,0.564107373505163,-0.759865029389487,0.104061067552692,0.104061067552692,0.104061067552692,-0.104061067552692
0.00344900000000013,1.57493259827255,0.533039437210638,-0.749446097778868,0.10418931610619,0.104189316106191,0.104189316106191,-0.104189316106191
0.00345000000000013,1.54508497187075,0.50195084520712,-0.739014756512231,0.104313412666363,0.104313412666363,0.104313412666363,-0.104313412666363
0.00345100000000013,1.51517634815987,0.470842807267869,-0.728571421103311,0.1044333540892,0.1044333540892,0.1044333540892,-0.1044333540892
0.00345200000000013,1.48520790788116,0.43971653394785,-0.718116507363978,0.10454913739333,0.104549137393331,0.104549137393331,-0.104549137393331
0.00345300000000013,1.45518083413733,0.408573236536099,-0.707650431387966,0.104660759760123,0.104660759760124,0.104660759760124,-0.104660759760124
0.00345400000000013,1.42509631234584,0.377414127008066,-0.697173609534588,0.104768218533777,0.104768218533778,0.104768218533778,-0.104768218533778
0.00345500000000013,1.3949555301921,0.34624041797793,-0.686686458412447,0.104871511221416,0.104871511221417,0.104871511221417,-0.104871511221417
0.00345600000000013,1.36475967758257,0.315053322650884,-0.67618939486313,0.104970635493168,0.104970635493168,0.104970635493168,-0.104970635493168
0.00345700000000013,1.33450994659781,0.283854054775405,-0.665682835944906,0.105065589182241,0.10506558918224,0.10506558918224,-0.10506558918224
0.00345800000000013,1.3042075314454,0.252643828595489,-0.655167198916407,0.105156370284991,0.105156370284991,0.105156370284991,-0.105156370284991
0.00345900000000013,1.27385362841282,0.22142385880288,-0.644642901220307,0.105242976960993,0.105242976960994,0.105242976960994,-0.105242976960994
0.00346000000000013,1.24344943582017,0.190195360489276,-0.634110360466998,0.105325407533089,0.105325407533089,0.105325407533089,-0.105325407533089
0.00346100000000014,1.21299615397292,0.158959549098512,-0.623569994418254,0.105403660487441,0.105403660487441,0.105403660487441,-0.105403660487441
0.00346200000000014,1.1824949851145,0.127717640378739,-0.613022220970897,0.105477734473577,0.105477734473576,0.105477734473576,-0.105477734473576
0.00346300000000014,1.15194713337882,0.0964708503345827,-0.602467458140454,0.105547628304423,0.105547628304424,0.105547628304424,-0.105547628304424
0.00346400000000014,1.12135380474276,0.0652203951793015,-0.59190612404482,0.105613340956345,0.105613340956346,0.105613340956346,-0.105613340956346
0.00346500000000014,1.09071620697856,0.0339674912869236,-0.581338636887903,0.105674871569164,0.105674871569163,0.105674871569163,-0.105674871569163
0.00346600000000014,1.06003554960611,0.00271335514438647,-0.570765414943286,0.105732219446171,0.105732219446172,0.105732219446172,-0.105732219446172
0.00346700000000014,1.02931304384523,-0.0285407966963317,-0.560186876537871,0.105785384054156,0.105785384054156,0.105785384054156,-0.105785384054156
0.00346800000000014,0.998549902567851,-0.059793747666082,-0.549603440035531,0.105834365023394,0.105834365023393,0.105834365023393,-0.105834365023393
0.00346900000000014,0.967747340250108,-0.0910442812264197,-0.539015523820766,0.105879162147652,0.105879162147653,0.105879162147653,-0.105879162147653
0.00347000000000014,0.936906572924421,-0.122291180917472,-0.528423546282347,0.105919775384189,0.105919775384189,0.105919775384189,-0.105919775384189
0.00347100000000014,0.906028818131476,-0.153533230405808,-0.517827925796975,0.105956204853728,0.105956204853728,0.105956204853728,-0.105956204853728
0.00347200000000014,0.87511529487216,-0.184769213532304,-0.50722908071293,0.105988450840445,0.105988450840446,0.105988450840446,-0.105988450840446
0.00347300000000014,0.844167223559441,-0.215997914359998,-0.496627429333736,0.106016513791943,0.106016513791944,0.106016513791944,-0.106016513791944
0.00347400000000014,0.813185825970181,-0.247218117221938,-0.486023389901815,0.106040394319211,0.106040394319212,0.106040394319212,-0.106040394319212
0.00347500000000014,0.782172325196908,-0.278428606769023,-0.475417380582155,0.106060093196594,0.106060093196593,0.106060093196593,-0.106060093196593
0.00347600000000014,0.751127945599531,-0.309628168017829,-0.464809819445982,0.106075611361736,0.106075611361736,0.106075611361736,-0.106075611361736
0.00347700000000014,0.720053912756999,-0.340815586398417,-0.454201124454428,0.106086949915541,0.106086949915542,0.106086949915542,-0.106086949915542
0.00347800000000014,0.68895145341892,-0.371989647802136,-0.443591713442217,0.106094110122105,0.106094110122106,0.106094110122106,-0.106094110122106
0.00347900000000014,0.657821795457135,-0.403149138629393,-0.432982004101352,0.106097093408652,0.106097093408653,0.106097093408653,-0.106097093408653
0.00348000000000014,0.626666167817236,-0.43429284583742,-0.422372413964805,0.106095901365465,0.106095901365466,0.106095901365466,-0.106095901365466
0.00348100000000014,0.595485800470056,-0.465419556988002,-0.411763360390225,0.106090535745805,0.106090535745806,0.106090535745806,-0.106090535745806
0.00348200000000014,0.564281924363108,-0.496528060295198,-0.401155260543642,0.106080998465831,0.106080998465831,0.106080998465831,-0.106080998465831
0.00348300000000014,0.533055771371992,-0.527617144673024,-0.390548531383192,0.106067291604501,0.106067291604502,0.106067291604502,-0.106067291604502
0.00348400000000014,0.50180857425176,-0.558685599783116,-0.379943589642843,0.106049417403487,0.106049417403488,0.106049417403488,-0.106049417403488
0.00348500000000014,0.47054156658825,-0.58973221608236,-0.369340851816137,0.106027378267061,0.106027378267061,0.106027378267061,-0.106027378267061
0.00348600000000014,0.439255982749388,-0.620755784870492,-0.358740734139938,0.106001176761988,0.106001176761988,0.106001176761988,-0.106001176761988
0.00348700000000014,0.407953057836453,-0.651755098337667,-0.348143652578197,0.105970815617412,0.105970815617412,0.105970815617412,-0.105970815617412
0.00348800000000014,0.376634027635323,-0.682728949611991,-0.337550022805724,0.105936297724731,0.105936297724731,0.105936297724731,-0.105936297724731
0.00348900000000014,0.345300128567682,-0.713676132807017,-0.326960260191977,0.105897626137469,0.10589762613747,0.10589762613747,-0.10589762613747
0.00349000000000014,0.313952597642214,-0.744595443069201,-0.316374779784863,0.105854804071142,0.105854804071141,0.105854804071141,-0.105854804071141
0.00349100000000014,0.282592672405764,-0.77548567662532,-0.305793996294552,0.105807834903108,0.105807834903108,0.105807834903108,-0.105807834903108
0.00349200000000014,0.251221590894484,-0.806345630829848,-0.295218324077309,0.105756722172433,0.105756722172433,0.105756722172433,-0.105756722172433
0.00349300000000014,0.219840591584955,-0.837174104212284,-0.284648177119336,0.105701469579724,0.105701469579724,0.105701469579724,-0.105701469579724
0.00349400000000014,0.188450913345298,-0.867969896524437,-0.274083969020639,0.105642080986973,0.105642080986974,0.105642080986974,-0.105642080986974
0.00349500000000014,0.157053795386261,-0.898731808787665,-0.2635261129789,0.105578560417393,0.105578560417393,0.105578560417393,-0.105578560417393
0.00349600000000014,0.125650477212302,-0.929458643340057,-0.252975021773376,0.105510912055236,0.105510912055236,0.105510912055236,-0.105510912055236
0.00349700000000014,0.0942421985726512,-0.960149203883574,-0.242431107748814,0.105439140245622,0.105439140245623,0.105439140245623,-0.105439140245623
0.00349800000000014,0.0628301994123687,-0.990802295531124,-0.231894782799379,0.105363249494349,0.105363249494349,0.105363249494349,-0.105363249494349
0.00349900000000014,0.031415719823396,-1.0214167248536,-0.221366458352609,0.105283244467699,0.105283244467699,0.105283244467699,-0.105283244467699
0.00350000000000014,-4.40300438253258E-12,-1.05199129992682,-0.210846545353385,0.105199129992242,0.105199129992242,0.105199129992242,-0.105199129992242
0.00350100000000014,-0.0314157198322018,-1.08252483037849,-0.200335454247922,0.105110911054629,0.105110911054629,0.105110911054629,-0.105110911054629
0.00350200000000014,-0.062830199421174,-1.113016127435,-0.189833594967784,0.105018592801382,0.105018592801382,0.105018592801382,-0.105018592801382
0.00350300000000014,-0.0942421985814556,-1.14346400396822,-0.179341376913916,0.104922180538676,0.104922180538677,0.104922180538677,-0.104922180538677
0.00350400000000014,-0.125650477221106,-1.17386727454227,-0.168859208940704,0.104821679732116,0.104821679732117,0.104821679732117,-0.104821679732117
0.00350500000000014,-0.157053795395063,-1.20422475546011,-0.158387499340054,0.104717096006505,0.104717096006505,0.104717096006505,-0.104717096006505
0.00350600000000014,-0.188450913354098,-1.23453526481016,-0.147926655825493,0.104608435145606,0.104608435145606,0.104608435145606,-0.104608435145606
0.00350700000000014,-0.219840591593752,-1.26479762251282,-0.137477085516303,0.104495703091906,0.104495703091906,0.104495703091906,-0.104495703091906
0.00350800000000014,-0.251221590903279,-1.2950106503669,-0.127039194921666,0.104378905946362,0.104378905946362,0.104378905946362,-0.104378905946362
0.00350900000000014,-0.282592672414556,-1.325173172096,-0.116613389924852,0.104258049968145,0.104258049968145,0.104258049968145,-0.104258049968145
0.00351000000000014,-0.313952597651003,-1.35528401339482,-0.106200075767414,0.104133141574382,0.104133141574382,0.104133141574382,-0.104133141574382
0.00351100000000014,-0.345300128576467,-1.38534200197535,-0.095799657033425,0.104004187339888,0.104004187339888,0.104004187339888,-0.104004187339888
0.00351200000000014,-0.376634027644104,-1.415345967613,-0.085412537633736,0.10387119399689,0.10387119399689,0.10387119399689,-0.10387119399689
0.00351300000000014,-0.40795305784523,-1.44529474219273,-0.0750391207902611,0.10373416843475,0.10373416843475,0.10373416843475,-0.10373416843475
0.00351400000000014,-0.43925598275816,-1.47518715975492,-0.0646798090202934,0.103593117699676,0.103593117699676,0.103593117699676,-0.103593117699676
0.00351500000000014,-0.470541566597017,-1.50502205654136,-0.05433500412085,0.103448048994434,0.103448048994434,0.103448048994434,-0.103448048994434
0.00351600000000014,-0.501808574260522,-1.53479827104098,-0.0440051071530455,0.103298969678045,0.103298969678045,0.103298969678045,-0.103298969678045
0.00351700000000014,-0.533055771380748,-1.56451464403559,-0.033690518426497,0.103145887265485,0.103145887265485,0.103145887265485,-0.103145887265485
0.00351800000000014,-0.564281924371858,-1.59417001864554,-0.0233916374837602,0.102988809427368,0.102988809427368,0.102988809427368,-0.102988809427368
0.00351900000000014,-0.595485800478799,-1.62376324037519,-0.0131088630847962,0.102827743989639,0.102827743989639,0.102827743989639,-0.102827743989639
0.00352000000000014,-0.626666167825972,-1.6532931571584,-0.00284259319147198,0.102662698933243,0.102662698933243,0.102662698933243,-0.102662698933243
0.00352100000000014,-0.657821795465864,-1.68275861940384,0.00740677504790777,0.102493682393798,0.102493682393797,0.102493682393797,-0.102493682393797
0.00352200000000014,-0.688951453427642,-1.71215848004026,0.017638845314034,0.102320702661262,0.102320702661262,0.102320702661262,-0.102320702661262
0.00352300000000014,-0.720053912765713,-1.74149159456164,0.0278532221319932,0.102143768179593,0.102143768179593,0.102143768179593,-0.102143768179593
0.00352400000000014,-0.751127945608237,-1.7707568210722,0.0380495108866329,0.101962887546397,0.101962887546397,0.101962887546397,-0.101962887546397
0.00352500000000014,-0.782172325205606,-1.7999530203314,0.0482273178378909,0.10177806951258,0.10177806951258,0.10177806951258,-0.10177806951258
0.00352600000000014,-0.813185825978869,-1.82907905579873,0.0583862501360896,0.101589322981986,0.101589322981986,0.101589322981986,-0.101589322981986
0.00352700000000014,-0.84416722356812,-1.85813379367847,0.0685259158371931,0.101396657011035,0.101396657011035,0.101396657011035,-0.101396657011035
0.00352800000000014,-0.87511529488083,-1.8871161029643,0.0786459239180277,0.101200080808347,0.101200080808347,0.101200080808347,-0.101200080808347
0.00352900000000014,-0.906028818140136,-1.91602485548383,0.0887458842914647,0.100999603734369,0.100999603734369,0.100999603734369,-0.100999603734369
0.00353000000000014,-0.936906572933071,-1.944858925943,0.0988254078215639,0.100795235300993,0.100795235300993,0.100795235300993,-0.100795235300993
0.00353100000000014,-0.967747340258748,-1.97361719197037,0.10888410633868,0.100586985171162,0.100586985171162,0.100586985171162,-0.100586985171162
0.00353200000000014,-0.99854990257648,-2.00229853416128,0.118921592654528,0.10037486315848,0.10037486315848,0.10037486315848,-0.10037486315848
0.00353300000000014,-1.02931304385385,-2.03090183612195,0.128937480577209,0.10015887922681,0.10015887922681,0.10015887922681,-0.10015887922681
0.00353400000000014,-1.06003554961471,-2.05942598451338,0.138931384926196,0.0999390434898664,0.0999390434898663,0.0999390434898663,-0.0999390434898663
0.00353500000000014,-1.09071620698715,-2.08786986909517,0.148902921547276,0.0997153662108022,0.0997153662108021,0.0997153662108021,-0.0997153662108021
0.00353600000000014,-1.12135380475134,-2.11623238276927,0.158851707327455,0.0994878578017924,0.0994878578017924,0.0994878578017924,-0.0994878578017924
0.00353700000000015,-1.15194713338739,-2.14451242162348,0.168777360209816,0.0992565288236094,0.0992565288236091,0.0992565288236091,-0.0992565288236091
0.00353800000000015,-1.18249498512306,-2.17270888497496,0.178679499208335,0.0990213899851911,0.0990213899851908,0.0990213899851907,-0.0990213899851907
0.00353900000000015,-1.21299615398147,-2.20082067541354,0.188557744422656,0.0987824521432076,0.0987824521432072,0.0987824521432071,-0.0987824521432071
0.00354000000000015,-1.2434494358287,-2.22884669884487,0.198411717052818,0.0985397263016177,0.0985397263016174,0.0985397263016174,-0.0985397263016174
0.00354100000000015,-1.27385362842133,-2.25678586453356,0.20824103941394,0.098293223611223,0.0982932236112227,0.0982932236112226,-0.0982932236112226
0.00354200000000015,-1.3042075314539,-2.28463708514603,0.218045334950862,0.0980429553692133,0.098042955369213,0.098042955369213,-0.098042955369213
0.00354300000000015,-1.33450994660629,-2.31239927679338,0.227824228252732,0.0977889330187084,0.0977889330187084,0.0977889330187083,-0.0977889330187083
0.00354400000000015,-1.36475967759104,-2.34007135907398,0.237577345067562,0.0975311681482946,0.0975311681482942,0.0975311681482941,-0.0975311681482942
0.00354500000000015,-1.39495553020055,-2.36765225511606,0.247304312316717,0.0972696724915509,0.0972696724915509,0.0972696724915509,-0.0972696724915509
0.00354600000000015,-1.42509631235428,-2.39514089162006,0.257004758109375,0.0970044579265777,0.097004457926578,0.0970044579265779,-0.0970044579265779
0.00354700000000015,-1.45518083414576,-2.42253619890088,0.266678311756926,0.0967355364755124,0.0967355364755122,0.0967355364755122,-0.0967355364755122
0.00354800000000015,-1.48520790788957,-2.44983711092997,0.27632460378733,0.0964629203040407,0.0964629203040405,0.0964629203040404,-0.0964629203040404
0.00354900000000015,-1.51517634816826,-2.47704256537733,0.285943265959421,0.0961866217209068,0.0961866217209068,0.0961866217209068,-0.0961866217209068
0.00355000000000015,-1.54508497187912,-2.50415150365326,0.295533931277162,0.0959066531774139,0.0959066531774138,0.0959066531774137,-0.0959066531774137
0.00355100000000015,-1.5749325982809,-2.53116287095009,0.305096234003854,0.095623027266919,0.0956230272669184,0.0956230272669184,-0.0956230272669183
0.00355200000000015,-1.60471804904042,-2.55807561628365,0.314629809676286,0.0953357567243224,0.0953357567243224,0.0953357567243223,-0.0953357567243223
0.00355300000000015,-1.63444014827908,-2.58488869253465,0.324134295118842,0.0950448544255567,0.095044854425557,0.095044854425557,-0.095044854425557
0.00355400000000015,-1.6640977226193,-2.61160105648992,0.333609328457548,0.0947503333870625,0.0947503333870623,0.0947503333870623,-0.0947503333870622
0.00355500000000015,-1.69368960123082,-2.63821166888342,0.343054549134074,0.0944522067652609,0.0944522067652605,0.0944522067652605,-0.0944522067652605
0.00355600000000015,-1.72321461587694,-2.66471949443719,0.352469597919677,0.0941504878560251,0.0941504878560249,0.0941504878560248,-0.0941504878560248
0.00355700000000015,-1.75267160096064,-2.69112350190206,0.361854116929091,0.0938451900941423,0.0938451900941418,0.0938451900941417,-0.0938451900941417
0.00355800000000015,-1.78205939357059,-2.71742266409828,0.371207749634368,0.0935363270527689,0.0935363270527685,0.0935363270527684,-0.0935363270527685
0.00355900000000015,-1.81137683352706,-2.74361595795591,0.380530140878656,0.0932239124428857,0.093223912442885,0.093223912442885,-0.093223912442885
0.00356000000000015,-1.84062276342772,-2.76970236455512,0.38982093688993,0.0929079601127408,0.0929079601127405,0.0929079601127404,-0.0929079601127404
0.00356100000000015,-1.86979602869332,-2.79568086916627,0.39907978529466,0.0925884840472951,0.0925884840472944,0.0925884840472944,-0.0925884840472944
0.00356200000000015,-1.89889547761332,-2.82155046128984,0.408306335131425,0.0922654983676524,0.0922654983676523,0.0922654983676523,-0.0922654983676523
0.00356300000000015,-1.92791996139129,-2.84731013469625,0.417500236864475,0.0919390173304968,0.0919390173304962,0.0919390173304962,-0.0919390173304962
0.00356400000000015,-1.95686833419031,-2.87295888746541,0.426661142397226,0.0916090553275106,0.09160905532751,0.0916090553275099,-0.0916090553275099
0.00356500000000015,-1.98573945317819,-2.89849572202618,0.435788705085706,0.0912756268847981,0.0912756268847988,0.0912756268847988,-0.0912756268847988
0.00356600000000015,-2.01453217857259,-2.92391964519564,0.444882579751936,0.0909387466623046,0.090938746662304,0.090938746662304,-0.0909387466623041
0.00356700000000015,-2.04324537368602,-2.94922966821814,0.453942422697257,0.0905984294532125,0.0905984294532125,0.0905984294532125,-0.0905984294532125
0.00356800000000015,-2.07187790497069,-2.97442480680429,0.462967891715593,0.0902546901833601,0.0902546901833605,0.0902546901833605,-0.0902546901833605
0.00356900000000015,-2.10042864206329,-2.99950408116962,0.471958646106657,0.0899075439106339,0.0899075439106329,0.0899075439106329,-0.0899075439106329
0.00357000000000015,-2.12889645782961,-3.02446651607318,0.480914346689093,0.0895570058243572,0.0895570058243567,0.0895570058243567,-0.0895570058243567
0.00357100000000015,-2.15728022840903,-3.04931114085593,0.489834655813562,0.0892030912446912,0.0892030912446897,0.0892030912446897,-0.0892030912446897
0.00357200000000015,-2.18557883325889,-3.07403698947894,0.498719237375762,0.088845815622004,0.0888458156220043,0.0888458156220043,-0.0888458156220043
0.00357300000000015,-2.21379115519873,-3.09864310056138,0.507567756829389,0.0884851945362669,0.0884851945362652,0.0884851945362652,-0.0884851945362651
0.00357400000000015,-2.24191608045437,-3.12312851741841,0.516379881199029,0.088121243696403,0.0881212436964035,0.0881212436964034,-0.0881212436964034
0.00357500000000015,-2.26995249870194,-3.14749228809878,0.525155279092998,0.0877539789396842,0.0877539789396843,0.0877539789396843,-0.0877539789396843
0.00357600000000015,-2.29789930311163,-3.17173346542234,0.533893620716105,0.0873834162310705,0.0873834162310705,0.0873834162310704,-0.0873834162310704
0.00357700000000015,-2.32575539039147,-3.19585110701728,0.542594577882363,0.0870095716625807,0.0870095716625805,0.0870095716625805,-0.0870095716625804
0.00357800000000015,-2.35351966083083,-3.21984427535725,0.551257824027627,0.0866324614526426,0.086632461452642,0.086632461452642,-0.086632461452642
0.00357900000000015,-2.38119101834386,-3.24371203779826,0.559883034222171,0.086252101945441,0.08625210194544,0.0862521019454399,-0.0862521019454399
0.00358000000000015,-2.40876837051273,-3.26745346661533,0.568469885183197,0.0858685096102607,0.0858685096102601,0.0858685096102601,-0.0858685096102601
0.00358100000000015,-2.4362506286308,-3.29106763903908,0.57701805528728,0.0854817010408282,0.0854817010408275,0.0854817010408274,-0.0854817010408274
0.00358200000000015,-2.46363670774559,-3.31455363729199,0.585527224582744,0.0850916929546397,0.08509169295464,0.08509169295464,-0.08509169295464
0.00358300000000015,-2.49092552670157,-3.33791054862455,0.593997074801974,0.0846985021922975,0.0846985021922974,0.0846985021922973,-0.0846985021922973
0.00358400000000015,-2.51811600818291,-3.36113746535116,0.602427289373656,0.0843021457168247,0.0843021457168249,0.0843021457168248,-0.0843021457168249
0.00358500000000015,-2.54520707875595,-3.38423348488588,0.610817553434955,0.0839026406129939,0.0839026406129928,0.0839026406129928,-0.0839026406129927
0.00358600000000015,-2.57219766891162,-3.40719770977792,0.619167553843619,0.0835000040866318,0.0835000040866307,0.0835000040866306,-0.0835000040866306
0.00358700000000015,-2.59908671310762,-3.43002924774699,0.627476979190012,0.0830942534639367,0.083094253463937,0.0830942534639369,-0.083094253463937
0.00358800000000015,-2.62587314981054,-3.45272721171838,0.635745519809091,0.0826854061907845,0.0826854061907842,0.0826854061907842,-0.0826854061907842
0.00358900000000015,-2.65255592153772,-3.47529071985791,0.643972867792293,0.0822734798320202,0.0822734798320192,0.0822734798320192,-0.0822734798320192
0.00359000000000015,-2.67913397489902,-3.4977188956066,0.652158716999369,0.0818584920707599,0.0818584920707586,0.0818584920707585,-0.0818584920707585
0.00359100000000015,-2.7056062606384,-3.5200108677152,0.660302763070137,0.0814404607076813,0.0814404607076801,0.08144046070768,-0.0814404607076801
0.00359200000000015,-2.73197173367535,-3.54216577027844,0.668404703436168,0.0810194036603085,0.0810194036603086,0.0810194036603086,-0.0810194036603086
0.00359300000000015,-2.75822935314615,-3.56418274276913,0.676464237332398,0.0805953389622982,0.0805953389622985,0.0805953389622984,-0.0805953389622984
0.00359400000000015,-2.78437808244492,-3.58606093007203,0.684481065808669,0.0801682847627105,0.0801682847627104,0.0801682847627103,-0.0801682847627103
0.00359500000000015,-2.81041688926462,-3.60779948251747,0.692454891741197,0.079738259325286,0.0797382593252845,0.0797382593252844,-0.0797382593252844
0.00359600000000015,-2.83634474563774,-3.62939755591482,0.700385419843968,0.0793052810277084,0.0793052810277087,0.0793052810277086,-0.0793052810277086
0.00359700000000015,-2.8621606279769,-3.65085431158572,0.708272356680056,0.0788693683608832,0.0788693683608821,0.0788693683608821,-0.078869368360882
0.00359800000000015,-2.88786351711527,-3.67216891639702,0.716115410672874,0.0784305399281748,0.0784305399281751,0.0784305399281751,-0.0784305399281751
0.00359900000000015,-2.91345239834679,-3.69334054279363,0.723914292117342,0.077988814444685,0.077988814444684,0.0779888144446839,-0.077988814444684
0.00360000000000015,-2.93892626146627,-3.71436836883108,0.731668713190991,0.0775442107364821,0.0775442107364818,0.0775442107364818,-0.0775442107364818
0.00360100000000015,-2.96428410080918,-3.73525157820783,0.739378387964977,0.0770967477398654,0.0770967477398645,0.0770967477398645,-0.0770967477398645
0.00360200000000015,-2.98952491529146,-3.7559893602974,0.747043032415037,0.0766464445005943,0.0766464445005933,0.0766464445005932,-0.0766464445005932
0.00360300000000015,-3.01464770844898,-3.7765809101803,0.75466236443235,0.0761933201731324,0.076193320173132,0.076193320173132,-0.076193320173132
0.00360400000000015,-3.03965148847687,-3.79702542867568,0.762236103834338,0.0757373940198813,0.075737394019881,0.0757373940198809,-0.0757373940198809
0.00360500000000015,-3.06453526826871,-3.81732212237277,0.769763972375379,0.0752786854104071,0.0752786854104062,0.0752786854104062,-0.0752786854104062
0.00360600000000015,-3.08929806545548,-3.83747020366212,0.777245693757445,0.0748172138206649,0.0748172138206643,0.0748172138206642,-0.0748172138206642
0.00360700000000015,-3.11393890244436,-3.85746889076659,0.784680993640668,0.0743529988322245,0.0743529988322235,0.0743529988322235,-0.0743529988322235
0.00360800000000015,-3.13845680645728,-3.87731740777209,0.792069599653816,0.0738860601314806,0.073886060131481,0.0738860601314809,-0.0738860601314809
0.00360900000000015,-3.16285080956938,-3.89701498465813,0.799411241404703,0.0734164175088758,0.0734164175088747,0.0734164175088746,-0.0734164175088746
0.00361000000000015,-3.18711994874719,-3.91656085732812,0.806705650490513,0.0729440908580947,0.0729440908580928,0.0729440908580927,-0.0729440908580927
0.00361100000000015,-3.21126326588665,-3.93595426763943,0.81395256050804,0.0724691001752775,0.0724691001752781,0.072469100175278,-0.072469100175278
0.00361200000000016,-3.23527980785093,-3.95519446343322,0.821151707063863,0.0719914655582288,0.0719914655582283,0.0719914655582283,-0.0719914655582283
0.00361300000000016,-3.25916862650809,-3.97428069856402,0.828302827784423,0.0715112072055957,0.0715112072055935,0.0715112072055935,-0.0715112072055935
0.00361400000000016,-3.28292877876846,-3.99321223292914,0.83540566232603,0.0710283454160698,0.071028345416068,0.0710283454160679,-0.071028345416068
0.00361500000000016,-3.30655932662192,-4.01198833249772,0.842459952384788,0.0705429005875802,0.0705429005875797,0.0705429005875797,-0.0705429005875797
0.00361600000000016,-3.3300593371749,-4.03060826933965,0.849465441706435,0.0700548932164757,0.0700548932164751,0.070054893216475,-0.070054893216475
0.00361700000000016,-3.35342788268723,-4.04907132165423,0.856421876096106,0.069564343896702,0.0695643438967001,0.0695643438967,-0.0695643438967
0.00361800000000016,-3.37666404060873,-4.06737677379851,0.863329003428003,0.069071273318978,0.0690712733189775,0.0690712733189774,-0.0690712733189774
0.00361900000000016,-3.39976689361569,-4.08552391631549,0.870186573655001,0.0685757022699796,0.0685757022699804,0.0685757022699803,-0.0685757022699803
0.00362000000000016,-3.42273552964702,-4.10351204596204,0.876994338818152,0.0680776516315018,0.0680776516315024,0.0680776516315024,-0.0680776516315024
0.00362100000000016,-3.4455690419403,-4.12134046573653,0.883752053056114,0.0675771423796256,0.0675771423796231,0.0675771423796231,-0.067577142379623
0.00362200000000016,-3.46826652906756,-4.13900848490627,0.890459472614501,0.0670741955838716,0.0670741955838711,0.067074195583871,-0.067074195583871
0.00362300000000016,-3.49082709497088,-4.1565154190347,0.89711635585514,0.0665688324063829,0.0665688324063821,0.066568832406382,-0.066568832406382
0.00362400000000016,-3.51324984899775,-4.17386059000829,0.903722463265245,0.0660610741010559,0.0660610741010547,0.0660610741010546,-0.0660610741010547
0.00362500000000016,-3.53553390593622,-4.19104332606324,0.910277557466515,0.0655509420127021,0.0655509420127017,0.0655509420127016,-0.0655509420127016
0.00362600000000016,-3.55767838604989,-4.20806296181187,0.916781403224135,0.0650384575761997,0.0650384575761981,0.0650384575761981,-0.0650384575761981
0.00362700000000016,-3.5796824151126,-4.22491883826886,0.923233767455698,0.0645236423156281,0.0645236423156257,0.0645236423156256,-0.0645236423156257
0.00362800000000016,-3.60154512444296,-4.2416103028771,0.92963441924004,0.0640065178434157,0.064006517843414,0.0640065178434139,-0.0640065178434139
0.00362900000000016,-3.62326565093864,-4.25813670953342,0.935983129825988,0.0634871058594777,0.063487105859478,0.0634871058594779,-0.0634871058594779
0.00363000000000016,-3.64484313711044,-4.27449741861397,0.942279672641023,0.0629654281503533,0.0629654281503526,0.0629654281503524,-0.0629654281503524
0.00363100000000016,-3.66627673111617,-4.29069179699939,0.948523823299855,0.0624415065883221,0.0624415065883226,0.0624415065883226,-0.0624415065883225
0.00363200000000016,-3.68756558679421,-4.30671921809973,0.95471535961291,0.0619153631305536,0.0619153631305514,0.0619153631305513,-0.0619153631305513
0.00363300000000016,-3.70870886369702,-4.32257906187906,0.960854061594731,0.0613870198182065,0.061387019818204,0.0613870198182039,-0.0613870198182039
0.00363400000000016,-3.72970572712422,-4.3382707148799,0.966939711472288,0.0608564987755689,0.0608564987755688,0.0608564987755686,-0.0608564987755686
0.00363500000000016,-3.75055534815558,-4.35379357024733,0.972972093693206,0.0603238222091762,0.0603238222091747,0.0603238222091746,-0.0603238222091746
0.00363600000000016,-3.77125690368378,-4.36914702775284,0.978950994933896,0.0597890124069056,0.0597890124069061,0.0597890124069059,-0.059789012406906
0.00363700000000016,-3.79180957644685,-4.38433049381799,0.984876204107608,0.0592520917371153,0.0592520917371135,0.0592520917371134,-0.0592520917371134
0.00363800000000016,-3.81221255506046,-4.39934338153769,0.99074751237238,0.0587130826477222,0.0587130826477225,0.0587130826477224,-0.0587130826477224
0.00363900000000016,-3.83246503404995,-4.41418511070333,0.996564713138914,0.0581720076653391,0.0581720076653383,0.0581720076653383,-0.0581720076653383
0.00364000000000016,-3.85256621388212,-4.4288551078256,1.00232760207835,0.0576288893943466,0.0576288893943479,0.0576288893943478,-0.0576288893943478
0.00364100000000016,-3.87251530099683,-4.44335280615702,1.00803597712995,0.0570837505160182,0.0570837505160192,0.0570837505160191,-0.0570837505160191
0.00364200000000016,-3.89231150783825,-4.45767764571422,1.01368963850871,0.0565366137875989,0.0565366137875969,0.0565366137875968,-0.0565366137875968
0.00364300000000016,-3.91195405288605,-4.47182907330001,1.01928838871285,0.0559875020413969,0.0559875020413956,0.0559875020413955,-0.0559875020413955
0.00364400000000016,-3.93144216068619,-4.48580654252508,1.02483203253124,0.0554364381838912,0.05543643818389,0.0554364381838899,-0.0554364381838899
0.00364500000000016,-3.95077506188152,-4.49960951382954,1.03032037705072,0.0548834451948022,0.0548834451948019,0.0548834451948018,-0.0548834451948018
0.00364600000000016,-3.96995199324222,-4.51323745450408,1.03575323166334,0.0543285461261878,0.0543285461261852,0.0543285461261852,-0.0543285461261852
0.00364700000000016,-3.98897219769588,-4.52668983871095,1.04113040807349,0.053771764101509,0.0537717641015068,0.0537717641015066,-0.0537717641015066
0.00364800000000016,-4.00783492435738,-4.53996614750464,1.04645172030496,0.0532131223147259,0.0532131223147258,0.0532131223147258,-0.0532131223147257
0.00364900000000016,-4.02653942855859,-4.55306586885229,1.0517169847079,0.0526526440293718,0.0526526440293698,0.0526526440293697,-0.0526526440293697
0.00365000000000016,-4.04508497187769,-4.56598849765377,1.05692601996566,0.0520903525776095,0.0520903525776078,0.0520903525776077,-0.0520903525776077
0.00365100000000016,-4.0634708221684,-4.57873353576162,1.06207864710159,0.0515262713593234,0.0515262713593215,0.0515262713593215,-0.0515262713593215
0.00365200000000016,-4.08169625358883,-4.59130049200056,1.06717468948571,0.0509604238411732,0.0509604238411729,0.0509604238411728,-0.0509604238411728
0.00365300000000016,-4.09976054663015,-4.60368888218685,1.07221397284128,0.0503928335556703,0.0503928335556701,0.05039283355567,-0.05039283355567
0.00365400000000016,-4.117662988145,-4.6158982291473,1.0771963252513,0.0498235241002298,0.0498235241002302,0.0498235241002302,-0.0498235241002302
0.00365500000000016,-4.13540287137565,-4.62792806273805,1.08212157716492,0.0492525191362403,0.0492525191362399,0.0492525191362398,-0.0492525191362398
0.00365600000000016,-4.15297949598188,-4.63977791986301,1.08698956140373,0.0486798423881152,0.0486798423881133,0.0486798423881132,-0.0486798423881132
0.00365700000000016,-4.17039216806865,-4.65144734449212,1.09180011316797,0.0481055176423495,0.0481055176423473,0.0481055176423472,-0.0481055176423472
0.00365800000000016,-4.18764020021347,-4.66293588767922,1.09655307004263,0.047529568746576,0.0475295687465751,0.047529568746575,-0.047529568746575
0.00365900000000016,-4.20472291149359,-4.67424310757975,1.10124827200349,0.0469520196086193,0.0469520196086167,0.0469520196086166,-0.0469520196086166
0.00366000000000016,-4.22163962751279,-4.68536856946807,1.10588556142304,0.0463728941955277,0.0463728941955276,0.0463728941955275,-0.0463728941955275
0.00366100000000016,-4.23838968042811,-4.69631184575455,1.11046478307631,0.0457922165326452,0.0457922165326446,0.0457922165326445,-0.0457922165326445
0.00366200000000016,-4.25497240897613,-4.70707251600242,1.11498578414657,0.0452100107026299,0.0452100107026297,0.0452100107026296,-0.0452100107026296
0.00366300000000016,-4.27138715849912,-4.71765016694424,1.11944841423102,0.0446263008445125,0.0446263008445121,0.044626300844512,-0.044626300844512
0.00366400000000016,-4.28763328097088,-4.72804439249815,1.12385252534629,0.0440411111527306,0.0440411111527277,0.0440411111527276,-0.0440411111527276
0.00366500000000016,-4.30371013502231,-4.73825479378387,1.12819797193391,0.043454465876156,0.0434544658761559,0.0434544658761558,-0.0434544658761558
0.00366600000000016,-4.31961708596674,-4.7482809791383,1.13248461086563,0.0428663893171555,0.0428663893171555,0.0428663893171555,-0.0428663893171555
0.00366700000000016,-4.33535350582499,-4.75812256413096,1.13671230144868,0.0422769058305983,0.0422769058305975,0.0422769058305974,-0.0422769058305974
0.00366800000000016,-4.35091877335014,-4.76777917157911,1.14088090543097,0.0416860398228969,0.0416860398228965,0.0416860398228964,-0.0416860398228964
0.00366900000000016,-4.36631227405209,-4.77725043156248,1.14499028700608,0.041093815751041,0.0410938157510397,0.0410938157510396,-0.0410938157510396
0.00367000000000016,-4.38153340022178,-4.78653598143792,1.14904031281824,0.0405002581216163,0.040500258121614,0.040500258121614,-0.040500258121614
0.00367100000000016,-4.39658155095522,-4.79563546585354,1.15303085196722,0.0399053914898317,0.039905391489832,0.0399053914898319,-0.0399053914898319
0.00367200000000016,-4.41145613217718,-4.80454853676272,1.15696177601308,0.0393092404585538,0.0393092404585544,0.0393092404585543,-0.0393092404585543
0.00367300000000016,-4.42615655666466,-4.81327485343778,1.16083295898081,0.0387118296773137,0.0387118296773125,0.0387118296773124,-0.0387118296773125
0.00367400000000016,-4.44068224407008,-4.82181408248336,1.16464427736494,0.0381131838413284,0.0381131838413277,0.0381131838413276,-0.0381131838413276
0.00367500000000016,-4.45503262094417,-4.83016589784946,1.168395610134,0.0375133276905304,0.0375133276905294,0.0375133276905293,-0.0375133276905293
0.00367600000000016,-4.46920712075862,-4.83832998084434,1.17208683873485,0.0369122860085724,0.0369122860085715,0.0369122860085714,-0.0369122860085714
0.00367700000000016,-4.48320518392846,-4.84630602014693,1.17571784709704,0.0363100836218466,0.0363100836218471,0.036310083621847,-0.036310083621847
0.00367800000000016,-4.4970262578341,-4.85409371181912,1.17928852163689,0.0357067453985049,0.0357067453985015,0.0357067453985015,-0.0357067453985014
0.00367900000000016,-4.51066979684324,-4.86169275931767,1.18279875126163,0.0351022962474423,0.0351022962474436,0.0351022962474435,-0.0351022962474434
0.00368000000000016,-4.52413526233229,-4.86910287350585,1.18624842737337,0.0344967611173574,0.0344967611173556,0.0344967611173556,-0.0344967611173556
0.00368100000000016,-4.53742212270775,-4.87632377266477,1.18963744387294,0.0338901649957024,0.0338901649957019,0.0338901649957018,-0.0338901649957018
0.00368200000000016,-4.55052985342712,-4.88335518250447,1.19296569716371,0.0332825329077346,0.0332825329077351,0.033282532907735,-0.033282532907735
0.00368300000000016,-4.56345793701963,-4.89019683617465,1.19623308615526,0.0326738899155044,0.0326738899155021,0.032673889915502,-0.032673889915502
0.00368400000000016,-4.57620586310667,-4.89684847427515,1.19943951226695,0.0320642611168487,0.0320642611168479,0.0320642611168478,-0.0320642611168478
0.00368500000000016,-4.58877312842196,-4.90330984486614,1.20258487943139,0.0314536716444169,0.0314536716444181,0.0314536716444181,-0.031453671644418
0.00368600000000016,-4.60115923683138,-4.90958070347798,1.20566909409786,0.0308421466646602,0.0308421466646605,0.0308421466646604,-0.0308421466646604
0.00368700000000017,-4.61336369935257,-4.91566081312082,1.20869206523554,0.0302297113768257,0.0302297113768249,0.0302297113768248,-0.0302297113768248
0.00368800000000017,-4.62538603417426,-4.92154994429388,1.21165370433673,0.029616391011964,0.0296163910119618,0.0296163910119618,-0.0296163910119618
0.00368900000000017,-4.63722576667525,-4.92724787499445,1.21455392541993,0.029002210831921,0.0290022108319204,0.0290022108319204,-0.0290022108319203
0.00369000000000017,-4.64888242944317,-4.93275439072661,1.21739264503276,0.0283871961283455,0.0283871961283445,0.0283871961283443,-0.0283871961283443
0.00369100000000017,-4.66035556229294,-4.93806928450962,1.22016978225493,0.0277713722216677,0.027771372221668,0.027771372221668,-0.027771372221668
0.00369200000000017,-4.67164471228492,-4.94319235688601,1.22288525870094,0.0271547644601111,0.0271547644601093,0.0271547644601092,-0.0271547644601093
0.00369300000000017,-4.68274943374279,-4.94812341592943,1.22553899852281,0.0265373982186645,0.0265373982186641,0.0265373982186641,-0.0265373982186641
0.00369400000000017,-4.69366928827117,-4.95286227725214,1.22813092841262,0.0259192988980983,0.0259192988980976,0.0259192988980976,-0.0259192988980976
0.00369500000000017,-4.70440384477289,-4.95740876401225,1.23066097760501,0.0253004919239364,0.0253004919239359,0.0253004919239358,-0.0253004919239358
0.00369600000000017,-4.71495267946606,-4.96176270692062,1.23312907787955,0.0246810027454569,0.0246810027454559,0.0246810027454559,-0.0246810027454558
0.00369700000000017,-4.72531537590073,-4.96592394424748,1.23553516356302,0.0240608568346756,0.0240608568346748,0.0240608568346747,-0.0240608568346747
0.00369800000000017,-4.7354915249754,-4.96989232182879,1.23787917153156,0.0234400796853396,0.0234400796853388,0.0234400796853387,-0.0234400796853387
0.00369900000000017,-4.74548072495312,-4.97366769307222,1.24016104121275,0.0228186968119104,0.0228186968119103,0.0228186968119102,-0.0228186968119102
0.00370000000000017,-4.75528258147739,-4.97724991896294,1.2423807145876,0.0221967337485562,0.0221967337485552,0.0221967337485552,-0.0221967337485551
0.00370100000000017,-4.76489670758768,-4.98063886806897,1.24453813619242,0.0215742160481303,0.0215742160481291,0.021574216048129,-0.021574216048129
0.00370200000000017,-4.77432272373477,-4.9838344165464,1.24663325312053,0.0209511692811648,0.0209511692811624,0.0209511692811623,-0.0209511692811623
0.00370300000000017,-4.78356025779568,-4.98683644814414,1.24866601502402,0.0203276190348456,0.0203276190348456,0.0203276190348455,-0.0203276190348455
0.00370400000000017,-4.79260894508838,-4.98964485420851,1.25063637411522,0.0197035909120169,0.0197035909120132,0.0197035909120132,-0.0197035909120132
0.00370500000000017,-4.80146842838618,-4.99225953368746,1.25254428516823,0.0190791105301269,0.0190791105301277,0.0190791105301276,-0.0190791105301276
0.00370600000000017,-4.81013835793187,-4.99468039313449,1.25438970552026,0.0184542035202617,0.0184542035202622,0.0184542035202621,-0.0184542035202621
0.00370700000000017,-4.81861839145145,-4.99690734671229,1.25617259507287,0.0178288955260841,0.0178288955260837,0.0178288955260837,-0.0178288955260837
0.00370800000000017,-4.82690819416774,-4.99894031619609,1.25789291629315,0.0172032122028343,0.0172032122028348,0.0172032122028347,-0.0172032122028347
0.00370900000000017,-4.83500743881352,-5.00077923097667,1.25955063421478,0.0165771792163172,0.0165771792163156,0.0165771792163155,-0.0165771792163155
0.00371000000000017,-4.84291580564447,-5.00242402806312,1.26114571643897,0.0159508222418681,0.0159508222418654,0.0159508222418653,-0.0159508222418653
0.00371100000000017,-4.85063298245181,-5.00387465208524,1.2626781331353,0.0153241669633464,0.0153241669633433,0.0153241669633433,-0.0153241669633433
0.00371200000000017,-4.85815866457462,-5.00513105529571,1.26414785704251,0.0146972390721101,0.0146972390721095,0.0146972390721094,-0.0146972390721094
0.00371300000000017,-4.86549255491185,-5.00619319757191,1.26555486346911,0.0140700642660052,0.0140700642660054,0.0140700642660053,-0.0140700642660053
0.00371400000000017,-4.87263436393407,-5.00706104641742,1.26689913029395,0.013442668248338,0.0134426682483343,0.0134426682483342,-0.0134426682483342
0.00371500000000017,-4.87958380969489,-5.0077345769633,1.26818063796663,0.0128150767268442,0.0128150767268413,0.0128150767268412,-0.0128150767268412
0.00371600000000017,-4.88634061784209,-5.00821377196903,1.2693993695079,0.012187315412695,0.0121873154126936,0.0121873154126935,-0.0121873154126935
0.00371700000000017,-4.89290452162845,-5.00849862182306,1.27055531050985,0.0115594100194616,0.0115594100194603,0.0115594100194603,-0.0115594100194602
0.00371800000000017,-4.89927526192229,-5.00858912454322,1.27164844913606,0.0109313862620919,0.0109313862620924,0.0109313862620923,-0.0109313862620923
0.00371900000000017,-4.9054525872177,-5.00848528577672,1.27267877612165,0.0103032698559047,0.0103032698559025,0.0103032698559025,-0.0103032698559025
0.00372000000000017,-4.91143625364444,-5.00818711879989,1.2736462847732,0.00967508651554594,0.00967508651554523,0.00967508651554514,-0.00967508651554516
0.00372100000000017,-4.91722602497761,-5.00769464451758,1.2745509709686,0.00904686195399629,0.00904686195399662,0.00904686195399647,-0.00904686195399651
0.00372200000000017,-4.92282167264696,-5.00700789146231,1.27539283315675,0.00841862188153408,0.00841862188153471,0.00841862188153462,-0.00841862188153464
0.00372300000000017,-4.92822297574589,-5.00612689579309,1.27617187235723,0.00779039200472065,0.00779039200471968,0.00779039200471958,-0.00779039200471954
0.00372400000000017,-4.93342972104021,-5.00505170129395,1.27688809215976,0.00716219802537665,0.00716219802537431,0.00716219802537426,-0.00716219802537427
0.00372500000000017,-4.93844170297652,-5.00378235937217,1.27754149872372,0.00653406563956738,0.00653406563956472,0.00653406563956462,-0.00653406563956466
0.00372600000000017,-4.94325872369037,-5.00231892905619,1.27813210077738,0.00590602053658351,0.00590602053658136,0.00590602053658138,-0.00590602053658135
0.00372700000000017,-4.94788059301403,-5.00066147699323,1.27865990961717,0.00527808839792199,0.00527808839792032,0.00527808839792021,-0.00527808839792027
0.00372800000000017,-4.95230712848399,-4.99881007744664,1.2791249391068,0.00465029489626678,0.00465029489626498,0.00465029489626492,-0.00465029489626489
0.00372900000000017,-4.95653815534824,-4.99676481229292,1.27952720567625,0.00402266569446974,0.00402266569446806,0.00402266569446805,-0.00402266569446802
0.00373000000000017,-4.96057350657306,-4.9945257710184,1.2798667283207,0.00339522644453361,0.00339522644453415,0.00339522644453405,-0.00339522644453405
0.00373100000000017,-4.96441302284971,-4.99209305071573,1.28014352859936,0.00276800278660394,0.00276800278660264,0.00276800278660252,-0.00276800278660255
0.00373200000000017,-4.96805655260065,-4.98946675607996,1.28035763063415,0.00214102034793218,0.00214102034793123,0.0021410203479312,-0.00214102034793118
0.00373300000000017,-4.97150395198557,-4.98664699940437,1.28050906110834,0.00151430474188086,0.00151430474187996,0.00151430474187988,-0.00151430474187986
0.00373400000000017,-4.97475508490704,-4.983633900576,1.28059784926503,0.000887881566895565,0.000887881566895857,0.000887881566895832,-0.000887881566895787
0.00373500000000017,-4.97780982301591,-4.98042758707089,1.28062402690558,0.00026177640549907,0.000261776405498211,0.000261776405498093,-0.000261776405498126
0.00373600000000017,-4.98066804571634,-4.97702819394898,1.28058762838791,-0.000363985176734527,-0.000363985176735478,-0.000363985176735504,0.000363985176735526
0.00373700000000017,-4.98332964017059,-4.97343586384876,1.28048869062469,-0.00098937763218121,-0.000989377632182823,-0.000989377632182897,0.000989377632182875
0.00373800000000017,-4.98579450130348,-4.96965074698158,1.28032725308147,-0.00161437543218623,-0.00161437543218913,-0.00161437543218925,0.00161437543218923
0.00373900000000017,-4.9880625318065,-4.96567300112571,1.28010335777466,-0.00223895306807664,-0.00223895306807917,-0.00223895306807931,0.00223895306807931
0.00374000000000017,-4.9901336421417,-4.96150279162002,1.27981704926945,-0.00286308505216937,-0.00286308505216811,-0.00286308505216821,0.0028630850521682
0.00374100000000017,-4.99200775054518,-4.95714029135746,1.27946837467757,-0.00348674591877041,-0.00348674591877162,-0.00348674591877165,0.00348674591877163
0.00374200000000017,-4.99368478303036,-4.95258568077821,1.27905738365505,-0.00410991022521179,-0.00410991022521494,-0.00410991022521499,0.00410991022521501
0.00374300000000017,-4.99516467339086,-4.94783914786245,1.27858412839976,-0.00473255255284188,-0.00473255255284116,-0.00473255255284126,0.00473255255284127
0.00374400000000017,-4.99644736320315,-4.94290088812297,1.27804866364896,-0.00535464750801795,-0.00535464750801836,-0.0053546475080184,0.0053546475080184
0.00374500000000017,-4.99753280182883,-4.93777110459737,1.27745104667665,-0.0059761697231453,-0.00597616972314576,-0.00597616972314583,0.0059761697231458
0.00374600000000017,-4.99842094641664,-4.93245000784005,1.27679133729088,-0.00659709385765872,-0.00659709385765885,-0.0065970938576589,0.00659709385765889
0.00374700000000017,-4.99911176190415,-4.92693781591381,1.27606959783098,-0.00721739459903281,-0.00721739459903333,-0.00721739459903343,0.00721739459903342
0.00374800000000017,-4.99960522101915,-4.92123475438127,1.2752858931646,-0.0078370466637856,-0.00783704666378792,-0.00783704666378799,0.00783704666378798
0.00374900000000017,-4.99990130428072,-4.91534105629586,1.27444029068475,-0.00845602479848662,-0.00845602479848598,-0.008456024798486,0.00845602479848601
0.00375000000000017,-5,-4.90925696219264,1.27353286030668,-0.00907430378073393,-0.00907430378073591,-0.00907430378073606,0.00907430378073604
0.00375100000000017,-4.99990130428065,-4.90298272007875,1.27256367446466,-0.00969185842018661,-0.00969185842019025,-0.00969185842019034,0.00969185842019032
0.00375200000000017,-4.99960522101901,-4.89651858542358,1.2715328081087,-0.0103086635595417,-0.0103086635595435,-0.0103086635595435,0.0103086635595435
0.00375300000000017,-4.99911176190394,-4.88986482114866,1.27044033870115,-0.010924694075527,-0.0109246940755285,-0.0109246940755285,0.0109246940755285
0.00375400000000017,-4.99842094641636,-4.88302169761725,1.26928634621316,-0.0115399248799108,-0.0115399248799115,-0.0115399248799116,0.0115399248799116
0.00375500000000017,-4.99753280182849,-4.87598949262363,1.26807091312111,-0.0121543309204841,-0.012154330920486,-0.0121543309204861,0.0121543309204861
0.00375600000000017,-4.99644736320274,-4.86876849138209,1.26679412440291,-0.0127678871820636,-0.0127678871820645,-0.0127678871820645,0.0127678871820646
0.00375700000000017,-4.99516467339038,-4.86135898651569,1.26545606753416,-0.0133805686874688,-0.0133805686874695,-0.0133805686874696,0.0133805686874696
0.00375800000000017,-4.99368478302981,-4.85376127804459,1.26405683248431,-0.013992350498524,-0.0139923504985224,-0.0139923504985225,0.0139923504985224
0.00375900000000017,-4.99200775054457,-4.84597567337425,1.2625965117126,-0.0146032077170322,-0.014603207717031,-0.0146032077170311,0.0146032077170311
0.00376000000000017,-4.99013364214101,-4.83800248728326,1.26107520016403,-0.0152131154857749,-0.0152131154857758,-0.0152131154857758,0.0152131154857759
0.00376100000000017,-4.98806253180575,-4.82984204191081,1.25949299526508,-0.0158220489894911,-0.0158220489894934,-0.0158220489894934,0.0158220489894935
0.00376200000000017,-4.98579450130266,-4.82149466674406,1.25784999691949,-0.016429983455859,-0.0164299834558597,-0.0164299834558598,0.0164299834558598
0.00376300000000018,-4.9833296401697,-4.81296069860499,1.25614630750384,-0.0170368941564703,-0.0170368941564706,-0.0170368941564707,0.0170368941564707
0.00376400000000018,-4.98066804571538,-4.80424048163717,1.25438203186306,-0.0176427564078208,-0.0176427564078206,-0.0176427564078207,0.0176427564078207
0.00376500000000018,-4.97780982301488,-4.79533436729208,1.25255727730583,-0.0182475455722808,-0.0182475455722804,-0.0182475455722805,0.0182475455722805
0.00376600000000018,-4.97475508490595,-4.78624271431523,1.25067215359993,-0.0188512370590721,-0.0188512370590719,-0.018851237059072,0.018851237059072
0.00376700000000018,-4.97150395198441,-4.77696588873199,1.2487267729674,-0.0194538063252425,-0.0194538063252419,-0.019453806325242,0.019453806325242
0.00376800000000018,-4.96805655259942,-4.76750426383309,1.24672125007974,-0.020055228876632,-0.0200552288766331,-0.0200552288766333,0.0200552288766333
0.00376900000000018,-4.96441302284841,-4.75785822015987,1.24465570205285,-0.0206554802688541,-0.0206554802688544,-0.0206554802688546,0.0206554802688546
0.00377000000000018,-4.9605735065717,-4.74802814548922,1.24253024844203,-0.0212545361082461,-0.0212545361082475,-0.0212545361082476,0.0212545361082476
0.00377100000000018,-4.9565381553468,-4.73801443481827,1.24034501123674,-0.0218523720528552,-0.021852372052853,-0.0218523720528531,0.0218523720528531
0.00377200000000018,-4.95230712848249,-4.72781749034876,1.23810011485541,-0.0224489638133729,-0.0224489638133735,-0.0224489638133735,0.0224489638133736
0.00377300000000018,-4.94788059301246,-4.71743772147111,1.23579568613999,-0.0230442871541348,-0.0230442871541346,-0.0230442871541347,0.0230442871541347
0.00377400000000018,-4.94325872368874,-4.70687554474829,1.23343185435059,-0.0236383178940414,-0.0236383178940445,-0.0236383178940446,0.0236383178940446
0.00377500000000018,-4.93844170297482,-4.69613138389932,1.23100875115983,-0.0242310319075489,-0.0242310319075504,-0.0242310319075504,0.0242310319075504
0.00377600000000018,-4.93342972103844,-4.6852056697825,1.22852651064727,-0.024822405125593,-0.0248224051255934,-0.0248224051255934,0.0248224051255934
0.00377700000000018,-4.92822297574405,-4.67409884037845,1.22598526929362,-0.0254124135365585,-0.0254124135365606,-0.0254124135365606,0.0254124135365606
0.00377800000000018,-4.92282167264505,-4.6628113407727,1.22338516597489,-0.0260010331872329,-0.0260010331872353,-0.0260010331872354,0.0260010331872354
0.00377900000000018,-4.91722602497564,-4.65134362313819,1.22072634195652,-0.0265882401837425,-0.0265882401837448,-0.0265882401837448,0.0265882401837448
0.00378000000000018,-4.9114362536424,-4.63969614671735,1.21800894088727,-0.0271740106925034,-0.0271740106925053,-0.0271740106925054,0.0271740106925054
0.00378100000000018,-4.90545258721559,-4.62786937780394,1.21523310879315,-0.0277583209411647,-0.027758320941165,-0.0277583209411651,0.027758320941165
0.00378200000000018,-4.89927526192012,-4.61586378972467,1.2123989940712,-0.0283411472195461,-0.0283411472195446,-0.0283411472195446,0.0283411472195446
0.00378300000000018,-4.89290452162621,-4.60367986282046,1.20950674748314,-0.0289224658805742,-0.0289224658805749,-0.028922465880575,0.028922465880575
0.00378400000000018,-4.88634061783978,-4.59131808442746,1.20655652214902,-0.0295022533412337,-0.0295022533412326,-0.0295022533412326,0.0295022533412326
0.00378500000000018,-4.87958380969252,-4.57877894885779,1.20354847354067,-0.0300804860834725,-0.0300804860834724,-0.0300804860834725,0.0300804860834725
0.00378600000000018,-4.87263436393163,-4.56606295738005,1.20048275947516,-0.030657140655157,-0.0306571406551579,-0.030657140655158,0.030657140655158
0.00378700000000018,-4.86549255490934,-4.55317061819945,1.19735954010806,-0.0312321936709892,-0.0312321936709887,-0.0312321936709888,0.0312321936709888
0.00378800000000018,-4.85815866457204,-4.54010244643779,1.19417897792671,-0.0318056218134233,-0.0318056218134252,-0.0318056218134252,0.0318056218134252
0.00378900000000018,-4.85063298244917,-4.52685896411306,1.19094123774335,-0.032377401833612,-0.0323774018336108,-0.0323774018336109,0.0323774018336109
0.00379000000000018,-4.84291580564176,-4.51344070011884,1.18764648668812,-0.0329475105522903,-0.0329475105522915,-0.0329475105522916,0.0329475105522916
0.00379100000000018,-4.83500743881074,-4.49984819020342,1.18429489420205,-0.033515924860732,-0.0335159248607321,-0.0335159248607321,0.0335159248607321
0.00379200000000018,-4.8269081941649,-4.4860819769486,1.18088663202989,-0.0340826217216295,-0.0340826217216299,-0.03408262172163,0.03408262172163
0.00379300000000018,-4.81861839144855,-4.47214260974829,1.17742187421289,-0.0346475781700262,-0.034647578170026,-0.0346475781700261,0.0346475781700261
0.00379400000000018,-4.81013835792889,-4.45803064478676,1.17390079708146,-0.0352107713142114,-0.0352107713142128,-0.0352107713142129,0.035210771314213
0.00379500000000018,-4.80146842838314,-4.44374664501675,1.1703235792478,-0.0357721783366394,-0.0357721783366393,-0.0357721783366393,0.0357721783366393
0.00379600000000018,-4.79260894508527,-4.42929118013714,1.16669040159832,-0.0363317764948112,-0.0363317764948128,-0.0363317764948129,0.0363317764948129
0.00379700000000018,-4.78356025779251,-4.41466482657053,1.1630014472861,-0.0368895431221961,-0.0368895431221985,-0.0368895431221985,0.0368895431221986
0.00379800000000018,-4.77432272373154,-4.39986816744039,1.15925690172319,-0.0374454556291126,-0.0374454556291149,-0.0374454556291149,0.0374454556291149
0.00379900000000018,-4.76489670758438,-4.38490179254811,1.15545695257283,-0.0379994915036264,-0.037999491503627,-0.037999491503627,0.037999491503627
0.00380000000000018,-4.75528258147402,-4.36976629834966,1.15160178974158,-0.0385516283124332,-0.0385516283124361,-0.0385516283124361,0.0385516283124361
0.00380100000000018,-4.74548072494969,-4.35446228793203,1.14769160537141,-0.0391018437017654,-0.0391018437017664,-0.0391018437017665,0.0391018437017665
0.00380200000000018,-4.7354915249719,-4.33899037098942,1.14372659383158,-0.0396501153982487,-0.0396501153982485,-0.0396501153982486,0.0396501153982486
0.00380300000000018,-4.72531537589717,-4.32335116379918,1.1397069517106,-0.0401964212097994,-0.0401964212097995,-0.0401964212097996,0.0401964212097995
0.00380400000000018,-4.71495267946244,-4.30754528919743,1.13563287780795,-0.0407407390265013,-0.0407407390265001,-0.0407407390265001,0.0407407390265001
0.00380500000000018,-4.7044038447692,-4.29157337655452,1.1315045731258,-0.0412830468214676,-0.0412830468214681,-0.0412830468214682,0.0412830468214682
0.00380600000000018,-4.69366928826741,-4.27543606175012,1.12732224086063,-0.0418233226517262,-0.0418233226517292,-0.0418233226517292,0.0418233226517292
0.00380700000000018,-4.68274943373897,-4.25913398714813,1.12308608639472,-0.0423615446590819,-0.0423615446590835,-0.0423615446590835,0.0423615446590835
0.00380800000000018,-4.67164471228103,-4.24266780157134,1.11879631728763,-0.0428976910709689,-0.0428976910709694,-0.0428976910709694,0.0428976910709694
0.00380900000000018,-4.66035556228899,-4.22603816027576,1.11445314326749,-0.0434317402013229,-0.0434317402013237,-0.0434317402013237,0.0434317402013237
0.00381000000000018,-4.64888242943916,-4.20924572492478,1.11005677622235,-0.0439636704514368,-0.0439636704514384,-0.0439636704514385,0.0439636704514385
0.00381100000000018,-4.63722576667118,-4.19229116356304,1.10560743019127,-0.0444934603108105,-0.0444934603108138,-0.0444934603108138,0.0444934603108139
0.00381200000000018,-4.62538603417012,-4.17517515059004,1.10110532135547,-0.0450210883580082,-0.0450210883580084,-0.0450210883580084,0.0450210883580084
0.00381300000000018,-4.61336369934837,-4.15789836673353,1.09655066802932,-0.0455465332614846,-0.0455465332614847,-0.0455465332614847,0.0455465332614847
0.00381400000000018,-4.60115923682712,-4.1404614990226,1.09194369065127,-0.0460697737804527,-0.046069773780452,-0.0460697737804521,0.0460697737804521
0.00381500000000018,-4.58877312841764,-4.12286524076058,1.0872846117747,-0.0465907887657058,-0.0465907887657056,-0.0465907887657056,0.0465907887657056
0.00381600000000018,-4.57620586310228,-4.10511029149767,1.08257365605866,-0.0471095571604585,-0.0471095571604612,-0.0471095571604613,0.0471095571604612
0.00381700000000018,-4.56345793701517,-4.0871973570033,1.07781105025854,-0.0476260580011845,-0.0476260580011874,-0.0476260580011875,0.0476260580011875
0.00381800000000018,-4.5505298534226,-4.06912714923828,1.0729970232167,-0.0481402704184331,-0.0481402704184329,-0.048140270418433,0.0481402704184329
0.00381900000000018,-4.53742212270318,-4.05090038632667,1.06813180585293,-0.0486521736376511,-0.0486521736376508,-0.0486521736376509,0.0486521736376509
0.00382000000000018,-4.52413526232765,-4.03251779252746,1.06321563115493,-0.0491617469800198,-0.0491617469800191,-0.0491617469800191,0.0491617469800192
0.00382100000000018,-4.51066979683854,-4.01398009820597,1.0582487341686,-0.0496689698632569,-0.0496689698632566,-0.0496689698632566,0.0496689698632566
0.00382200000000018,-4.49702625782934,-3.99528803980498,1.05323135198836,-0.0501738218024328,-0.0501738218024359,-0.0501738218024359,0.050173821802436
0.00382300000000018,-4.48320518392363,-3.97644235981571,1.04816372374728,-0.0506762824107931,-0.0506762824107922,-0.0506762824107923,0.0506762824107923
0.00382400000000018,-4.46920712075374,-3.95744380674846,1.04304609060723,-0.0511763314005265,-0.0511763314005278,-0.0511763314005278,0.0511763314005279
0.00382500000000018,-4.45503262093923,-3.9382931351031,1.03787869574887,-0.0516739485836104,-0.051673948583613,-0.051673948583613,0.051673948583613
0.00382600000000018,-4.44068224406507,-3.91899110533924,1.03266178436161,-0.0521691138725822,-0.0521691138725831,-0.0521691138725831,0.0521691138725831
0.00382700000000018,-4.42615655665959,-3.89953848384628,1.02739560363348,-0.052661807281329,-0.052661807281331,-0.0526618072813311,0.0526618072813311
0.00382800000000018,-4.41145613217205,-3.87993604291309,1.02208040274089,-0.0531520089258941,-0.0531520089258964,-0.0531520089258965,0.0531520089258965
0.00382900000000018,-4.39658155095003,-3.86018456069753,1.01671643283836,-0.0536396990252497,-0.05363969902525,-0.05363969902525,0.0536396990252501
0.00383000000000018,-4.38153340021653,-3.84028482119579,1.01130394704815,-0.0541248579020759,-0.0541248579020744,-0.0541248579020745,0.0541248579020744
0.00383100000000018,-4.36631227404678,-3.82023761421138,1.0058432004498,-0.0546074659835383,-0.0546074659835405,-0.0546074659835406,0.0546074659835406
0.00383200000000018,-4.35091877334478,-3.80004373532398,1.00033445006959,-0.0550875038020804,-0.0550875038020799,-0.0550875038020799,0.0550875038020799
0.00383300000000018,-4.33535350581957,-3.77970398585804,0.994777954869977,-0.055564951996151,-0.0555649519961527,-0.0555649519961527,0.0555649519961527
0.00383400000000018,-4.31961708596126,-3.75921917285114,0.989173975738876,-0.0560397913110111,-0.0560397913110117,-0.0560397913110117,0.0560397913110118
0.00383500000000018,-4.30371013501677,-3.73859010902215,0.98352277547893,-0.0565120025994614,-0.0565120025994618,-0.0565120025994619,0.0565120025994619
0.00383600000000018,-4.28763328096528,-3.71781761273912,0.977824618796668,-0.0569815668226148,-0.0569815668226154,-0.0569815668226155,0.0569815668226155
0.00383700000000018,-4.27138715849346,-3.69690250798702,0.972079772291604,-0.0574484650506424,-0.0574484650506432,-0.0574484650506433,0.0574484650506433
0.00383800000000019,-4.25497240897041,-3.67584562433519,0.966288504445252,-0.0579126784635187,-0.0579126784635213,-0.0579126784635213,0.0579126784635213
0.00383900000000019,-4.23838968042233,-3.6546477969046,0.960451085610075,-0.0583741883517719,-0.0583741883517728,-0.0583741883517728,0.0583741883517728
0.00384000000000019,-4.22163962750696,-3.6333098663349,0.954567787998355,-0.0588329761172046,-0.0588329761172061,-0.0588329761172061,0.0588329761172062
0.00384100000000019,-4.20472291148769,-3.61183267875121,0.94863888567099,-0.0592890232736476,-0.0592890232736483,-0.0592890232736484,0.0592890232736484
0.00384200000000019,-4.18764020020752,-3.59021708573078,0.942664654526223,-0.0597423114476736,-0.059742311447674,-0.0597423114476741,0.0597423114476741
0.00384300000000019,-4.17039216806264,-3.56846394426934,0.93664537228829,-0.0601928223793291,-0.0601928223793298,-0.0601928223793299,0.0601928223793299
0.00384400000000019,-4.15297949597581,-3.54657411674727,0.930581318496004,-0.0606405379228536,-0.0606405379228541,-0.0606405379228542,0.0606405379228542
0.00384500000000019,-4.13540287136953,-3.5245484708956,0.924472774491265,-0.0610854400473904,-0.0610854400473928,-0.0610854400473928,0.0610854400473929
0.00384600000000019,-4.11766298813882,-3.50238787976172,0.918320023407495,-0.0615275108377078,-0.0615275108377097,-0.0615275108377098,0.0615275108377098
0.00384700000000019,-4.09976054662391,-3.48009322167498,0.912123350158005,-0.0619667324948925,-0.061966732494893,-0.0619667324948931,0.0619667324948931
0.00384800000000019,-4.08169625358254,-3.45766538021197,0.9058830414243,-0.0624030873370562,-0.0624030873370567,-0.0624030873370567,0.0624030873370567
0.00384900000000019,-4.06347082216206,-3.43510524416168,0.899599385644296,-0.0628365578000367,-0.0628365578000373,-0.0628365578000373,0.0628365578000373
0.00385000000000019,-4.04508497187129,-3.41241370749043,0.893272673000487,-0.0632671264380857,-0.0632671264380864,-0.0632671264380864,0.0632671264380864
0.00385100000000019,-4.02653942855213,-3.38959166930655,0.886903195408032,-0.0636947759245576,-0.0636947759245578,-0.0636947759245579,0.0636947759245579
0.00385200000000019,-4.00783492435087,-3.36664003382497,0.880491246502773,-0.0641194890525898,-0.0641194890525906,-0.0641194890525907,0.0641194890525907
0.00385300000000019,-3.98897219768931,-3.34355971033145,0.874037121629194,-0.0645412487357855,-0.0645412487357867,-0.0645412487357867,0.0645412487357868
0.00385400000000019,-3.9699519932356,-3.32035161314676,0.867541117828306,-0.0649600380088833,-0.0649600380088842,-0.0649600380088842,0.0649600380088842
0.00385500000000019,-3.95077506187485,-3.29701666159059,0.861003533825463,-0.0653758400284254,-0.0653758400284258,-0.0653758400284259,0.0653758400284259
0.00385600000000019,-3.93144216067946,-3.27355577994524,0.854424670018121,-0.0657886380734196,-0.0657886380734222,-0.0657886380734222,0.0657886380734222
0.00385700000000019,-3.91195405287927,-3.24996989741917,0.84780482846352,-0.0661984155460116,-0.0661984155460104,-0.0661984155460105,0.0661984155460105
0.00385800000000019,-3.89231150783142,-3.22625994811033,0.841144312866309,-0.066605155972107,-0.0666051559721081,-0.0666051559721081,0.0666051559721081
0.00385900000000019,-3.87251530098994,-3.20242687096932,0.834443428566103,-0.0670088430020599,-0.0670088430020616,-0.0670088430020617,0.0670088430020617
0.00386000000000019,-3.85256621387518,-3.17847160976228,0.827702482524974,-0.0674094604112907,-0.0674094604112904,-0.0674094604112904,0.0674094604112904
0.00386100000000019,-3.83246503404295,-3.1543951130337,0.820921783314882,-0.0678069921009261,-0.0678069921009252,-0.0678069921009252,0.0678069921009252
0.00386200000000019,-3.81221255505341,-3.13019833406899,0.814101641105038,-0.0682014220984406,-0.0682014220984426,-0.0682014220984427,0.0682014220984427
0.00386300000000019,-3.79180957643975,-3.10588223085682,0.807242367649208,-0.0685927345582937,-0.0685927345582932,-0.0685927345582932,0.0685927345582933
0.00386400000000019,-3.77125690367663,-3.08144776605137,0.800344276272956,-0.0689809137625264,-0.0689809137625257,-0.0689809137625257,0.0689809137625257
0.00386500000000019,-3.75055534814838,-3.05689590693433,0.793407681860815,-0.0693659441214045,-0.0693659441214052,-0.0693659441214053,0.0693659441214052
0.00386600000000019,-3.72970572711696,-3.03222762537669,0.786432900843413,-0.0697478101740268,-0.0697478101740272,-0.0697478101740273,0.0697478101740273
0.00386700000000019,-3.70870886368972,-3.00744389780046,0.77942025118452,-0.0701264965889248,-0.0701264965889257,-0.0701264965889258,0.0701264965889258
0.00386800000000019,-3.68756558678686,-2.98254570514009,0.772370052368053,-0.0705019881646751,-0.0705019881646766,-0.0705019881646765,0.0705019881646766
0.00386900000000019,-3.66627673110876,-2.9575340328038,0.765282625385003,-0.0708742698304943,-0.0708742698304954,-0.0708742698304955,0.0708742698304955
0.00387000000000019,-3.64484313710299,-2.93240987063468,0.75815829272032,-0.0712433266468293,-0.0712433266468309,-0.071243326646831,0.071243326646831
0.00387100000000019,-3.62326565093113,-2.90717421287161,0.750997378339725,-0.0716091438059518,-0.0716091438059521,-0.0716091438059521,0.0716091438059521
0.00387200000000019,-3.6015451244354,-2.8818280581101,0.743800207676472,-0.0719717066325309,-0.0719717066325308,-0.0719717066325308,0.0719717066325308
0.00387300000000019,-3.579682415105,-2.85637240926281,0.73656710761805,-0.0723310005842182,-0.0723310005842188,-0.0723310005842189,0.0723310005842189
0.00387400000000019,-3.55767838604224,-2.83080827352004,0.729298406492828,-0.0726870112522204,-0.0726870112522201,-0.0726870112522202,0.0726870112522202
0.00387500000000019,-3.53553390592852,-2.80513666230995,0.721994434056642,-0.0730397243618564,-0.0730397243618568,-0.0730397243618569,0.0730397243618569
0.00387600000000019,-3.51324984899,-2.77935859125869,0.714655521479329,-0.0733891257731301,-0.0733891257731306,-0.0733891257731306,0.0733891257731307
0.00387700000000019,-3.49082709496309,-2.7534750801503,0.707282001331202,-0.0737352014812775,-0.0737352014812787,-0.0737352014812787,0.0737352014812788
0.00387800000000019,-3.46826652905972,-2.72748715288647,0.699874207569469,-0.074077937617324,-0.0740779376173243,-0.0740779376173244,0.0740779376173244
0.00387900000000019,-3.44556904193241,-2.70139583744619,0.692432475524607,-0.0744173204486198,-0.0744173204486214,-0.0744173204486215,0.0744173204486215
0.00388000000000019,-3.42273552963908,-2.67520216584513,0.684957141886668,-0.074753336379394,-0.0747533363793946,-0.0747533363793946,0.0747533363793946
0.00388100000000019,-3.3997668936077,-2.64890717409497,0.677448544691541,-0.075085971951272,-0.0750859719512732,-0.0750859719512733,0.0750859719512733
0.00388200000000019,-3.3766640406007,-2.6225119021625,0.669907023307159,-0.0754152138438191,-0.0754152138438202,-0.0754152138438203,0.0754152138438203
0.00388300000000019,-3.35342788267915,-2.5960173939286,0.662332918419653,-0.0757410488750554,-0.075741048875055,-0.0757410488750551,0.0757410488750551
0.00388400000000019,-3.33005933716678,-2.56942469714706,0.654726572019456,-0.0760634640019708,-0.0760634640019717,-0.0760634640019717,0.0760634640019718
0.00388500000000019,-3.30655932661375,-2.54273486340324,0.647088327387351,-0.0763824463210505,-0.0763824463210508,-0.0763824463210508,0.0763824463210508
0.00388600000000019,-3.28292877876025,-2.51594894807259,0.639418529080474,-0.0766979830687664,-0.0766979830687661,-0.0766979830687661,0.0766979830687661
0.00388700000000019,-3.25916862649983,-2.48906801027897,0.631717522918266,-0.0770100616220848,-0.0770100616220858,-0.0770100616220859,0.0770100616220859
0.00388800000000019,-3.23527980784263,-2.46209311285295,0.623985655968369,-0.0773186694989669,-0.077318669498968,-0.077318669498968,0.077318669498968
0.00388900000000019,-3.2112632658783,-2.4350253222898,0.616223276532484,-0.0776237943588498,-0.0776237943588502,-0.0776237943588503,0.0776237943588503
0.00389000000000019,-3.1871199487388,-2.40786570870746,0.608430734132171,-0.0779254240031335,-0.0779254240031342,-0.0779254240031342,0.0779254240031342
0.00389100000000019,-3.16285080956095,-2.38061534580431,0.600608379494605,-0.0782235463756642,-0.078223546375664,-0.0782235463756641,0.0782235463756641
0.00389200000000019,-3.1384568064488,-2.35327531081681,0.592756564538285,-0.0785181495631992,-0.0785181495631996,-0.0785181495631996,0.0785181495631996
0.00389300000000019,-3.11393890243584,-2.325846684477,0.584875642358696,-0.0788092217958825,-0.0788092217958831,-0.0788092217958832,0.0788092217958832
0.00389400000000019,-3.08929806544692,-2.2983305509699,0.576965967213926,-0.0790967514477015,-0.0790967514477015,-0.0790967514477015,0.0790967514477016
0.00389500000000019,-3.0645352682601,-2.27072799789069,0.569027894510232,-0.0793807270369407,-0.0793807270369416,-0.0793807270369416,0.0793807270369416
0.00389600000000019,-3.03965148846822,-2.24304011620181,0.561061780787568,-0.0796611372266387,-0.0796611372266406,-0.0796611372266406,0.0796611372266406
0.00389700000000019,-3.01464770844029,-2.21526800018999,0.553067983705065,-0.0799379708250303,-0.0799379708250301,-0.0799379708250301,0.0799379708250301
0.00389800000000019,-2.98952491528273,-2.18741274742298,0.545046862026468,-0.0802112167859736,-0.080211216785975,-0.0802112167859751,0.080211216785975
0.00389900000000019,-2.96428410080041,-2.15947545870635,0.536998775605527,-0.0804808642094057,-0.0804808642094062,-0.0804808642094063,0.0804808642094063
0.00390000000000019,-2.93892626145745,-2.13145723803998,0.528924085371353,-0.0807469023417462,-0.0807469023417474,-0.0807469023417474,0.0807469023417474
0.00390100000000019,-2.91345239833794,-2.10335919257458,0.520823153313719,-0.0810093205763363,-0.0810093205763362,-0.0810093205763363,0.0810093205763362
0.00390200000000019,-2.88786351710638,-2.07518243256798,0.512696342468335,-0.0812681084538391,-0.0812681084538398,-0.0812681084538398,0.0812681084538399
0.00390300000000019,-2.86216062796797,-2.04692807134132,0.504544016902069,-0.0815232556626644,-0.0815232556626642,-0.0815232556626642,0.0815232556626642
0.00390400000000019,-2.83634474562877,-2.01859722523519,0.496366541698133,-0.0817747520393569,-0.0817747520393575,-0.0817747520393576,0.0817747520393576
0.00390500000000019,-2.81041688925561,-1.99019101356553,0.488164282941232,-0.0820225875690078,-0.0820225875690082,-0.0820225875690082,0.0820225875690082
0.00390600000000019,-2.78437808243588,-1.96171055857951,0.479937607702669,-0.0822667523856352,-0.0822667523856364,-0.0822667523856365,0.0822667523856364
0.00390700000000019,-2.75822935313706,-1.93315698541126,0.471686884025411,-0.0825072367725793,-0.0825072367725801,-0.0825072367725801,0.0825072367725801
0.00390800000000019,-2.73197173366623,-1.90453142203748,0.463412480909123,-0.0827440311628747,-0.0827440311628748,-0.0827440311628748,0.0827440311628748
0.00390900000000019,-2.70560626062924,-1.87583499923297,0.455114768295161,-0.0829771261396278,-0.0829771261396276,-0.0829771261396276,0.0829771261396276
0.00391000000000019,-2.67913397488982,-1.84706885052597,0.446794117051522,-0.0832065124363846,-0.0832065124363853,-0.0832065124363854,0.0832065124363854
0.00391100000000019,-2.65255592152849,-1.81823411215352,0.438450898957773,-0.083432180937496,-0.0834321809374965,-0.0834321809374965,0.0834321809374965
0.00391200000000019,-2.62587314980127,-1.7893319230166,0.430085486689926,-0.0836541226784665,-0.0836541226784671,-0.0836541226784672,0.0836541226784672
0.0039130000000002,-2.59908671309831,-1.7603634246352,0.421698253805295,-0.0838723288463117,-0.0838723288463112,-0.0838723288463113,0.0838723288463112
0.0039140000000002,-2.57219766890228,-1.73132976110333,0.413289574727305,-0.0840867907798942,-0.0840867907798943,-0.0840867907798943,0.0840867907798943
0.0039150000000002,-2.54520707874658,-1.70223207904386,0.404859824730278,-0.0842974999702711,-0.0842974999702717,-0.0842974999702717,0.0842974999702717
0.0039160000000002,-2.5181160081735,-1.6730715275633,0.396409379924176,-0.0845044480610202,-0.0845044480610204,-0.0845044480610205,0.0845044480610205
0.0039170000000002,-2.49092552669213,-1.64384925820648,0.38793861723932,-0.0847076268485653,-0.084707626848565,-0.084707626848565,0.084707626848565
0.0039180000000002,-2.46363670773611,-1.61456642491114,0.37944791441107,-0.0849070282824971,-0.0849070282824972,-0.0849070282824973,0.0849070282824972
0.0039190000000002,-2.43625062862129,-1.58522418396239,0.370937649964481,-0.0851026444658892,-0.0851026444658899,-0.08510264446589,0.08510264446589
0.0039200000000002,-2.40876837050318,-1.55582369394714,0.362408203198921,-0.0852944676556044,-0.0852944676556045,-0.0852944676556046,0.0852944676556046
0.0039210000000002,-2.38119101833428,-1.52636611570835,0.353859954172661,-0.0854824902625922,-0.0854824902625927,-0.0854824902625927,0.0854824902625927
0.0039220000000002,-2.35351966082123,-1.49685261229931,0.345293283687442,-0.0856667048521909,-0.0856667048521913,-0.0856667048521913,0.0856667048521914
0.0039230000000002,-2.32575539038183,-1.46728434893771,0.336708573273001,-0.0858471041444125,-0.0858471041444124,-0.0858471041444124,0.0858471041444124
0.0039240000000002,-2.29789930310196,-1.4376624929597,0.328106205171578,-0.0860236810142256,-0.0860236810142255,-0.0860236810142256,0.0860236810142256
0.0039250000000002,-2.26995249869223,-1.40798821377388,0.319486562322395,-0.0861964284918348,-0.0861964284918352,-0.0861964284918352,0.0861964284918352
0.0039260000000002,-2.24191608044464,-1.37826268281512,0.3108500283461,-0.086365339762951,-0.0863653397629513,-0.0863653397629513,0.0863653397629513
0.0039270000000002,-2.21379115518896,-1.34848707349842,0.302196987529194,-0.0865304081690543,-0.0865304081690541,-0.0865304081690541,0.0865304081690541
0.0039280000000002,-2.1855788332491,-1.31866256117258,0.293527824808429,-0.0866916272076518,-0.0866916272076522,-0.0866916272076522,0.0866916272076522
0.0039290000000002,-2.15728022839921,-1.28879032307386,0.284842925755176,-0.0868489905325348,-0.0868489905325351,-0.0868489905325351,0.0868489905325351
0.0039300000000002,-2.12889645781976,-1.25887153827957,0.276142676559774,-0.0870024919540185,-0.087002491954019,-0.087002491954019,0.087002491954019
0.0039310000000002,-2.1004286420534,-1.22890738766154,0.267427464015855,-0.087152125439186,-0.0871521254391867,-0.0871521254391868,0.0871521254391868
0.0039320000000002,-2.07187790496077,-1.19889905383956,0.258697675504643,-0.0872978851121209,-0.0872978851121211,-0.0872978851121212,0.0872978851121212
0.0039330000000002,-2.04324537367608,-1.16884772113475,0.24995369897923,-0.0874397652541328,-0.0874397652541325,-0.0874397652541326,0.0874397652541326
0.0039340000000002,-2.01453217856263,-1.13875457552283,0.241195922948832,-0.0875777603039796,-0.0875777603039797,-0.0875777603039797,0.0875777603039797
0.0039350000000002,-1.9857394531682,-1.10862080458735,0.232424736463024,-0.0877118648580844,-0.0877118648580848,-0.0877118648580848,0.0877118648580848
0.0039360000000002,-1.95686833418029,-1.07844759747287,0.223640529095949,-0.0878420736707414,-0.0878420736707416,-0.0878420736707417,0.0878420736707416
0.0039370000000002,-1.92791996138124,-1.04823614483805,0.214843690930518,-0.0879683816543181,-0.0879683816543185,-0.0879683816543185,0.0879683816543185
0.0039380000000002,-1.89889547760324,-1.01798763880871,0.206034612542572,-0.0880907838794534,-0.0880907838794536,-0.0880907838794536,0.0880907838794536
0.0039390000000002,-1.86979602868322,-0.987703272930769,0.197213684985048,-0.0882092755752448,-0.0882092755752452,-0.0882092755752452,0.0882092755752452
0.0039400000000002,-1.84062276341759,-0.957384242123243,0.188381299772104,-0.0883238521294344,-0.0883238521294347,-0.0883238521294347,0.0883238521294348
0.0039410000000002,-1.81137683351691,-0.927031742631069,0.179537848863246,-0.0884345090885838,-0.0884345090885842,-0.0884345090885842,0.0884345090885842
0.0039420000000002,-1.78205939356042,-0.896646971977951,0.170683724647421,-0.0885412421582465,-0.0885412421582467,-0.0885412421582467,0.0885412421582467
0.0039430000000002,-1.75267160095044,-0.866231128919128,0.161819319927108,-0.0886440472031311,-0.0886440472031313,-0.0886440472031313,0.0886440472031313
0.0039440000000002,-1.72321461586671,-0.835785413394104,0.152945027902382,-0.0887429202472609,-0.088742920247261,-0.088742920247261,0.088742920247261
0.0039450000000002,-1.69368960122057,-0.805311026479324,0.14406124215497,-0.0888378574741244,-0.0888378574741244,-0.0888378574741245,0.0888378574741245
0.0039460000000002,-1.66409772260903,-0.77480917034081,0.135168356632287,-0.0889288552268216,-0.0889288552268218,-0.0889288552268218,0.0889288552268218
0.0039470000000002,-1.63444014826879,-0.744281048186754,0.126266765631467,-0.0890159100082036,-0.0890159100082036,-0.0890159100082036,0.0890159100082036
0.0039480000000002,-1.60471804903011,-0.713727864220069,0.117356863783367,-0.0890990184810037,-0.0890990184810039,-0.0890990184810039,0.0890990184810039
0.0039490000000002,-1.57493259827057,-0.683150823590902,0.10843904603657,-0.0891781774679666,-0.0891781774679667,-0.0891781774679667,0.0891781774679667
0.0039500000000002,-1.54508497186877,-0.652551132349108,0.0995137076413735,-0.0892533839519656,-0.0892533839519657,-0.0892533839519657,0.0892533839519657
0.0039510000000002,-1.51517634815788,-0.621929997396694,0.0905812441337616,-0.0893246350761187,-0.0893246350761188,-0.0893246350761188,0.0893246350761188
0.0039520000000002,-1.48520790787917,-0.591288626440223,0.0816420513193722,-0.0893919281438946,-0.0893919281438947,-0.0893919281438947,0.0893919281438947
0.0039530000000002,-1.45518083413534,-0.560628227943192,0.0726965252574507,-0.0894552606192148,-0.0894552606192148,-0.0894552606192148,0.0894552606192148
0.0039540000000002,-1.42509631234385,-0.529950011078375,0.063745062244796,-0.089514630126547,-0.0895146301265471,-0.0895146301265471,0.0895146301265471
0.0039550000000002,-1.3949555301901,-0.499255185680145,0.0547880587996965,-0.089570034450995,-0.0895700344509951,-0.0895700344509951,0.0895700344509951
0.0039560000000002,-1.36475967758056,-0.468544962196768,0.0458259116458586,-0.0896214715383793,-0.0896214715383794,-0.0896214715383794,0.0896214715383794
0.0039570000000002,-1.3345099465958,-0.437820551642666,0.0368590176963272,-0.0896689394953133,-0.0896689394953133,-0.0896689394953133,0.0896689394953133
0.0039580000000002,-1.30420753144339,-0.40708316555067,0.0278877740374,-0.0897124365892721,-0.0897124365892721,-0.0897124365892721,0.0897124365892721
0.0039590000000002,-1.2738536284108,-0.376334015924245,0.0189125779125345,-0.0897519612486557,-0.0897519612486558,-0.0897519612486558,0.0897519612486558
0.0039600000000002,-1.24344943581815,-0.345574315189698,0.00993382670624993,-0.0897875120628454,-0.0897875120628454,-0.0897875120628454,0.0897875120628454
0.0039610000000002,-1.2129961539709,-0.314805276148371,0.000951917928024627,-0.089819087782253,-0.089819087782253,-0.089819087782253,0.089819087782253
0.0039620000000002,-1.18249498511247,-0.284028111928818,-0.00803275080381193,-0.0898466873183655,-0.0898466873183655,-0.0898466873183655,0.0898466873183655
0.0039630000000002,-1.15194713337679,-0.253244035938974,-0.0170197817781901,-0.0898703097437816,-0.0898703097437816,-0.0898703097437816,0.0898703097437816
0.0039640000000002,-1.12135380474073,-0.222454261818303,-0.0260087772074144,-0.0898899542922427,-0.0898899542922427,-0.0898899542922427,0.0898899542922427
0.0039650000000002,-1.09071620697652,-0.19166000338995,-0.0349993392432801,-0.0899056203586573,-0.0899056203586574,-0.0899056203586574,0.0899056203586574
0.0039660000000002,-1.06003554960407,-0.160862474612878,-0.043991069993192,-0.0899173074991193,-0.0899173074991193,-0.0899173074991193,0.0899173074991193
0.0039670000000002,-1.02931304384319,-0.130062889534001,-0.0529835715362839,-0.0899250154309192,-0.0899250154309191,-0.0899250154309191,0.0899250154309191
0.0039680000000002,-0.998549902565809,-0.0992624622403169,-0.0619764459395389,-0.0899287440325493,-0.0899287440325492,-0.0899287440325492,0.0899287440325492
0.0039690000000002,-0.967747340248063,-0.0684624068110341,-0.0709692952739091,-0.0899284933437029,-0.0899284933437029,-0.0899284933437029,0.0899284933437029
0.0039700000000002,-0.936906572922373,-0.037663937269705,-0.0799617216304358,-0.0899242635652669,-0.0899242635652668,-0.0899242635652668,0.0899242635652668
0.0039710000000002,-0.906028818129425,-0.00686826753635711,-0.0889533271363665,-0.0899160550593069,-0.0899160550593068,-0.0899160550593068,0.0899160550593068
0.0039720000000002,-0.875115294870107,0.0239233886203692,-0.0979437139712713,-0.0899038683490476,-0.0899038683490477,-0.0899038683490477,0.0899038683490477
0.0039730000000002,-0.844167223557386,0.0547098176310768,-0.106932484383156,-0.0898877041188462,-0.0898877041188462,-0.0898877041188462,0.0898877041188462
0.0039740000000002,-0.813185825968124,0.0854898061734608,-0.115919240704572,-0.0898675632141585,-0.0898675632141584,-0.0898675632141584,0.0898675632141584
0.0039750000000002,-0.782172325194849,0.116262141220146,-0.124903585368722,-0.0898434466414995,-0.0898434466414995,-0.0898434466414995,0.0898434466414995
0.0039760000000002,-0.75112794559747,0.147025610086513,-0.133885120925562,-0.0898153555683984,-0.0898153555683983,-0.0898153555683983,0.0898153555683983
0.0039770000000002,-0.720053912754935,0.177779000478512,-0.142863450057896,-0.0897832913233448,-0.0897832913233447,-0.0897832913233447,0.0897832913233447
0.0039780000000002,-0.688951453416855,0.208521100540454,-0.151838175597469,-0.089747255395731,-0.0897472553957309,-0.0897472553957309,0.0897472553957309
0.0039790000000002,-0.657821795455068,0.239250698902797,-0.160808900541048,-0.0897072494357867,-0.0897072494357865,-0.0897072494357865,0.0897072494357865
0.0039800000000002,-0.626666167815167,0.269966584729902,-0.169775228066499,-0.0896632752545071,-0.0896632752545069,-0.0896632752545069,0.0896632752545069
0.0039810000000002,-0.595485800467986,0.300667547767767,-0.178736761548856,-0.0896153348235754,-0.0896153348235752,-0.0896153348235752,0.0896153348235752
0.0039820000000002,-0.564281924361037,0.331352378391748,-0.187693104576384,-0.0895634302752787,-0.0895634302752784,-0.0895634302752784,0.0895634302752784
0.0039830000000002,-0.533055771369919,0.362019867654244,-0.196643860966626,-0.0895075639024165,-0.0895075639024163,-0.0895075639024163,0.0895075639024163
0.0039840000000002,-0.501808574249686,0.392668807332363,-0.205588634782446,-0.0894477381582051,-0.0894477381582049,-0.0894477381582049,0.0894477381582049
0.0039850000000002,-0.470541566586175,0.42329798997555,-0.214527030348063,-0.0893839556561732,-0.0893839556561725,-0.0893839556561725,0.0893839556561725
0.0039860000000002,-0.439255982747311,0.453906208953196,-0.223458652265069,-0.0893162191700511,-0.0893162191700507,-0.0893162191700507,0.0893162191700507
0.0039870000000002,-0.407953057834376,0.484492258502201,-0.232383105428434,-0.0892445316336582,-0.0892445316336576,-0.0892445316336576,0.0892445316336576
0.0039880000000002,-0.376634027633244,0.515054933774515,-0.241299995042512,-0.0891688961407763,-0.0891688961407759,-0.0891688961407759,0.0891688961407759
0.00398900000000021,-0.345300128565602,0.545593030884635,-0.250208926637014,-0.0890893159450237,-0.0890893159450238,-0.0890893159450237,0.0890893159450238
0.00399000000000021,-0.313952597640133,0.576105346957064,-0.259109506082986,-0.08900579445972,-0.0890057944597198,-0.0890057944597197,0.0890057944597198
0.00399100000000021,-0.282592672403683,0.606590680173733,-0.26800133960876,-0.0889183352577416,-0.0889183352577415,-0.0889183352577415,0.0889183352577415
0.00399200000000021,-0.251221590892401,0.637047829821376,-0.276884033815898,-0.0888269420713783,-0.0888269420713778,-0.0888269420713778,0.0888269420713778
0.00399300000000021,-0.219840591582872,0.667475596338872,-0.285757195695116,-0.0887316187921749,-0.0887316187921744,-0.0887316187921744,0.0887316187921744
0.00399400000000021,-0.188450913343214,0.697872781364523,-0.294620432642193,-0.0886323694707741,-0.0886323694707737,-0.0886323694707737,0.0886323694707737
0.00399500000000021,-0.157053795384178,0.728238187783303,-0.303473352473868,-0.0885291983167485,-0.088529198316748,-0.088529198316748,0.088529198316748
0.00399600000000021,-0.125650477210218,0.758570619774044,-0.312315563443711,-0.0884221096984272,-0.0884221096984262,-0.0884221096984262,0.0884221096984262
0.00399700000000021,-0.0942421985705667,0.788868882856581,-0.321146674257982,-0.0883111081427151,-0.0883111081427148,-0.0883111081427147,0.0883111081427148
0.00399800000000021,-0.062830199410284,0.819131783938833,-0.329966294091473,-0.0881961983349117,-0.0881961983349117,-0.0881961983349117,0.0881961983349117
0.00399900000000021,-0.0314157198213112,0.849358131363839,-0.338774032603325,-0.0880773851185157,-0.088077385118515,-0.088077385118515,0.088077385118515
0.00400000000000021,6.48787664217498E-12,0.879546734956729,-0.347569499952827,-0.0879546734950243,-0.0879546734950241,-0.0879546734950241,0.0879546734950241
0.00400100000000021,0.0314157198342867,0.90969640607164,-0.356352306815201,-0.0878280686237359,-0.0878280686237354,-0.0878280686237354,0.0878280686237354
0.00400200000000021,0.0628301994232587,0.939805957638577,-0.365122064397354,-0.087697575821532,-0.0876975758215318,-0.0876975758215318,0.0876975758215318
0.00400300000000021,0.0942421985835401,0.969874204210194,-0.373878384453621,-0.0875632005626653,-0.0875632005626654,-0.0875632005626654,0.0875632005626654
0.00400400000000021,0.12565047722319,0.999899962008534,-0.382620879301474,-0.0874249484785344,-0.0874249484785345,-0.0874249484785344,0.0874249484785344
0.00400500000000021,0.157053795397147,1.02988204897168,-0.39134916183722,-0.0872828253574537,-0.0872828253574536,-0.0872828253574535,0.0872828253574536
0.00400600000000021,0.188450913356181,1.05981928480036,-0.400062845551661,-0.0871368371444187,-0.0871368371444184,-0.0871368371444184,0.0871368371444184
0.00400700000000021,0.219840591595835,1.08971049100447,-0.408761544545748,-0.0869869899408643,-0.0869869899408634,-0.0869869899408633,0.0869869899408633
0.00400800000000021,0.251221590905361,1.1195544909495,-0.417444873546189,-0.0868332900044139,-0.0868332900044138,-0.0868332900044138,0.0868332900044138
0.00400900000000021,0.282592672416638,1.14935010990295,-0.426112447921052,-0.0866757437486315,-0.0866757437486314,-0.0866757437486314,0.0866757437486314
0.00401000000000021,0.313952597653084,1.17909617508062,-0.434763883695328,-0.0865143577427541,-0.0865143577427538,-0.0865143577427538,0.0865143577427538
0.00401100000000021,0.345300128578547,1.20879151569283,-0.443398797566471,-0.086349138711429,-0.0863491387114279,-0.0863491387114279,0.0863491387114279
0.00401200000000021,0.376634027646183,1.23843496299055,-0.452016806919914,-0.0861800935344365,-0.0861800935344368,-0.0861800935344368,0.0861800935344368
0.00401300000000021,0.407953057847308,1.26802535031152,-0.460617529844557,-0.0860072292464215,-0.0860072292464212,-0.0860072292464212,0.0860072292464212
0.00401400000000021,0.439255982760237,1.29756151312617,-0.469200585148216,-0.0858305530365938,-0.0858305530365938,-0.0858305530365938,0.0858305530365938
0.00401500000000021,0.470541566599093,1.32704228908357,-0.477765592373061,-0.0856500722484488,-0.0856500722484481,-0.0856500722484481,0.0856500722484481
0.00401600000000021,0.501808574262596,1.35646651805721,-0.486312171811007,-0.0854657943794618,-0.0854657943794613,-0.0854657943794613,0.0854657943794613
0.00401700000000021,0.533055771382821,1.38583304219072,-0.494839944519086,-0.0852777270807903,-0.0852777270807903,-0.0852777270807903,0.0852777270807903
0.00401800000000021,0.564281924373929,1.41514070594355,-0.503348532334782,-0.0850858781569624,-0.0850858781569625,-0.0850858781569625,0.0850858781569625
0.00401900000000021,0.595485800480869,1.44438835613647,-0.511837557891338,-0.0848902555655606,-0.0848902555655598,-0.0848902555655597,0.0848902555655597
0.00402000000000021,0.626666167828041,1.47357484199701,-0.520306644633028,-0.0846908674168978,-0.0846908674168968,-0.0846908674168967,0.0846908674168968
0.00402100000000021,0.657821795467931,1.50269901520486,-0.528755416830398,-0.0844877219736939,-0.0844877219736932,-0.0844877219736932,0.0844877219736932
0.00402200000000021,0.688951453429707,1.53175972993711,-0.537183499595472,-0.0842808276507401,-0.08428082765074,-0.08428082765074,0.08428082765074
0.00402300000000021,0.720053912767776,1.56075584291337,-0.545590518896927,-0.0840701930145593,-0.084070193014559,-0.0840701930145589,0.0840701930145589
0.00402400000000021,0.751127945610299,1.58968621344087,-0.553976101575233,-0.083855826783058,-0.0838558267830574,-0.0838558267830573,0.0838558267830573
0.00402500000000021,0.782172325207665,1.61854970345942,-0.562339875357751,-0.0836377378251751,-0.0836377378251756,-0.0836377378251756,0.0836377378251756
0.00402600000000021,0.813185825980926,1.64734517758622,-0.570681468873804,-0.0834159351605301,-0.0834159351605296,-0.0834159351605296,0.0834159351605296
0.00402700000000021,0.844167223570175,1.67607150316064,-0.579000511669708,-0.0831904279590467,-0.0831904279590466,-0.0831904279590466,0.0831904279590466
0.00402800000000021,0.875115294882883,1.70472755028884,-0.587296634223768,-0.0829612255405965,-0.0829612255405953,-0.0829612255405953,0.0829612255405953
0.00402900000000021,0.906028818142186,1.73331219188829,-0.595569467961229,-0.0827283373746102,-0.0827283373746104,-0.0827283373746104,0.0827283373746104
0.00403000000000021,0.936906572935119,1.76182430373222,-0.6038186452692,-0.0824917730797115,-0.0824917730797103,-0.0824917730797102,0.0824917730797102
0.00403100000000021,0.967747340260793,1.79026276449389,-0.612043799511531,-0.0822515424233106,-0.0822515424233097,-0.0822515424233097,0.0822515424233097
0.00403200000000021,0.998549902578523,1.81862645579079,-0.620244565043654,-0.0820076553212279,-0.0820076553212263,-0.0820076553212263,0.0820076553212263
0.00403300000000021,1.02931304385589,1.8469142622287,-0.628420577227382,-0.0817601218372821,-0.0817601218372807,-0.0817601218372806,0.0817601218372806
0.00403400000000021,1.06003554961675,1.87512507144567,-0.636571472445672,-0.0815089521828927,-0.0815089521828915,-0.0815089521828915,0.0815089521828915
0.00403500000000021,1.09071620698919,1.90325777415583,-0.644696888117338,-0.0812541567166636,-0.0812541567166642,-0.0812541567166642,0.0812541567166642
0.00403600000000021,1.12135380475337,1.93131126419311,-0.652796462711735,-0.0809957459439747,-0.0809957459439738,-0.0809957459439737,0.0809957459439737
0.00403700000000021,1.15194713338942,1.95928443855484,-0.66086983576339,-0.0807337305165423,-0.0807337305165419,-0.0807337305165419,0.0807337305165419
0.00403800000000021,1.18249498512508,1.98717619744517,-0.668916647886591,-0.0804681212320091,-0.0804681212320088,-0.0804681212320087,0.0804681212320087
0.00403900000000021,1.21299615398349,2.01498544431847,-0.67693654078994,-0.0801989290334992,-0.0801989290334979,-0.0801989290334979,0.0801989290334979
0.00404000000000021,1.24344943583072,2.04271108592249,-0.684929157290858,-0.0799261650091765,-0.0799261650091766,-0.0799261650091766,0.0799261650091766
0.00404100000000021,1.27385362842335,2.07035203234144,-0.692894141330039,-0.07964984039181,-0.0796498403918095,-0.0796498403918094,0.0796498403918094
0.00404200000000021,1.30420753145592,2.09790719703899,-0.70083113798587,-0.079369966558307,-0.079369966558307,-0.079369966558307,0.079369966558307
0.00404300000000021,1.3345099466083,2.12537549690098,-0.708739793488797,-0.0790865550292685,-0.079086555029268,-0.0790865550292679,0.079086555029268
0.00404400000000021,1.36475967759304,2.15275585227821,-0.716619755235648,-0.0787996174685179,-0.0787996174685166,-0.0787996174685166,0.0787996174685165
0.00404500000000021,1.39495553020256,2.18004718702889,-0.724470671803912,-0.0785091656826331,-0.0785091656826333,-0.0785091656826333,0.0785091656826333
0.00404600000000021,1.42509631235628,2.20724842856109,-0.73229219296596,-0.0782152116204815,-0.0782152116204806,-0.0782152116204806,0.0782152116204806
0.00404700000000021,1.45518083414775,2.23435850787498,-0.740083969703232,-0.0779177673727238,-0.0779177673727228,-0.0779177673727228,0.0779177673727228
0.00404800000000021,1.48520790789156,2.26137635960496,-0.747845654220366,-0.077616845171341,-0.0776168451713403,-0.0776168451713403,0.0776168451713403
0.00404900000000021,1.51517634817025,2.28830092206163,-0.75557689995928,-0.0773124573891382,-0.0773124573891382,-0.0773124573891381,0.0773124573891382
0.00405000000000021,1.54508497188111,2.3151311372736,-0.763277361613205,-0.0770046165392491,-0.0770046165392495,-0.0770046165392495,0.0770046165392495
0.00405100000000021,1.57493259828288,2.34186595102921,-0.770946695140668,-0.0766933352746335,-0.0766933352746326,-0.0766933352746325,0.0766933352746325
0.00405200000000021,1.6047180490424,2.36850431291803,-0.778584557779425,-0.0763786263875632,-0.0763786263875628,-0.0763786263875628,0.0763786263875628
0.00405300000000021,1.63444014828105,2.39504517637225,-0.786190608060337,-0.0760605028091199,-0.0760605028091196,-0.0760605028091195,0.0760605028091195
0.00405400000000021,1.66409772262126,2.42148749870793,-0.793764505821204,-0.075738977608667,-0.0757389776086667,-0.0757389776086666,0.0757389776086666
0.00405500000000021,1.69368960123278,2.44783024116606,-0.801305912220536,-0.0754140639933287,-0.075414063993328,-0.075414063993328,0.075414063993328
0.00405600000000021,1.72321461587889,2.47407236895347,-0.808814489751282,-0.0750857753074585,-0.0750857753074575,-0.0750857753074575,0.0750857753074575
0.00405700000000021,1.75267160096259,2.50021285128363,-0.816289902254493,-0.0747541250321038,-0.0747541250321037,-0.0747541250321037,0.0747541250321037
0.00405800000000021,1.78205939357254,2.52625066141723,-0.823731814932939,-0.0744191267844685,-0.0744191267844687,-0.0744191267844687,0.0744191267844687
0.00405900000000021,1.811376833529,2.55218477670262,-0.831139894364676,-0.0740807943173627,-0.074080794317362,-0.0740807943173619,0.0740807943173619
0.00406000000000021,1.84062276342965,2.57801417861614,-0.838513808516541,-0.0737391415186506,-0.0737391415186487,-0.0737391415186486,0.0737391415186486
0.00406100000000021,1.86979602869526,2.60373785280218,-0.84585322675761,-0.0733941824106943,-0.0733941824106927,-0.0733941824106927,0.0733941824106927
0.00406200000000021,1.89889547761525,2.62935478911319,-0.85315781987259,-0.0730459311497944,-0.0730459311497942,-0.0730459311497941,0.0730459311497941
0.00406300000000021,1.92791996139321,2.65486398164943,-0.860427260075152,-0.0726944020256215,-0.0726944020256217,-0.0726944020256217,0.0726944020256217
0.00406400000000022,1.95686833419223,2.68026442879862,-0.867661221021216,-0.072339609460641,-0.0723396094606397,-0.0723396094606397,0.0723396094606397
0.00406500000000022,1.98573945318011,2.70555513327541,-0.874859377822169,-0.0719815680095304,-0.07198156800953,-0.0719815680095299,0.0719815680095299
0.00406600000000022,2.0145321785745,2.73073510216058,-0.88202140705803,-0.0716202923586085,-0.0716202923586081,-0.071620292358608,0.071620292358608
0.00406700000000022,2.04324537368792,2.75580334694027,-0.889146986790553,-0.0712557973252348,-0.071255797325235,-0.071255797325235,0.071255797325235
0.00406800000000022,2.07187790497258,2.78075888354481,-0.896235796576276,-0.0708880978572246,-0.0708880978572229,-0.0708880978572229,0.0708880978572229
0.00406900000000022,2.10042864206518,2.80560073238754,-0.9032875174795,-0.0705172090322381,-0.0705172090322362,-0.0705172090322362,0.0705172090322362
0.00407000000000022,2.1288964578315,2.83032791840337,-0.910301832085218,-0.0701431460571877,-0.0701431460571874,-0.0701431460571873,0.0701431460571873
0.00407100000000022,2.15728022841091,2.85493947108719,-0.917278424511981,-0.0697659242676274,-0.0697659242676274,-0.0697659242676274,0.0697659242676274
0.00407200000000022,2.18557883326077,2.87943442453209,-0.924216980424694,-0.0693855591271331,-0.0693855591271318,-0.0693855591271317,0.0693855591271318
0.00407300000000022,2.2137911552006,2.9038118174674,-0.931117187047363,-0.0690020662266821,-0.0690020662266803,-0.0690020662266803,0.0690020662266803
0.00407400000000022,2.24191608045624,2.92807069329657,-0.937978733175766,-0.0686154612840328,-0.0686154612840331,-0.068615461284033,0.068615461284033
0.00407500000000022,2.26995249870379,2.9522101001348,-0.944801309190076,-0.0682257601431002,-0.0682257601431006,-0.0682257601431005,0.0682257601431006
0.00407600000000022,2.29789930311348,2.97622909084657,-0.951584607067407,-0.0678329787733101,-0.0678329787733092,-0.0678329787733092,0.0678329787733092
0.00407700000000022,2.32575539039332,3.00012672308293,-0.958328320394303,-0.0674371332689616,-0.0674371332689615,-0.0674371332689614,0.0674371332689614
0.00407800000000022,2.35351966083267,3.02390205931859,-0.965032144379163,-0.0670382398485947,-0.0670382398485917,-0.0670382398485916,0.0670382398485917
0.00407900000000022,2.38119101834569,3.04755416688885,-0.971695775864594,-0.0666363148543159,-0.0666363148543164,-0.0666363148543163,0.0666363148543163
0.00408000000000022,2.40876837051455,3.07108211802635,-0.978318913339712,-0.0662313747511811,-0.0662313747511797,-0.0662313747511797,0.0662313747511797
0.00408100000000022,2.43625062863262,3.09448498989757,-0.984901256952362,-0.0658234361264953,-0.0658234361264947,-0.0658234361264947,0.0658234361264947
0.00408200000000022,2.4636367077474,3.11776186463919,-0.99144250852128,-0.0654125156891805,-0.0654125156891787,-0.0654125156891786,0.0654125156891787
0.00408300000000022,2.49092552670338,3.14091182939422,-0.997942371548188,-0.0649986302690853,-0.0649986302690845,-0.0649986302690844,0.0649986302690844
0.00408400000000022,2.51811600818471,3.16393397634798,-1.00440055122982,-0.0645817968163276,-0.0645817968163267,-0.0645817968163267,0.0645817968163267
0.00408500000000022,2.54520707875775,3.18682740276378,-1.01081675446988,-0.0641620324006054,-0.0641620324006033,-0.0641620324006033,0.0641620324006033
0.00408600000000022,2.5721976689134,3.20959121101853,-1.01719068989093,-0.0637393542105102,-0.0637393542105124,-0.0637393542105123,0.0637393542105123
0.00408700000000022,2.5990867131094,3.23222450863804,-1.02352206784622,-0.0633137795528649,-0.063313779552864,-0.0633137795528639,0.0633137795528639
0.00408800000000022,2.62587314981231,3.25472640833219,-1.02981060043142,-0.062885325851989,-0.0628853258519876,-0.0628853258519875,0.0628853258519875
0.00408900000000022,2.65255592153948,3.27709602802983,-1.03605600149632,-0.0624540106490334,-0.062454010649035,-0.062454010649035,0.062454010649035
0.00409000000000022,2.67913397490078,3.29933249091356,-1.04225798665645,-0.0620198516012782,-0.062019851601278,-0.0620198516012779,0.0620198516012779
0.00409100000000022,2.70560626064015,3.32143492545418,-1.04841627330459,-0.0615828664814022,-0.0615828664814021,-0.0615828664814021,0.0615828664814021
0.00409200000000022,2.7319717336771,3.34340246544505,-1.05453058062227,-0.0611430731767948,-0.0611430731767954,-0.0611430731767953,0.0611430731767953
0.00409300000000022,2.75822935314789,3.36523425003621,-1.06060062959115,-0.0607004896888341,-0.0607004896888327,-0.0607004896888326,0.0607004896888326
0.00409400000000022,2.78437808244665,3.38692942376821,-1.06662614300437,-0.0602551341321567,-0.0602551341321554,-0.0602551341321553,0.0602551341321554
0.00409500000000022,2.81041688926635,3.40848713660582,-1.07260684547776,-0.0598070247339488,-0.059807024733947,-0.059807024733947,0.059807024733947
0.00409600000000022,2.83634474563946,3.42990654397149,-1.07854246346108,-0.0593561798332054,-0.0593561798332038,-0.0593561798332038,0.0593561798332037
0.00409700000000022,2.86216062797861,3.45118680677862,-1.08443272524908,-0.0589026178800012,-0.058902617880001,-0.058902617880001,0.058902617880001
0.00409800000000022,2.88786351711697,3.47232709146452,-1.09027736099256,-0.058446357434756,-0.0584463574347553,-0.0584463574347553,0.0584463574347552
0.00409900000000022,2.91345239834849,3.49332657002331,-1.09607610270931,-0.0579874171674821,-0.057987417167482,-0.0579874171674819,0.057987417167482
0.00410000000000022,2.93892626146795,3.51418442003844,-1.10182868429501,-0.0575258158570491,-0.0575258158570487,-0.0575258158570486,0.0575258158570486
0.00410100000000022,2.96428410081086,3.5348998247151,-1.10753484153405,-0.0570615723904266,-0.0570615723904238,-0.0570615723904238,0.0570615723904238
0.00410200000000022,2.98952491529314,3.55547197291235,-1.11319431211025,-0.0565947057619232,-0.0565947057619215,-0.0565947057619215,0.0565947057619215
0.00410300000000022,3.01464770845064,3.57590005917506,-1.11880683561749,-0.0561252350724439,-0.0561252350724423,-0.0561252350724422,0.0561252350724423
0.00410400000000022,3.03965148847852,3.59618328376561,-1.12437215357036,-0.0556531795287118,-0.0556531795287087,-0.0556531795287087,0.0556531795287086
0.00410500000000022,3.06453526827036,3.61632085269533,-1.12989000941461,-0.0551785584424969,-0.0551785584424977,-0.0551785584424977,0.0551785584424976
0.00410600000000022,3.08929806545712,3.6363119777558,-1.1353601485376,-0.0547013912298699,-0.0547013912298684,-0.0547013912298683,0.0547013912298683
0.00410700000000022,3.11393890244599,3.65615587654984,-1.14078231827864,-0.054221697410386,-0.0542216974103855,-0.0542216974103855,0.0542216974103855
0.00410800000000022,3.1384568064589,3.6758517725223,-1.14615626793927,-0.0537394966063398,-0.0537394966063394,-0.0537394966063393,0.0537394966063393
0.00410900000000022,3.162850809571,3.69539889499061,-1.15148174879347,-0.0532548085419604,-0.0532548085419609,-0.0532548085419609,0.0532548085419609
0.00411000000000022,3.1871199487488,3.71479647917514,-1.15675851409773,-0.0527676530426358,-0.0527676530426337,-0.0527676530426336,0.0527676530426336
0.00411100000000022,3.21126326588825,3.73404376622925,-1.16198631910114,-0.0522780500341025,-0.0522780500341006,-0.0522780500341006,0.0522780500341006
0.00411200000000022,3.23527980785252,3.75314000326921,-1.16716492105531,-0.0517860195416686,-0.0517860195416682,-0.0517860195416682,0.0517860195416682
0.00411300000000022,3.25916862650967,3.77208444340372,-1.17229407922425,-0.0512915816894077,-0.0512915816894054,-0.0512915816894053,0.0512915816894053
0.00411400000000022,3.28292877877003,3.79087634576343,-1.17737355489418,-0.0507947566993394,-0.0507947566993396,-0.0507947566993395,0.0507947566993395
0.00411500000000022,3.30655932662349,3.80951497552997,-1.18240311138325,-0.0502955648906478,-0.0502955648906483,-0.0502955648906482,0.0502955648906482
0.00411600000000022,3.33005933717646,3.82799960396492,-1.18738251405113,-0.0497940266788488,-0.0497940266788467,-0.0497940266788466,0.0497940266788466
0.00411700000000022,3.35342788268877,3.84632950843849,-1.19231153030863,-0.0492901625749731,-0.049290162574972,-0.0492901625749719,0.0492901625749719
0.00411800000000022,3.37666404061027,3.8645039724579,-1.19718992962711,-0.0487839931847645,-0.0487839931847635,-0.0487839931847634,0.0487839931847634
0.00411900000000022,3.39976689361722,3.88252228569561,-1.20201748354789,-0.0482755392078404,-0.0482755392078391,-0.0482755392078391,0.0482755392078391
0.00412000000000022,3.42273552964854,3.90038374401722,-1.20679396569158,-0.0477648214368709,-0.0477648214368683,-0.0477648214368682,0.0477648214368682
0.00412100000000022,3.44556904194181,3.91808764950921,-1.21151915176725,-0.0472518607567407,-0.0472518607567406,-0.0472518607567405,0.0472518607567405
0.00412200000000022,3.46826652906906,3.93563331050638,-1.21619281958163,-0.0467366781437306,-0.0467366781437318,-0.0467366781437317,0.0467366781437317
0.00412300000000022,3.49082709497238,3.95302004161903,-1.22081474904809,-0.0462192946646667,-0.0462192946646651,-0.046219294664665,0.0462192946646651
0.00412400000000022,3.51324984899923,3.97024716375992,-1.2253847221957,-0.0456997314760721,-0.0456997314760696,-0.0456997314760695,0.0456997314760695
0.00412500000000022,3.53553390593769,3.98731400417104,-1.22990252317803,-0.0451780098233368,-0.0451780098233347,-0.0451780098233346,0.0451780098233346
0.00412600000000022,3.55767838605135,4.00421989644997,-1.23436793828202,-0.0446541510398624,-0.0446541510398615,-0.0446541510398615,0.0446541510398615
0.00412700000000022,3.57968241511406,4.02096418057616,-1.23878075593664,-0.0441281765462098,-0.0441281765462102,-0.0441281765462102,0.0441281765462102
0.00412800000000022,3.60154512444441,4.03754620293685,-1.24314076672156,-0.0436001078492443,-0.0436001078492444,-0.0436001078492442,0.0436001078492443
0.00412900000000022,3.62326565094007,4.05396531635279,-1.24744776337569,-0.0430699665412715,-0.0430699665412715,-0.0430699665412714,0.0430699665412714
0.00413000000000022,3.64484313711187,4.07022088010368,-1.25170154080561,-0.0425377742991828,-0.0425377742991806,-0.0425377742991805,0.0425377742991805
0.00413100000000022,3.66627673111758,4.08631225995334,-1.25590189609397,-0.0420035528835783,-0.0420035528835758,-0.0420035528835758,0.0420035528835758
0.00413200000000022,3.68756558679562,4.1022388281747,-1.26004862850776,-0.0414673241379093,-0.0414673241379076,-0.0414673241379075,0.0414673241379075
0.00413300000000022,3.70870886369842,4.11799996357441,-1.26414153950652,-0.0409291099876019,-0.0409291099875995,-0.0409291099875995,0.0409291099875995
0.00413400000000022,3.7297057271256,4.13359505151733,-1.26818043275044,-0.0403889324391749,-0.0403889324391727,-0.0403889324391727,0.0403889324391727
0.00413500000000022,3.75055534815696,4.14902348395063,-1.27216511410837,-0.0398468135793695,-0.0398468135793668,-0.0398468135793668,0.0398468135793668
0.00413600000000022,3.77125690368515,4.16428465942773,-1.2760953916658,-0.0393027755742592,-0.0393027755742575,-0.0393027755742575,0.0393027755742574
0.00413700000000022,3.79180957644821,4.17937798313192,-1.27997107573264,-0.0387568406683725,-0.038756840668371,-0.038756840668371,0.038756840668371
0.00413800000000022,3.81221255506181,4.19430286689977,-1.28379197885102,-0.0382090311837979,-0.038209031183796,-0.0382090311837959,0.0382090311837959
0.00413900000000023,3.83246503405129,4.2090587292442,-1.28755791580295,-0.0376593695192917,-0.0376593695192912,-0.0376593695192911,0.0376593695192911
0.00414000000000023,3.85256621388345,4.22364499537737,-1.29126870361788,-0.0371078781493916,-0.0371078781493917,-0.0371078781493917,0.0371078781493917
0.00414100000000023,3.87251530099815,4.23806109723325,-1.29492416158024,-0.0365545796235112,-0.0365545796235104,-0.0365545796235103,0.0365545796235103
0.00414200000000023,3.89231150783956,4.25230647348994,-1.29852411123674,-0.0359994965650401,-0.0359994965650377,-0.0359994965650376,0.0359994965650376
0.00414300000000023,3.91195405288735,4.26638056959173,-1.30206837640378,-0.0354426516704387,-0.0354426516704382,-0.0354426516704381,0.0354426516704381
0.00414400000000023,3.93144216068747,4.28028283777091,-1.30555678317462,-0.0348840677083428,-0.0348840677083436,-0.0348840677083435,0.0348840677083435
0.00414500000000023,3.9507750618828,4.29401273706924,-1.30898915992648,-0.0343237675186447,-0.034323767518644,-0.034323767518644,0.034323767518644
0.00414600000000023,3.96995199324349,4.30756973335924,-1.31236533732764,-0.0337617740115759,-0.0337617740115754,-0.0337617740115753,0.0337617740115753
0.00414700000000023,3.98897219769714,4.32095329936518,-1.31568514834432,-0.0331981101668055,-0.0331981101668044,-0.0331981101668043,0.0331981101668043
0.00414800000000023,4.00783492435863,4.33416291468374,-1.31894842824757,-0.0326327990325126,-0.0326327990325113,-0.0326327990325112,0.0326327990325112
0.00414900000000023,4.02653942855982,4.34719806580451,-1.32215501462002,-0.0320658637244686,-0.0320658637244688,-0.0320658637244687,0.0320658637244687
0.00415000000000023,4.04508497187892,4.36005824613011,-1.32530474736253,-0.0314973274251207,-0.0314973274251196,-0.0314973274251195,0.0314973274251195
0.00415100000000023,4.06347082216962,4.37274295599611,-1.3283974687008,-0.0309272133826521,-0.0309272133826499,-0.0309272133826497,0.0309272133826498
0.00415200000000023,4.08169625359003,4.38525170269065,-1.3314330231918,-0.0303555449100634,-0.0303555449100616,-0.0303555449100616,0.0303555449100615
0.00415300000000023,4.09976054663134,4.39758400047375,-1.33441125773023,-0.0297823453842416,-0.0297823453842412,-0.0297823453842412,0.0297823453842412
0.00415400000000023,4.11766298814618,4.40973937059644,-1.33733202155473,-0.0292076382450257,-0.0292076382450261,-0.0292076382450261,0.029207638245026
0.00415500000000023,4.13540287137682,4.42171734131951,-1.34019516625416,-0.0286314469942694,-0.0286314469942688,-0.0286314469942687,0.0286314469942687
0.00415600000000023,4.15297949598304,4.43351744793202,-1.34300054577365,-0.0280537951948978,-0.0280537951948982,-0.0280537951948981,0.0280537951948981
0.00415700000000023,4.1703921680698,4.44513923276959,-1.34574801642064,-0.027474706469981,-0.0274747064699792,-0.0274747064699792,0.0274747064699792
0.00415800000000023,4.18764020021461,4.4565822452323,-1.34843743687082,-0.0268942045017706,-0.0268942045017689,-0.0268942045017688,0.0268942045017688
0.00415900000000023,4.20472291149471,4.46784604180243,-1.3510686681739,-0.0263123130307741,-0.0263123130307712,-0.0263123130307712,0.0263123130307711
0.00416000000000023,4.22163962751391,4.4789301860618,-1.35364157375938,-0.0257290558547907,-0.0257290558547891,-0.025729055854789,0.025729055854789
0.00416100000000023,4.23838968042921,4.48983424870895,-1.35615601944217,-0.0251444568279768,-0.025144456827974,-0.0251444568279739,0.0251444568279739
0.00416200000000023,4.25497240897722,4.50055780757596,-1.35861187342816,-0.0245585398598736,-0.0245585398598736,-0.0245585398598736,0.0245585398598736
0.00416300000000023,4.2713871585002,4.51110044764497,-1.36100900631961,-0.0239713289144783,-0.0239713289144771,-0.0239713289144771,0.0239713289144771
0.00416400000000023,4.28763328097195,4.52146176106454,-1.36334729112054,-0.0233828480092591,-0.0233828480092586,-0.0233828480092586,0.0233828480092586
0.00416500000000023,4.30371013502337,4.53164134716555,-1.36562660324196,-0.0227931212142196,-0.0227931212142179,-0.0227931212142178,0.0227931212142178
0.00416600000000023,4.31961708596779,4.54163881247699,-1.36784682050705,-0.0222021726509225,-0.0222021726509195,-0.0222021726509194,0.0222021726509194
0.00416700000000023,4.33535350582603,4.55145377074133,-1.3700078231562,-0.0216100264915298,-0.0216100264915297,-0.0216100264915296,0.0216100264915296
0.00416800000000023,4.35091877335117,4.56108584292968,-1.37210949385199,-0.0210167069578526,-0.0210167069578516,-0.0210167069578515,0.0210167069578515
0.00416900000000023,4.36631227405311,4.57053465725668,-1.37415171768402,-0.0204222383203589,-0.0204222383203575,-0.0204222383203574,0.0204222383203574
0.00417000000000023,4.38153340022278,4.57979984919499,-1.37613438217375,-0.0198266448972206,-0.0198266448972206,-0.0198266448972205,0.0198266448972205
0.00417100000000023,4.39658155095621,4.58888106148965,-1.37805737727908,-0.0192299510533456,-0.0192299510533437,-0.0192299510533437,0.0192299510533437
0.00417200000000023,4.41145613217816,4.59777794417202,-1.37992059539902,-0.0186321811993873,-0.0186321811993866,-0.0186321811993865,0.0186321811993866
0.00417300000000023,4.42615655666563,4.60649015457354,-1.3817239313781,-0.0180333597907922,-0.0180333597907915,-0.0180333597907914,0.0180333597907914
0.00417400000000023,4.44068224407104,4.6150173573391,-1.38346728251078,-0.0174335113268076,-0.0174335113268065,-0.0174335113268064,0.0174335113268064
0.00417500000000023,4.45503262094512,4.62335922444019,-1.38515054854573,-0.0168326603495084,-0.0168326603495079,-0.0168326603495078,0.0168326603495078
0.00417600000000023,4.46920712075956,4.63151543518776,-1.38677363169001,-0.0162308314428228,-0.0162308314428201,-0.01623083144282,0.01623083144282
0.00417700000000023,4.48320518392938,4.63948567624472,-1.38833643661317,-0.0156280492315353,-0.0156280492315343,-0.0156280492315342,0.0156280492315342
0.00417800000000023,4.49702625783502,4.64726964163827,-1.3898388704512,-0.0150243383803272,-0.0150243383803254,-0.0150243383803253,0.0150243383803253
0.00417900000000023,4.51066979684414,4.65486703277181,-1.39128084281048,-0.0144197235927668,-0.0144197235927671,-0.014419723592767,0.0144197235927671
0.00418000000000023,4.52413526233318,4.66227755843664,-1.39266226577151,-0.013814229610345,-0.0138142296103463,-0.0138142296103463,0.0138142296103463
0.00418100000000023,4.53742212270863,4.66950093482337,-1.39398305389266,-0.0132078812114744,-0.0132078812114747,-0.0132078812114747,0.0132078812114747
0.00418200000000023,4.55052985342798,4.67653688553298,-1.39524312421371,-0.0126007032105013,-0.0126007032105001,-0.0126007032105,0.0126007032105
0.00418300000000023,4.56345793702048,4.68338514158763,-1.39644239625938,-0.011992720456715,-0.0119927204567154,-0.0119927204567152,0.0119927204567152
0.00418400000000023,4.57620586310751,4.69004544144118,-1.39758079204272,-0.0113839578333685,-0.011383957833367,-0.0113839578333669,0.0113839578333669
0.00418500000000023,4.58877312842279,4.6965175309894,-1.39865823606838,-0.0107744402566623,-0.0107744402566612,-0.0107744402566611,0.0107744402566611
0.00418600000000023,4.60115923683219,4.70280116357989,-1.39967465533586,-0.0101641926747686,-0.0101641926747696,-0.0101641926747695,0.0101641926747695
0.00418700000000023,4.61336369935338,4.70889610002171,-1.40062997934254,-0.00955324006683522,-0.00955324006683319,-0.00955324006683309,0.00955324006683311
0.00418800000000023,4.62538603417505,4.7148021085947,-1.40152414008674,-0.0089416074419657,-0.00894160744196505,-0.00894160744196499,0.00894160744196504
0.00418900000000023,4.63722576667603,4.72051896505855,-1.40235707207056,-0.00832931983825169,-0.00832931983825214,-0.00832931983825205,0.00832931983825208
0.00419000000000023,4.64888242944394,4.72604645266149,-1.40312871230274,-0.00771640232175574,-0.00771640232175571,-0.00771640232175557,0.00771640232175558
0.00419100000000023,4.66035556229369,4.7313843621488,-1.40383900030129,-0.00710287998551218,-0.0071028799855107,-0.00710287998551058,0.00710287998551057
0.00419200000000023,4.67164471228566,4.7365324917709,-1.40448787809614,-0.00648877794852565,-0.006488777948524,-0.00648877794852396,0.00648877794852393
0.00419300000000023,4.68274943374352,4.74149064729123,-1.40507529023162,-0.00587412135477416,-0.00587412135477172,-0.00587412135477168,0.00587412135477167
0.00419400000000023,4.69366928827189,4.74625864199384,-1.40560118376884,-0.00525893537219657,-0.00525893537219545,-0.00525893537219533,0.00525893537219535
0.00419500000000023,4.7044038447736,4.75083629669058,-1.40606550828801,-0.00464324519169779,-0.00464324519169759,-0.00464324519169752,0.00464324519169751
0.00419600000000023,4.71495267946675,4.75522343972811,-1.40646821589062,-0.0040270760261385,-0.00402707602613572,-0.00402707602613566,0.00402707602613567
0.00419700000000023,4.72531537590141,4.75941990699457,-1.40680926120156,-0.00341045310931598,-0.0034104531093161,-0.00341045310931598,0.00341045310931598
0.00419800000000023,4.73549152497607,4.76342554192593,-1.40708860137105,-0.0027934016949871,-0.0027934016949864,-0.00279340169498639,0.00279340169498637
0.00419900000000023,4.74548072495378,4.76724019551205,-1.40730619607664,-0.00217594705583135,-0.00217594705582754,-0.00217594705582744,0.00217594705582747
0.00420000000000023,4.75528258147803,4.77086372630248,-1.40746200752488,-0.00155811448244503,-0.0015581144824448,-0.00155811448244476,0.00155811448244475
0.00420100000000023,4.76489670758831,4.7742960004119,-1.40755600045312,-0.000939929282359753,-0.000939929282358297,-0.000939929282358243,0.000939929282358254
0.00420200000000023,4.77432272373539,4.77753689152532,-1.40758814213102,-0.000321416778994443,-0.000321416778992664,-0.000321416778992578,0.000321416778992556
0.00420300000000023,4.78356025779629,4.78058628090295,-1.40755840236208,0.00029739768933279,0.000297397689333839,0.000297397689333945,-0.000297397689333956
0.00420400000000023,4.79260894508897,4.78344405738476,-1.40746675348504,0.000916488770419388,0.00091648877042082,0.000916488770420898,-0.000916488770420887
0.00420500000000023,4.80146842838676,4.78611011739479,-1.40731317037512,0.00153583109919753,0.00153583109919781,0.00153583109919788,-0.00153583109919786
0.00420600000000023,4.81013835793244,4.78858436494507,-1.40709763044525,0.00215539929873554,0.00215539929873684,0.00215539929873687,-0.00215539929873687
0.00420700000000023,4.81861839145201,4.79086671163935,-1.40682011364712,0.00277516798126376,0.00277516798126549,0.00277516798126554,-0.00277516798126554
0.00420800000000023,4.82690819416829,4.79295707667648,-1.40648060247221,0.00339511174917817,0.00339511174918036,0.00339511174918048,-0.0033951117491805
0.00420900000000023,4.83500743881405,4.79485538685344,-1.4060790819526,0.00401520519605958,0.00401520519606096,0.004015205196061,-0.00401520519606097
0.00421000000000023,4.84291580564499,4.79656157656815,-1.40561553966183,0.00463542290768171,0.00463542290768396,0.00463542290768402,-0.00463542290768404
0.00421100000000023,4.85063298245232,4.79807558782194,-1.40508996571553,0.00525573946303926,0.00525573946303771,0.00525573946303775,-0.00525573946303776
0.00421200000000023,4.85815866457511,4.79939737022174,-1.40450235277199,0.00587612943533822,0.00587612943533708,0.00587612943533715,-0.00587612943533716
0.00421300000000023,4.86549255491233,4.80052688098195,-1.40385269603269,0.00649656739303728,0.00649656739303854,0.00649656739303861,-0.00649656739303861
0.00421400000000023,4.87263436393454,4.80146408492599,-1.4031409932426,0.00711702790085145,0.0071170279008554,0.00711702790085553,-0.0071170279008555
0.00421500000000024,4.87958380969535,4.80220895448761,-1.40236724469053,0.00773748552077347,0.00773748552077322,0.00773748552077329,-0.0077374855207733
0.00421600000000024,4.88634061784253,4.80276146971188,-1.40153145320922,0.00835791481306414,0.00835791481306533,0.00835791481306538,-0.00835791481306541
0.00421700000000024,4.89290452162888,4.8031216182558,-1.40063362417549,0.00897829033730702,0.00897829033730846,0.00897829033730852,-0.00897829033730857
0.00421800000000024,4.89927526192271,4.80328939538873,-1.39967376551015,0.00959858665339874,0.00959858665339835,0.00959858665339848,-0.00959858665339847
0.00421900000000024,4.9054525872181,4.80326480399245,-1.39865188767789,0.0102187783225638,0.0102187783225654,0.0102187783225655,-0.0102187783225655
0.00422000000000024,4.91143625364483,4.80304785456093,-1.39756800368705,0.0108388399083892,0.0108388399083902,0.0108388399083903,-0.0108388399083902
0.00422100000000024,4.91722602497799,4.8026385651998,-1.39642212908927,0.011458745977817,0.0114587459778191,0.0114587459778192,-0.0114587459778192
0.00422200000000024,4.92282167264732,4.80203696162553,-1.39521428197906,0.0120784711021771,0.0120784711021795,0.0120784711021797,-0.0120784711021796
0.00422300000000024,4.92822297574624,4.80124307716429,-1.39394448299324,0.0126979898581947,0.0126979898581953,0.0126979898581953,-0.0126979898581953
0.00422400000000024,4.93342972104055,4.80025695275053,-1.39261275531034,0.0133172768289991,0.0133172768290014,0.0133172768290015,-0.0133172768290015
0.00422500000000024,4.93844170297685,4.79907863692526,-1.39121912464982,0.0139363066051601,0.0139363066051589,0.013936306605159,-0.013936306605159
0.00422600000000024,4.94325872369069,4.79770818583399,-1.38976361927125,0.0145550537856676,0.0145550537856694,0.0145550537856695,-0.0145550537856696
0.00422700000000024,4.94788059301433,4.79614566322443,-1.38824626997335,0.0151734929789882,0.0151734929789892,0.0151734929789892,-0.0151734929789892
0.00422800000000024,4.95230712848428,4.79439114044385,-1.38666711009295,0.0157915988040425,0.0157915988040429,0.015791598804043,-0.015791598804043
0.00422900000000024,4.95653815534851,4.79244469643614,-1.38502617550383,0.0164093458912351,0.0164093458912369,0.016409345891237,-0.016409345891237
0.00423000000000024,4.96057350657332,4.7903064177386,-1.38332350461548,0.0170267088834719,0.0170267088834723,0.0170267088834724,-0.0170267088834724
0.00423100000000024,4.96441302284996,4.78797639847838,-1.38155913837176,0.0176436624371568,0.0176436624371573,0.0176436624371574,-0.0176436624371574
0.00423200000000024,4.96805655260088,4.78545474036869,-1.37973312024944,0.0182601812232175,0.0182601812232191,0.0182601812232192,-0.0182601812232192
0.00423300000000024,4.97150395198579,4.78274155270464,-1.37784549625663,0.0188762399281139,0.0188762399281152,0.0188762399281154,-0.0188762399281153
0.00423400000000024,4.97475508490725,4.77983695235881,-1.37589631493115,0.0194918132548438,0.0194918132548442,0.0194918132548444,-0.0194918132548443
0.00423500000000024,4.9778098230161,4.77674106377654,-1.37388562733875,0.0201068759239531,0.0201068759239558,0.0201068759239559,-0.0201068759239559
0.00423600000000024,4.98066804571652,4.77345401897092,-1.3718134870713,0.0207214026745595,0.02072140267456,0.0207214026745601,-0.0207214026745601
0.00423700000000024,4.98332964017076,4.7699759575174,-1.36967995024476,0.0213353682653361,0.0213353682653362,0.0213353682653363,-0.0213353682653363
0.00423800000000024,4.98579450130363,4.76630702654823,-1.36748507549721,0.021948747475542,0.0219487474755408,0.0219487474755408,-0.0219487474755408
0.00423900000000024,4.98806253180664,4.7624473807465,-1.36522892398661,0.0225615151060143,0.0225615151060141,0.0225615151060142,-0.0225615151060142
0.00424000000000024,4.99013364214183,4.75839718233996,-1.36291155938859,0.0231736459801879,0.0231736459801869,0.023173645980187,-0.023173645980187
0.00424100000000024,4.9920077505453,4.75415660109444,-1.36053304789408,0.023785114945083,0.0237851149450858,0.0237851149450859,-0.0237851149450859
0.00424200000000024,4.99368478303046,4.74972581430709,-1.35809345820684,0.0243958968723379,0.0243958968723372,0.0243958968723373,-0.0243958968723373
0.00424300000000024,4.99516467339095,4.74510500679924,-1.35559286154093,0.0250059666591707,0.0250059666591712,0.0250059666591713,-0.0250059666591713
0.00424400000000024,4.99644736320323,4.74029437090899,-1.35303133161799,0.0256152992294223,0.0256152992294239,0.025615299229424,-0.025615299229424
0.00424500000000024,4.99753280182889,4.73529410648351,-1.35040894466453,0.0262238695345363,0.0262238695345387,0.0262238695345387,-0.0262238695345388
0.00424600000000024,4.99842094641669,4.73010442087102,-1.34772577940908,0.0268316525545642,0.0268316525545667,0.0268316525545668,-0.0268316525545668
0.00424700000000024,4.99911176190419,4.72472552891253,-1.34498191707916,0.027438623299163,0.0274386232991659,0.027438623299166,-0.0274386232991659
0.00424800000000024,4.99960522101918,4.71915765293318,-1.3421774413983,0.0280447568085984,0.028044756808599,0.028044756808599,-0.028044756808599
0.00424900000000024,4.99990130428073,4.71340102273343,-1.33931243858283,0.0286500281547286,0.0286500281547307,0.0286500281547307,-0.0286500281547307
0.00425000000000024,5,4.70745587557977,-1.33638699733862,0.0292544124420213,0.0292544124420225,0.0292544124420226,-0.0292544124420226
0.00425100000000024,4.99990130428064,4.70132245619536,-1.33340120885777,0.0298578848085262,0.0298578848085278,0.0298578848085279,-0.0298578848085279
0.00425200000000024,4.99960522101899,4.69500101675014,-1.33035516681508,0.0304604204268832,0.0304604204268843,0.0304604204268844,-0.0304604204268844
0.00425300000000024,4.9991117619039,4.68849181685084,-1.32724896736455,0.0310619945053037,0.0310619945053059,0.031061994505306,-0.0310619945053059
0.00425400000000024,4.99842094641631,4.68179512353058,-1.3240827091357,0.0316625822885719,0.0316625822885725,0.0316625822885726,-0.0316625822885726
0.00425500000000024,4.99753280182842,4.67491121123823,-1.32085649322979,0.0322621590590177,0.0322621590590193,0.0322621590590193,-0.0322621590590194
0.00425600000000024,4.99644736320266,4.66784036182742,-1.31757042321604,0.0328607001375225,0.0328607001375237,0.0328607001375238,-0.0328607001375237
0.00425700000000024,4.99516467339029,4.66058286454538,-1.31422460512759,0.0334581808844914,0.033458180884491,0.0334581808844911,-0.0334581808844911
0.00425800000000024,4.99368478302971,4.65313901602132,-1.31081914745751,0.0340545767008371,0.0340545767008388,0.0340545767008389,-0.0340545767008389
0.00425900000000024,4.99200775054445,4.64550912025465,-1.30735416115461,0.0346498630289793,0.0346498630289798,0.0346498630289799,-0.0346498630289798
0.00426000000000024,4.99013364214088,4.63769348860286,-1.30382975961923,0.0352440153538014,0.035244015353802,0.0352440153538021,-0.0352440153538021
0.00426100000000024,4.9880625318056,4.62969243976911,-1.30024605869887,0.0358370092036497,0.0358370092036488,0.0358370092036489,-0.0358370092036489
0.00426200000000024,4.9857945013025,4.62150629978954,-1.29660317668374,0.0364288201512952,0.0364288201512961,0.0364288201512962,-0.0364288201512962
0.00426300000000024,4.98332964016953,4.61313540202025,-1.29290123430224,0.0370194238149302,0.0370194238149284,0.0370194238149285,-0.0370194238149285
0.00426400000000024,4.9806680457152,4.60458008712407,-1.28914035471633,0.037608795859112,0.0376087958591124,0.0376087958591125,-0.0376087958591125
0.00426500000000024,4.97780982301469,4.59584070305699,-1.28532066351676,0.038196911995767,0.0381969119957698,0.0381969119957699,-0.0381969119957699
0.00426600000000024,4.97475508490574,4.58691760505427,-1.28144228871824,0.0387837479851472,0.038783747985147,0.0387837479851471,-0.0387837479851471
0.00426700000000024,4.97150395198418,4.57781115561634,-1.27750536075456,0.0393692796367828,0.0393692796367841,0.0393692796367842,-0.0393692796367842
0.00426800000000024,4.96805655259918,4.56852172449437,-1.27351001247351,0.0399534828104797,0.0399534828104809,0.039953482810481,-0.039953482810481
0.00426900000000024,4.96441302284816,4.55904968867554,-1.26945637913179,0.0405363334172604,0.0405363334172616,0.0405363334172617,-0.0405363334172617
0.00427000000000024,4.96057350657143,4.54939543236806,-1.26534459838975,0.0411178074203367,0.0411178074203374,0.0411178074203375,-0.0411178074203375
0.00427100000000024,4.95653815534653,4.53955934698586,-1.26117481030615,0.0416978808360668,0.0416978808360666,0.0416978808360668,-0.0416978808360667
0.00427200000000024,4.95230712848221,4.52954183113307,-1.25694715733266,0.0422765297349126,0.0422765297349132,0.0422765297349133,-0.0422765297349133
0.00427300000000024,4.94788059301216,4.51934329058813,-1.25266178430842,0.0428537302424026,0.0428537302424029,0.0428537302424029,-0.042853730242403
0.00427400000000024,4.94325872368842,4.50896413828765,-1.24831883845441,0.0434294585400763,0.0434294585400771,0.0434294585400772,-0.0434294585400772
0.00427500000000024,4.93844170297449,4.49840479431005,-1.24391846936776,0.0440036908664432,0.0440036908664449,0.044003690866445,-0.044003690866445
0.00427600000000024,4.9334297210381,4.48766568585877,-1.23946082901597,0.0445764035179308,0.0445764035179323,0.0445764035179324,-0.0445764035179324
0.00427700000000024,4.9282229757437,4.4767472472454,-1.23494607173099,0.0451475728498307,0.04514757284983,0.04514757284983,-0.04514757284983
0.00427800000000024,4.92282167264469,4.46564991987231,-1.23037435420326,0.0457171752772378,0.0457171752772375,0.0457171752772377,-0.0457171752772376
0.00427900000000024,4.91722602497526,4.4543741522152,-1.22574583547566,0.0462851872760051,0.0462851872760066,0.0462851872760067,-0.0462851872760067
0.00428000000000024,4.91143625364201,4.4429203998052,-1.2210606769373,0.0468515853836804,0.0468515853836809,0.0468515853836809,-0.0468515853836809
0.00428100000000024,4.90545258721519,4.43128912521085,-1.21631904231725,0.0474163462004329,0.0474163462004337,0.0474163462004338,-0.0474163462004338
0.00428200000000024,4.8992752619197,4.41948079801967,-1.21152109767825,0.047979446390003,0.0479794463900035,0.0479794463900035,-0.0479794463900035
0.00428300000000024,4.89290452162578,4.40749589481952,-1.20666701141019,0.0485408626806261,0.0485408626806264,0.0485408626806265,-0.0485408626806265
0.00428400000000024,4.88634061783934,4.39533489917967,-1.20175695422359,0.0491005718659676,0.0491005718659668,0.0491005718659668,-0.0491005718659668
0.00428500000000024,4.87958380969206,4.38299830163162,-1.19679109914299,0.0496585508060443,0.0496585508060442,0.0496585508060443,-0.0496585508060443
0.00428600000000024,4.87263436393116,4.37048659964957,-1.19176962150017,0.0502147764281569,0.0502147764281592,0.0502147764281593,-0.0502147764281592
0.00428700000000024,4.86549255490886,4.35780029763071,-1.18669269892739,0.0507692257278136,0.050769225727815,0.0507692257278151,-0.0507692257278151
0.00428800000000024,4.85815866457155,4.34493990687517,-1.18156051135043,0.0513218757696388,0.0513218757696376,0.0513218757696377,-0.0513218757696377
0.00428900000000024,4.85063298244866,4.33190594556574,-1.1763732409816,0.0518727036882916,0.0518727036882923,0.0518727036882924,-0.0518727036882924
0.00429000000000025,4.84291580564124,4.31869893874726,-1.17113107231266,0.0524216866893967,0.0524216866893983,0.0524216866893984,-0.0524216866893984
0.00429100000000025,4.83500743881021,4.30531941830582,-1.16583419210762,0.0529688020504393,0.0529688020504397,0.0529688020504397,-0.0529688020504397
0.00429200000000025,4.82690819416436,4.29176792294762,-1.16048278939545,0.0535140271216727,0.053514027121674,0.0535140271216741,-0.0535140271216741
0.00429300000000025,4.81861839144799,4.27804499817761,-1.15507705546274,0.0540573393270383,0.054057339327038,0.0540573393270381,-0.0540573393270381
0.00429400000000025,4.81013835792832,4.26415119627782,-1.14961718384624,0.0545987161650485,0.0545987161650504,0.0545987161650505,-0.0545987161650505
0.00429500000000025,4.80146842838256,4.25008707628545,-1.14410337032527,0.0551381352097136,0.0551381352097115,0.0551381352097115,-0.0551381352097116
0.00429600000000025,4.79260894508468,4.23585320397068,-1.13853581291413,0.0556755741113979,0.0556755741114,0.0556755741114,-0.0556755741114
0.00429700000000025,4.7835602577919,4.22145015181423,-1.13291471185435,0.0562110105977665,0.0562110105977668,0.0562110105977669,-0.0562110105977669
0.00429800000000025,4.77432272373092,4.20687849898466,-1.12724026960689,0.0567444224746283,0.056744422474626,0.056744422474626,-0.056744422474626
0.00429900000000025,4.76489670758375,4.19213883131533,-1.1215126908442,0.0572757876268404,0.0572757876268419,0.0572757876268421,-0.057275787626842
0.00430000000000025,4.75528258147338,4.17723174128123,-1.11573218244228,0.0578050840192157,0.0578050840192143,0.0578050840192144,-0.0578050840192144
0.00430100000000025,4.74548072494903,4.16215782797544,-1.10989895347255,0.0583322896973582,0.0583322896973591,0.0583322896973592,-0.0583322896973592
0.00430200000000025,4.73549152497124,4.14691769708536,-1.10401321519369,0.0588573827885863,0.058857382788587,0.0588573827885871,-0.0588573827885872
0.00430300000000025,4.72531537589649,4.13151196086871,-1.09807518104341,0.0593803415027749,0.0593803415027782,0.0593803415027783,-0.0593803415027783
0.00430400000000025,4.71495267946174,4.1159412381292,-1.09208506663009,0.0599011441332542,0.0599011441332542,0.0599011441332542,-0.0599011441332542
0.00430500000000025,4.7044038447685,4.10020615419204,-1.08604308972432,0.0604197690576447,0.0604197690576458,0.0604197690576459,-0.0604197690576459
0.00430600000000025,4.69366928826669,4.08430734087911,-1.07994947025045,0.0609361947387566,0.0609361947387588,0.0609361947387588,-0.0609361947387588
0.00430700000000025,4.68274943373824,4.06824543648389,-1.0738044302779,0.0614503997254312,0.0614503997254349,0.061450399725435,-0.061450399725435
0.00430800000000025,4.67164471228029,4.05202108574618,-1.06760819401256,0.0619623626534116,0.0619623626534108,0.0619623626534109,-0.0619623626534109
0.00430900000000025,4.66035556228824,4.03563493982651,-1.06136098778794,0.0624720622461705,0.0624720622461723,0.0624720622461723,-0.0624720622461723
0.00431000000000025,4.64888242943839,4.01908765628033,-1.05506304005636,0.0629794773158054,0.062979477315806,0.0629794773158061,-0.0629794773158061
0.00431100000000025,4.6372257666704,4.00237989903192,-1.04871458137998,0.0634845867638467,0.0634845867638471,0.0634845867638472,-0.0634845867638472
0.00431200000000025,4.62538603416933,3.98551233834809,-1.04231584442177,0.0639873695821214,0.0639873695821242,0.0639873695821243,-0.0639873695821243
0.00431300000000025,4.61336369934757,3.96848565081158,-1.03586706393641,0.0644878048535991,0.064487804853599,0.064487804853599,-0.064487804853599
0.00431400000000025,4.6011592368263,3.95130051929425,-1.02936847676109,0.0649858717532026,0.0649858717532045,0.0649858717532046,-0.0649858717532046
0.00431500000000025,4.58877312841681,3.93395763293003,-1.02282032180622,0.0654815495486782,0.0654815495486781,0.0654815495486782,-0.0654815495486782
0.00431600000000025,4.57620586310144,3.91645768708753,-1.01622284004608,0.065974817601393,0.0659748176013915,0.0659748176013915,-0.0659748176013916
0.00431700000000025,4.56345793701432,3.89880138334256,-1.00957627450936,0.0664656553671761,0.0664656553671767,0.0664656553671767,-0.0664656553671767
0.00431800000000025,4.55052985342174,3.88098942945025,-1.00288087026965,0.0669540423971471,0.0669540423971487,0.0669540423971488,-0.0669540423971488
0.00431900000000025,4.5374221227023,3.86302253931706,-0.996136874435795,0.067439958338521,0.067439958338524,0.067439958338524,-0.067439958338524
0.00432000000000025,4.52413526232677,3.84490143297241,-0.989344536142252,0.0679233829354342,0.0679233829354354,0.0679233829354355,-0.0679233829354355
0.00432100000000025,4.51066979683764,3.8266268365402,-0.982504106539277,0.0684042960297426,0.0684042960297434,0.0684042960297434,-0.0684042960297434
0.00432200000000025,4.49702625782843,3.80819948221,-0.975615838783093,0.0688826775618423,0.0688826775618427,0.0688826775618427,-0.0688826775618427
0.00432300000000025,4.48320518392271,3.78962010820805,-0.968679988025947,0.0693585075714653,0.0693585075714661,0.0693585075714661,-0.0693585075714662
0.00432400000000025,4.4692071207528,3.77088945876797,-0.961696811406098,0.0698317661984826,0.0698317661984835,0.0698317661984836,-0.0698317661984836
0.00432500000000025,4.45503262093828,3.7520082841013,-0.954666568037729,0.0703024336836966,0.0703024336836974,0.0703024336836974,-0.0703024336836974
0.00432600000000025,4.44068224406412,3.73297734036777,-0.947589519000765,0.0707704903696327,0.0707704903696343,0.0707704903696344,-0.0707704903696343
0.00432700000000025,4.42615655665862,3.7137973896453,-0.940465927330632,0.071235916701331,0.0712359167013319,0.0712359167013319,-0.0712359167013319
0.00432800000000025,4.41145613217107,3.69446919989984,-0.93329605800792,0.0716986932271213,0.0716986932271226,0.0716986932271227,-0.0716986932271227
0.00432900000000025,4.39658155094904,3.67499354495491,-0.926080177947979,0.0721588005994134,0.0721588005994129,0.072158800599413,-0.072158800599413
0.00433000000000025,4.38153340021553,3.65537120446095,-0.918818555990433,0.0726162195754554,0.0726162195754581,0.0726162195754581,-0.0726162195754581
0.00433100000000025,4.36631227404577,3.63560296386443,-0.91151146288862,0.0730709310181332,0.0730709310181334,0.0730709310181335,-0.0730709310181334
0.00433200000000025,4.35091877334375,3.61568961437674,-0.90415917129895,0.073522915896701,0.0735229158967009,0.073522915896701,-0.073522915896701
0.00433300000000025,4.33535350581853,3.5956319529428,-0.896761955770193,0.0739721552875727,0.0739721552875722,0.0739721552875722,-0.0739721552875723
0.00433400000000025,4.31961708596021,3.57543078220954,-0.889320092732686,0.074418630375066,0.0744186303750665,0.0744186303750665,-0.0744186303750665
0.00433500000000025,4.3037101350157,3.55508691049406,-0.88183386048747,0.0748623224521627,0.0748623224521646,0.0748623224521646,-0.0748623224521646
0.00433600000000025,4.2876332809642,3.53460115175161,-0.874303539195344,0.0753032129212583,0.0753032129212593,0.0753032129212594,-0.0753032129212594
0.00433700000000025,4.27138715849237,3.51397432554337,-0.866729410865854,0.0757412832949,0.0757412832949002,0.0757412832949003,-0.0757412832949003
0.00433800000000025,4.25497240896931,3.49320725700396,-0.859111759346201,0.0761765151965343,0.0761765151965352,0.0761765151965353,-0.0761765151965353
0.00433900000000025,4.23838968042122,3.47230077680875,-0.851450870310076,0.0766088903612461,0.0766088903612471,0.0766088903612472,-0.0766088903612472
0.00434000000000025,4.22163962750584,3.45125572114098,-0.843747031246427,0.0770383906364847,0.0770383906364859,0.0770383906364859,-0.0770383906364859
0.00434100000000025,4.20472291148657,3.4300729316586,-0.836000531448148,0.0774649979827968,0.0774649979827965,0.0774649979827966,-0.0774649979827966
0.00434200000000025,4.18764020020638,3.40875325546096,-0.828211662000694,0.0778886944745416,0.0778886944745427,0.0778886944745427,-0.0778886944745427
0.00434300000000025,4.17039216806149,3.38729754505523,-0.820380715770631,0.0783094623006242,0.0783094623006253,0.0783094623006253,-0.0783094623006254
0.00434400000000025,4.15297949597465,3.36570665832268,-0.812507987394112,0.0787272837651964,0.078727283765197,0.078727283765197,-0.078727283765197
0.00434500000000025,4.13540287136835,3.34398145848463,-0.804593773265274,0.0791421412883708,0.079142141288372,0.079142141288372,-0.079142141288372
0.00434600000000025,4.11766298813764,3.32212281406833,-0.796638371524581,0.0795540174069309,0.0795540174069313,0.0795540174069313,-0.0795540174069313
0.00434700000000025,4.09976054662272,3.30013159887249,-0.788642082047079,0.0799628947750219,0.0799628947750232,0.0799628947750233,-0.0799628947750233
0.00434800000000025,4.08169625358133,3.27800869193274,-0.780605206430593,0.0803687561648592,0.0803687561648595,0.0803687561648596,-0.0803687561648596
0.00434900000000025,4.06347082216084,3.25575497748678,-0.772528047983853,0.0807715844674062,0.0807715844674066,0.0807715844674066,-0.0807715844674066
0.00435000000000025,4.04508497187007,3.23337134493934,-0.764410911714546,0.081171362693071,0.081171362693072,0.0811713626930721,-0.0811713626930721
0.00435100000000025,4.0265394285509,3.21085868882703,-0.756254104317307,0.0815680739723856,0.0815680739723864,0.0815680739723865,-0.0815680739723865
0.00435200000000025,4.00783492434963,3.18821790878282,-0.748057934161639,0.0819617015566809,0.0819617015566809,0.0819617015566809,-0.0819617015566809
0.00435300000000025,3.98897219768806,3.16544990950047,-0.739822711279763,0.0823522288187584,0.0823522288187589,0.0823522288187589,-0.082352228818759
0.00435400000000025,3.96995199323434,3.14255560069869,-0.731548747354407,0.0827396392535629,0.0827396392535642,0.0827396392535643,-0.0827396392535643
0.00435500000000025,3.95077506187357,3.11953589708513,-0.723236355706522,0.0831239164788433,0.0831239164788434,0.0831239164788435,-0.0831239164788435
0.00435600000000025,3.93144216067817,3.09639171832013,-0.714885851282942,0.0835050442358043,0.0835050442358037,0.0835050442358037,-0.0835050442358037
0.00435700000000025,3.91195405287797,3.07312398898031,-0.706497550643965,0.0838830063897655,0.0838830063897661,0.0838830063897662,-0.0838830063897662
0.00435800000000025,3.89231150783011,3.04973363852197,-0.698071771950884,0.0842577869308125,0.0842577869308134,0.0842577869308135,-0.0842577869308135
0.00435900000000025,3.87251530098862,3.02622160124429,-0.689608834953441,0.0846293699744327,0.0846293699744332,0.0846293699744332,-0.0846293699744333
0.00436000000000025,3.85256621387385,3.00258881625229,-0.681109060977225,0.084997739762156,0.0849977397621562,0.0849977397621562,-0.0849977397621562
0.00436100000000025,3.83246503404162,2.97883622741972,-0.672572772911006,0.0853628806621887,0.0853628806621893,0.0853628806621893,-0.0853628806621893
0.00436200000000025,3.81221255505206,2.95496478335163,-0.664000295194002,0.0857247771700431,0.0857247771700438,0.0857247771700438,-0.0857247771700438
0.00436300000000025,3.79180957643839,2.93097543734681,-0.655391953803086,0.0860834139091582,0.0860834139091588,0.0860834139091589,-0.0860834139091589
0.00436400000000025,3.77125690367526,2.90686914736007,-0.646748076239934,0.0864387756315188,0.0864387756315188,0.0864387756315189,-0.0864387756315189
0.00436500000000026,3.750555348147,2.88264687596433,-0.638068991518108,0.0867908472182666,0.0867908472182671,0.0867908472182671,-0.0867908472182671
0.00436600000000026,3.72970572711557,2.85830959031244,-0.629355030150077,0.0871396136803126,0.0871396136803133,0.0871396136803134,-0.0871396136803134
0.00436700000000026,3.70870886368832,2.83385826209895,-0.620606524134183,0.0874850601589361,0.0874850601589366,0.0874850601589366,-0.0874850601589366
0.00436800000000026,3.68756558678545,2.80929386752162,-0.611823806941545,0.0878271719263823,0.087827171926383,0.087827171926383,-0.087827171926383
0.00436900000000026,3.66627673110734,2.78461738724277,-0.603007213502899,0.0881659343864571,0.0881659343864575,0.0881659343864575,-0.0881659343864576
0.00437000000000026,3.64484313710156,2.75982980635044,-0.594157080195388,0.0885013330751117,0.0885013330751121,0.0885013330751121,-0.0885013330751122
0.00437100000000026,3.6232656509297,2.73493211431943,-0.585273744829285,0.0888333536610264,0.088833353661027,0.088833353661027,-0.0888333536610271
0.00437200000000026,3.60154512443396,2.70992530497208,-0.576357546634667,0.0891619819461864,0.0891619819461877,0.0891619819461878,-0.0891619819461878
0.00437300000000026,3.57968241510354,2.68481037643898,-0.567408826248021,0.0894872038664551,0.0894872038664564,0.0894872038664565,-0.0894872038664565
0.00437400000000026,3.55767838604077,2.65958833111939,-0.558427925698807,0.0898090054921385,0.0898090054921382,0.0898090054921383,-0.0898090054921383
0.00437500000000026,3.53553390592704,2.63426017564162,-0.549415188395953,0.0901273730285401,0.090127373028542,0.090127373028542,-0.090127373028542
0.00437600000000026,3.51324984898851,2.60882692082316,-0.5403709591143,0.0904422928165349,0.0904422928165357,0.0904422928165358,-0.0904422928165358
0.00437700000000026,3.49082709496159,2.58328958163062,-0.53129558398099,0.0907537513330958,0.0907537513330969,0.0907537513330969,-0.0907537513330969
0.00437800000000026,3.46826652905822,2.55764917713965,-0.522189410461804,0.0910617351918575,0.091061735191857,0.091061735191857,-0.0910617351918571
0.00437900000000026,3.4455690419309,2.53190673049448,-0.51305278734744,0.0913662311436414,0.0913662311436412,0.0913662311436412,-0.0913662311436412
0.00438000000000026,3.42273552963756,2.50606326886754,-0.50388606473974,0.0916672260770013,0.091667226077002,0.091667226077002,-0.091667226077002
0.00438100000000026,3.39976689360617,2.4801198234187,-0.494689594037865,0.0919647070187463,0.0919647070187476,0.0919647070187476,-0.0919647070187476
0.00438200000000026,3.37666404059916,2.45407742925451,-0.485463727924419,0.0922586611344645,0.0922586611344655,0.0922586611344656,-0.0922586611344656
0.00438300000000026,3.3534278826776,2.42793712538721,-0.476208820351515,0.0925490757290393,0.0925490757290394,0.0925490757290394,-0.0925490757290394
0.00438400000000026,3.33005933716522,2.40169995469361,-0.466925226526799,0.0928359382471605,0.0928359382471614,0.0928359382471614,-0.0928359382471614
0.00438500000000026,3.30655932661219,2.3753669638738,-0.457613302899415,0.0931192362738392,0.0931192362738387,0.0931192362738388,-0.0931192362738388
0.00438600000000026,3.28292877875867,2.34893920340973,-0.448273407145926,0.0933989575348937,0.0933989575348943,0.0933989575348943,-0.0933989575348943
0.00438700000000026,3.25916862649825,2.32241772752363,-0.438905898156179,0.0936750898974625,0.0936750898974623,0.0936750898974623,-0.0936750898974623
0.00438800000000026,3.23527980784104,2.29580359413626,-0.429511136019132,0.0939476213704771,0.0939476213704778,0.0939476213704778,-0.0939476213704779
0.00438900000000026,3.21126326587671,2.26909786482509,-0.420089482008616,0.0942165401051603,0.0942165401051612,0.0942165401051612,-0.0942165401051612
0.00439000000000026,3.1871199487372,2.24230160478223,-0.410641298569066,0.0944818343954962,0.0944818343954963,0.0944818343954964,-0.0944818343954964
0.00439100000000026,3.16285080955933,2.2154158827723,-0.401166949301196,0.0947434926787033,0.0947434926787037,0.0947434926787037,-0.0947434926787037
0.00439200000000026,3.13845680644718,2.1884417710901,-0.391666798947625,0.0950015035357071,0.0950015035357075,0.0950015035357075,-0.0950015035357075
0.00439300000000026,3.1139389024342,2.16138034551823,-0.382141213378465,0.0952558556915972,0.0952558556915971,0.0952558556915971,-0.0952558556915971
0.00439400000000026,3.08929806544528,2.13423268528445,-0.372590559576857,0.0955065380160824,0.0955065380160833,0.0955065380160833,-0.0955065380160833
0.00439500000000026,3.06453526825845,2.10699987301898,-0.363015205624462,0.0957535395239473,0.0957535395239476,0.0957535395239477,-0.0957535395239477
0.00439600000000026,3.03965148846656,2.07968299471169,-0.353415520686914,0.095996849375487,0.0959968493754875,0.0959968493754875,-0.0959968493754875
0.00439700000000026,3.01464770843863,2.05228313966908,-0.343791874999218,0.0962364568769536,0.0962364568769543,0.0962364568769543,-0.0962364568769543
0.00439800000000026,2.98952491528106,2.0248014004712,-0.33414463985112,0.0964723514809862,0.0964723514809865,0.0964723514809866,-0.0964723514809866
0.00439900000000026,2.96428410079873,1.99723887292837,-0.324474187572416,0.0967045227870367,0.0967045227870366,0.0967045227870366,-0.0967045227870366
0.00440000000000026,2.93892626145577,1.96959665603785,-0.314780891518237,0.0969329605417923,0.0969329605417922,0.0969329605417923,-0.0969329605417922
0.00440100000000026,2.91345239833625,1.94187585194033,-0.305065126054278,0.0971576546395908,0.0971576546395917,0.0971576546395917,-0.0971576546395917
0.00440200000000026,2.88786351710467,1.91407756587634,-0.295327266541994,0.0973785951228334,0.0973785951228335,0.0973785951228335,-0.0973785951228335
0.00440300000000026,2.86216062796626,1.88620290614246,-0.285567689323756,0.09759577218238,0.0975957721823801,0.0975957721823802,-0.0975957721823802
0.00440400000000026,2.83634474562705,1.8582529840475,-0.275786771707961,0.0978091761579553,0.0978091761579557,0.0978091761579557,-0.0978091761579557
0.00440500000000026,2.81041688925389,1.83022891386851,-0.265984891954107,0.0980187975385383,0.0980187975385379,0.098018797538538,-0.098018797538538
0.00440600000000026,2.78437808243415,1.8021318128067,-0.256162429257833,0.0982246269627446,0.0982246269627444,0.0982246269627444,-0.0982246269627444
0.00440700000000026,2.75822935313532,1.7739628009432,-0.246319763735911,0.098426655219212,0.0984266552192123,0.0984266552192123,-0.0984266552192123
0.00440800000000026,2.73197173366449,1.74572300119476,-0.236457276411214,0.0986248732469727,0.0986248732469729,0.0986248732469729,-0.0986248732469729
0.00440900000000026,2.70560626062749,1.71741353926929,-0.226575349197632,0.0988192721358194,0.0988192721358196,0.0988192721358196,-0.0988192721358196
0.00441000000000026,2.67913397488806,1.68903554362136,-0.216674364884965,0.0990098431266695,0.0990098431266702,0.0990098431266703,-0.0990098431266703
0.00441100000000026,2.65255592152672,1.66059014540748,-0.206754707123773,0.099196577611923,0.0991965776119234,0.0991965776119234,-0.0991965776119234
0.00441200000000026,2.6258731497995,1.63207847844141,-0.196816760410192,0.0993794671358084,0.0993794671358086,0.0993794671358086,-0.0993794671358086
0.00441300000000026,2.59908671309653,1.60350167914923,-0.186860910070719,0.0995585033947302,0.0995585033947305,0.0995585033947306,-0.0995585033947306
0.00441400000000026,2.57219766890049,1.57486088652441,-0.176887542246958,0.0997336782376074,0.0997336782376077,0.0997336782376077,-0.0997336782376077
0.00441500000000026,2.54520707874478,1.54615724208274,-0.166897043880338,0.0999049836662039,0.099904983666204,0.099904983666204,-0.099904983666204
0.00441600000000026,2.5181160081717,1.51739188981715,-0.156889802696792,0.100072411835455,0.100072411835455,0.100072411835455,-0.100072411835455
0.00441700000000026,2.49092552669032,1.48856597615242,-0.146866207191413,0.10023595505379,0.10023595505379,0.10023595505379,-0.10023595505379
0.00441800000000026,2.4636367077343,1.45968064989988,-0.136826646613069,0.100395605783441,0.100395605783441,0.100395605783441,-0.100395605783441
0.00441900000000026,2.43625062861947,1.4307370622119,-0.126771510948994,0.100551356640757,0.100551356640757,0.100551356640757,-0.100551356640757
0.00442000000000026,2.40876837050136,1.40173636653634,-0.116701190909343,0.100703200396502,0.100703200396502,0.100703200396502,-0.100703200396502
0.00442100000000026,2.38119101833245,1.37267971857095,-0.106616077911728,0.10085112997615,0.10085112997615,0.10085112997615,-0.10085112997615
0.00442200000000026,2.35351966081939,1.3435682762176,-0.0965165640657106,0.100995138460178,0.100995138460178,0.100995138460178,-0.100995138460178
0.00442300000000026,2.32575539037999,1.31440319953651,-0.0864030421572759,0.101135219084348,0.101135219084348,0.101135219084348,-0.101135219084348
0.00442400000000026,2.29789930310011,1.2851856507003,-0.0762759056332778,0.101271365239981,0.101271365239981,0.101271365239981,-0.101271365239981
0.00442500000000026,2.26995249869037,1.25591679394803,-0.0661355485858543,0.101403570474234,0.101403570474235,0.101403570474235,-0.101403570474235
0.00442600000000026,2.24191608044277,1.22659779553915,-0.0559823657368181,0.101531828490362,0.101531828490362,0.101531828490362,-0.101531828490362
0.00442700000000026,2.21379115518709,1.19722982370734,-0.0458167524220206,0.101656133147975,0.101656133147975,0.101656133147975,-0.101656133147975
0.00442800000000026,2.18557883324722,1.16781404861428,-0.0356391045756912,0.101776478463294,0.101776478463294,0.101776478463294,-0.101776478463294
0.00442900000000026,2.15728022839733,1.13835164230337,-0.0254498187147516,0.101892858609396,0.101892858609396,0.101892858609396,-0.101892858609396
0.00443000000000026,2.12889645781787,1.10884377865333,-0.0152492919231063,0.102005267916454,0.102005267916454,0.102005267916454,-0.102005267916454
0.00443100000000026,2.10042864205151,1.07929163333181,-0.00503792183590925,0.10211370087197,0.10211370087197,0.10211370087197,-0.10211370087197
0.00443200000000026,2.07187790495888,1.0496963837488,0.00518389337619151,0.102218152121008,0.102218152121008,0.102218152121008,-0.102218152121008
0.00443300000000026,2.04324537367418,1.02005920901011,0.0154157550228321,0.102318616466406,0.102318616466406,0.102318616466406,-0.102318616466406
0.00443400000000026,2.01453217856072,0.990381289870695,0.0256572639097324,0.102415088869002,0.102415088869002,0.102415088869002,-0.102415088869002
0.00443500000000026,1.98573945316628,0.960663808687926,0.035908020354516,0.102507564447836,0.102507564447836,0.102507564447836,-0.102507564447836
0.00443600000000026,1.95686833417837,0.930907949374839,0.0461676242025513,0.102596038480353,0.102596038480353,0.102596038480353,-0.102596038480353
0.00443700000000026,1.92791996137932,0.901114897353275,0.0564356748428117,0.102680506402604,0.102680506402604,0.102680506402604,-0.102680506402604
0.00443800000000026,1.89889547760131,0.871285839506991,0.0667117712237549,0.102760963809432,0.102760963809432,0.102760963809432,-0.102760963809432
0.00443900000000026,1.86979602868129,0.841421964134698,0.0769955118692208,0.102837406454659,0.102837406454659,0.102837406454659,-0.102837406454659
0.00444000000000026,1.84062276341565,0.811524460903054,0.0872864948943468,0.10290983025126,0.10290983025126,0.10290983025126,-0.10290983025126
0.00444100000000027,1.81137683351497,0.781594520799591,0.0975843180215006,0.102978231271538,0.102978231271538,0.102978231271538,-0.102978231271538
0.00444200000000027,1.78205939355847,0.751633336085604,0.107888578596229,0.103042605747287,0.103042605747287,0.103042605747287,-0.103042605747287
0.00444300000000027,1.75267160094849,0.721642100248977,0.118198873603224,0.103102950069951,0.103102950069951,0.103102950069951,-0.103102950069951
0.00444400000000027,1.72321461586476,0.691622007956971,0.128514799682302,0.103159260790779,0.103159260790779,0.103159260790779,-0.103159260790779
0.00444500000000027,1.69368960121861,0.661574255008956,0.138835953144399,0.103211534620965,0.103211534620965,0.103211534620965,-0.103211534620965
0.00444600000000027,1.66409772260706,0.631500038289109,0.149161929987578,0.103259768431795,0.103259768431795,0.103259768431795,-0.103259768431795
0.00444700000000027,1.63444014826682,0.601400555719061,0.159492325913056,0.103303959254776,0.103303959254776,0.103303959254776,-0.103303959254776
0.00444800000000027,1.60471804902813,0.571277006210506,0.169826736341232,0.103344104281763,0.103344104281763,0.103344104281763,-0.103344104281763
0.00444900000000027,1.57493259826859,0.541130589617772,0.18016475642774,0.103380200865082,0.103380200865082,0.103380200865082,-0.103380200865082
0.00445000000000027,1.54508497186678,0.510962506690354,0.190505981079505,0.103412246517643,0.103412246517643,0.103412246517643,-0.103412246517643
0.00445100000000027,1.51517634815589,0.480773959025411,0.200850004970809,0.103440238913049,0.103440238913048,0.103440238913048,-0.103440238913048
0.00445200000000027,1.48520790787718,0.450566149020235,0.211196422559379,0.103464175885694,0.103464175885694,0.103464175885694,-0.103464175885694
0.00445300000000027,1.45518083413335,0.420340279824678,0.221544828102466,0.103484055430867,0.103484055430867,0.103484055430867,-0.103484055430867
0.00445400000000027,1.42509631234185,0.39009755529356,0.231894815672949,0.103499875704829,0.103499875704829,0.103499875704829,-0.103499875704829
0.00445500000000027,1.39495553018809,0.359839179939043,0.242245979175439,0.103511635024906,0.103511635024905,0.103511635024905,-0.103511635024905
0.00445600000000027,1.36475967757856,0.329566358882984,0.252597912362395,0.103519331869557,0.103519331869557,0.103519331869557,-0.103519331869557
0.00445700000000027,1.33450994659379,0.299280297809258,0.26295020885024,0.103522964878453,0.103522964878453,0.103522964878453,-0.103522964878453
0.00445800000000027,1.30420753144138,0.268982202916067,0.273302462135493,0.103522532852531,0.103522532852531,0.103522532852531,-0.103522532852531
0.00445900000000027,1.27385362840879,0.238673280868217,0.283654265610899,0.103518034754057,0.103518034754057,0.103518034754057,-0.103518034754057
0.00446000000000027,1.24344943581613,0.208354738749395,0.294005212581566,0.103509469706674,0.103509469706674,0.103509469706674,-0.103509469706674
0.00446100000000027,1.21299615396888,0.178027784014408,0.304354896281111,0.103496836995448,0.103496836995447,0.103496836995447,-0.103496836995447
0.00446200000000027,1.18249498511045,0.147693624441424,0.314702909887801,0.103480136066902,0.103480136066902,0.103480136066902,-0.103480136066902
0.00446300000000027,1.15194713337476,0.117353468084194,0.325048846540707,0.103459366529057,0.103459366529057,0.103459366529057,-0.103459366529057
0.00446400000000027,1.1213538047387,0.0870085232242622,0.335392299355851,0.103434528151444,0.103434528151444,0.103434528151444,-0.103434528151444
0.00446500000000027,1.09071620697449,0.0566599983231724,0.345732861442365,0.103405620865132,0.103405620865132,0.103405620865132,-0.103405620865132
0.00446600000000027,1.06003554960203,0.0263091019746613,0.356070125918638,0.103372644762738,0.103372644762737,0.103372644762737,-0.103372644762737
0.00446700000000027,1.02931304384115,-0.00404295714314904,0.366403685928481,0.10333560009843,0.10333560009843,0.10333560009843,-0.10333560009843
0.00446800000000027,0.998549902563766,-0.0343949703155628,0.376733134657275,0.103294487287933,0.103294487287933,0.103294487287933,-0.103294487287933
0.00446900000000027,0.967747340246018,-0.0647457288391237,0.387058065348126,0.103249306908514,0.103249306908514,0.103249306908514,-0.103249306908514
0.00447000000000027,0.936906572920325,-0.0950940240694287,0.397378071318024,0.103200059698976,0.103200059698975,0.103200059698975,-0.103200059698975
0.00447100000000027,0.906028818127375,-0.125438647468936,0.407692745973987,0.103146746559631,0.103146746559631,0.103146746559631,-0.103146746559631
0.00447200000000027,0.875115294868055,-0.155778390654772,0.418001682829215,0.103089368552282,0.103089368552283,0.103089368552283,-0.103089368552283
0.00447300000000027,0.844167223555331,-0.18611204544653,0.428304475519234,0.103027926900186,0.103027926900186,0.103027926900186,-0.103027926900186
0.00447400000000027,0.813185825966066,-0.216438403914063,0.438600717818035,0.102962422988013,0.102962422988013,0.102962422988013,-0.102962422988013
0.00447500000000027,0.78217232519279,-0.24675625842526,0.448890003654216,0.102892858361806,0.102892858361805,0.102892858361805,-0.102892858361805
0.00447600000000027,0.751127945595409,-0.27706440169382,0.459171927127108,0.102819234728924,0.102819234728923,0.102819234728923,-0.102819234728923
0.00447700000000027,0.720053912752872,-0.307361626827007,0.469446082522907,0.102741553957988,0.102741553957988,0.102741553957988,-0.102741553957988
0.00447800000000027,0.68895145341479,-0.337646727373384,0.479712064330788,0.102659818078817,0.102659818078817,0.102659818078817,-0.102659818078817
0.00447900000000027,0.657821795453001,-0.367918497370544,0.489969467259024,0.102574029282355,0.102574029282355,0.102574029282355,-0.102574029282355
0.00448000000000027,0.626666167813099,-0.398175731392803,0.500217886251083,0.102484189920591,0.10248418992059,0.10248418992059,-0.10248418992059
0.00448100000000027,0.595485800465916,-0.428417224598885,0.510456916501731,0.102390302506481,0.10239030250648,0.10239030250648,-0.10239030250648
0.00448200000000027,0.564281924358965,-0.458641772779583,0.520686153473117,0.102292369713854,0.102292369713855,0.102292369713855,-0.102292369713855
0.00448300000000027,0.533055771367846,-0.488848172405386,0.530905192910849,0.102190394377323,0.102190394377323,0.102190394377323,-0.102190394377323
0.00448400000000027,0.501808574247611,-0.519035220674087,0.541113630860066,0.10208437949217,0.10208437949217,0.10208437949217,-0.10208437949217
0.00448500000000027,0.470541566584099,-0.549201715558359,0.551311063681491,0.101974328214246,0.101974328214246,0.101974328214246,-0.101974328214246
0.00448600000000027,0.439255982745234,-0.579346455853303,0.561497088067476,0.101860243859855,0.101860243859854,0.101860243859854,-0.101860243859854
0.00448700000000027,0.407953057832298,-0.609468241223958,0.571671301058039,0.101742129905625,0.101742129905626,0.101742129905626,-0.101742129905626
0.00448800000000027,0.376634027631165,-0.639565872252781,0.581833300056878,0.101619989988395,0.101619989988395,0.101619989988395,-0.101619989988395
0.00448900000000027,0.345300128563522,-0.669638150487089,0.591982682847384,0.101493827905061,0.101493827905061,0.101493827905061,-0.101493827905061
0.00449000000000027,0.313952597638053,-0.699683878486464,0.602119047608629,0.101363647612452,0.101363647612452,0.101363647612452,-0.101363647612452
0.00449100000000027,0.282592672401601,-0.729701859870114,0.612241992931347,0.101229453227172,0.101229453227172,0.101229453227172,-0.101229453227172
0.00449200000000027,0.251221590890319,-0.759690899364198,0.622351117833892,0.101091249025452,0.101091249025452,0.101091249025452,-0.101091249025452
0.00449300000000027,0.219840591580789,-0.789649802849101,0.632446021778191,0.10094903944299,0.100949039442989,0.100949039442989,-0.100949039442989
0.00449400000000027,0.188450913341131,-0.819577377406667,0.642526304685669,0.10080282907478,0.10080282907478,0.10080282907478,-0.10080282907478
0.00449500000000027,0.157053795382094,-0.849472431367383,0.652591566953164,0.100652622674949,0.100652622674948,0.100652622674948,-0.100652622674948
0.00449600000000027,0.125650477208134,-0.879333774357517,0.66264140946882,0.100498425156565,0.100498425156565,0.100498425156565,-0.100498425156565
0.00449700000000027,0.0942421985684822,-0.909160217346195,0.672675433627967,0.100340241591468,0.100340241591468,0.100340241591468,-0.100340241591468
0.00449800000000027,0.0628301994081993,-0.938950572692436,0.682693241348974,0.100178077210065,0.100178077210064,0.100178077210064,-0.100178077210064
0.00449900000000027,0.0314157198192263,-0.968703654192128,0.692694435089087,0.100011937401137,0.100011937401135,0.100011937401135,-0.100011937401135
0.00450000000000027,-8.57274890181739E-12,-0.998418277124942,0.702678617860251,0.0998418277116386,0.0998418277116369,0.0998418277116369,-0.0998418277116369
0.00450100000000027,-0.0314157198363715,-1.02809325830119,0.712645393244899,0.099667753846483,0.0996677538464823,0.0996677538464823,-0.0996677538464823
0.00450200000000027,-0.0628301994253434,-1.05772741610865,0.722594365411733,0.099489721668331,0.0994897216683303,0.0994897216683302,-0.0994897216683302
0.00450300000000027,-0.0942421985856246,-1.08731957055924,0.732525139131469,0.0993077371973627,0.0993077371973612,0.0993077371973612,-0.0993077371973612
0.00450400000000027,-0.125650477225274,-1.11686854333576,0.742437319792574,0.09912180661105,0.0991218066110484,0.0991218066110484,-0.0991218066110484
0.00450500000000027,-0.157053795399231,-1.14637315783846,0.752330513416966,0.0989319362439223,0.0989319362439228,0.0989319362439228,-0.0989319362439228
0.00450600000000027,-0.188450913358264,-1.17583223923159,0.762204326675699,0.0987381325873327,0.0987381325873321,0.0987381325873321,-0.0987381325873321
0.00450700000000027,-0.219840591597918,-1.20524461448984,0.772058366904619,0.0985404022891945,0.0985404022891927,0.0985404022891926,-0.0985404022891926
0.00450800000000027,-0.251221590907443,-1.2346091124448,0.781892242119992,0.0983387521537371,0.0983387521537362,0.0983387521537362,-0.0983387521537362
0.00450900000000027,-0.282592672418719,-1.26392456383122,0.791705561034117,0.0981331891412507,0.0981331891412496,0.0981331891412496,-0.0981331891412496
0.00451000000000027,-0.313952597655164,-1.29318980133326,0.801497933070898,0.0979237203678085,0.0979237203678092,0.0979237203678092,-0.0979237203678092
0.00451100000000027,-0.345300128580627,-1.32240365963071,0.811268968381399,0.0977103531050094,0.097710353105008,0.097710353105008,-0.097710353105008
0.00451200000000027,-0.376634027648262,-1.35156497544504,0.821018277859367,0.0974930947796793,0.0974930947796776,0.0974930947796775,-0.0974930947796775
0.00451300000000027,-0.407953057849386,-1.38067258758542,0.830745473156728,0.0972719529736044,0.0972719529736034,0.0972719529736033,-0.0972719529736034
0.00451400000000027,-0.439255982762314,-1.40972533699465,0.840450166699051,0.0970469354232339,0.097046935423234,0.0970469354232339,-0.097046935423234
0.00451500000000027,-0.470541566601169,-1.43872206679501,0.85013197170099,0.096818050019386,0.0968180500193844,0.0968180500193844,-0.0968180500193844
0.00451600000000028,-0.50180857426467,-1.467661622334,0.859790502181683,0.0965853048069332,0.0965853048069328,0.0965853048069328,-0.0965853048069328
0.00451700000000028,-0.533055771384894,-1.49654285123001,0.869425372980134,0.0963487079845138,0.0963487079845118,0.0963487079845118,-0.0963487079845118
0.00451800000000028,-0.564281924376001,-1.52536460341793,0.879036199770554,0.0961082679041936,0.096108267904193,0.096108267904193,-0.096108267904193
0.00451900000000028,-0.595485800482939,-1.5541257311946,0.88862259907767,0.0958639930711658,0.0958639930711658,0.0958639930711657,-0.0958639930711657
0.00452000000000028,-0.626666167830109,-1.58282508926421,0.898184188292011,0.0956158921434114,0.0956158921434101,0.0956158921434101,-0.0956158921434101
0.00452100000000028,-0.657821795469998,-1.61146153478363,0.907720585685148,0.0953639739313661,0.0953639739313633,0.0953639739313633,-0.0953639739313633
0.00452200000000028,-0.688951453431772,-1.64003392740757,0.917231410424906,0.0951082473975806,0.09510824739758,0.09510824739758,-0.09510824739758
0.00452300000000028,-0.720053912769839,-1.66854112933371,0.926716282590545,0.0948487216563887,0.0948487216563876,0.0948487216563876,-0.0948487216563876
0.00452400000000028,-0.75112794561236,-1.6969820053477,0.936174823187898,0.094585405973534,0.0945854059735341,0.094585405973534,-0.0945854059735341
0.00452500000000028,-0.782172325209724,-1.72535542286803,0.945606654164482,0.0943183097658318,0.0943183097658308,0.0943183097658308,-0.0943183097658308
0.00452600000000028,-0.813185825982984,-1.75366025199088,0.955011398424561,0.0940474426007898,0.0940474426007893,0.0940474426007893,-0.0940474426007892
0.00452700000000028,-0.84416722357223,-1.78189536553474,0.964388679844186,0.0937728141962535,0.0937728141962514,0.0937728141962514,-0.0937728141962513
0.00452800000000028,-0.875115294884936,-1.81005963908508,0.973738123286187,0.0934944344200139,0.0934944344200142,0.0934944344200142,-0.0934944344200142
0.00452900000000028,-0.906028818144237,-1.83815195103872,0.983059354615132,0.0932123132894502,0.0932123132894489,0.0932123132894488,-0.0932123132894488
0.00453000000000028,-0.936906572937167,-1.8661711826483,0.992352000712244,0.0929264609711145,0.0929264609711128,0.0929264609711128,-0.0929264609711128
0.00453100000000028,-0.967747340262839,-1.89411621806641,1.00161568949028,0.0926368877803574,0.0926368877803572,0.0926368877803571,-0.0926368877803571
0.00453200000000028,-0.998549902580566,-1.92198594438984,1.01085004990837,0.0923436041809267,0.0923436041809273,0.0923436041809273,-0.0923436041809273
0.00453300000000028,-1.02931304385793,-1.94977925170351,1.02005471198683,0.0920466207845583,0.0920466207845583,0.0920466207845582,-0.0920466207845582
0.00453400000000028,-1.06003554961879,-1.97749503312443,1.02922930682188,0.0917459483505634,0.0917459483505637,0.0917459483505636,-0.0917459483505636
0.00453500000000028,-1.09071620699122,-2.00513218484541,1.03837346660043,0.0914415977854199,0.0914415977854191,0.0914415977854191,-0.0914415977854191
0.00453600000000028,-1.12135380475541,-2.0326896061788,1.04748682461466,0.0911335801423396,0.0911335801423398,0.0911335801423397,-0.0911335801423397
0.00453700000000028,-1.15194713339145,-2.06016619959997,1.05656901527675,0.0908219066208549,0.0908219066208521,0.090821906620852,-0.090821906620852
0.00453800000000028,-1.18249498512711,-2.0875608707907,1.06561967413338,0.0905065885663592,0.0905065885663597,0.0905065885663597,-0.0905065885663596
0.00453900000000028,-1.21299615398551,-2.11487252868254,1.07463843788035,0.090187637469703,0.0901876374697034,0.0901876374697033,-0.0901876374697033
0.00454000000000028,-1.24344943583274,-2.1421000854999,1.08362494437702,0.0898650649667165,0.0898650649667157,0.0898650649667157,-0.0898650649667157
0.00454100000000028,-1.27385362842537,-2.16924245680306,1.0925788326608,0.0895388828377697,0.0895388828377693,0.0895388828377693,-0.0895388828377693
0.00454200000000028,-1.30420753145793,-2.19629856153113,1.10149974296153,0.0892091030073217,0.08920910300732,0.08920910300732,-0.08920910300732
0.00454300000000028,-1.33450994661031,-2.22326732204475,1.11038731671588,0.0888757375434457,0.088875737543444,0.0888757375434439,-0.0888757375434439
0.00454400000000028,-1.36475967759505,-2.25014766416874,1.11924119658161,0.0885387986573716,0.088538798657369,0.0885387986573689,-0.0885387986573689
0.00454500000000028,-1.39495553020456,-2.27693851723456,1.12806102645191,0.0881982987030017,0.0881982987030003,0.0881982987030003,-0.0881982987030003
0.00454600000000028,-1.42509631235828,-2.30363881412269,1.13684645146956,0.0878542501764445,0.0878542501764411,0.087854250176441,-0.087854250176441
0.00454700000000028,-1.45518083414975,-2.33024749130481,1.14559711804111,0.0875066657155066,0.0875066657155065,0.0875066657155064,-0.0875066657155064
0.00454800000000028,-1.48520790789355,-2.35676348888588,1.15431267385103,0.0871555580992345,0.0871555580992328,0.0871555580992327,-0.0871555580992328
0.00454900000000028,-1.51517634817223,-2.38318575064604,1.16299276787577,0.0868009402473824,0.0868009402473806,0.0868009402473806,-0.0868009402473806
0.00455000000000028,-1.54508497188309,-2.40951322408241,1.17163705039776,0.0864428252199323,0.0864428252199326,0.0864428252199325,-0.0864428252199325
0.00455100000000028,-1.57493259828486,-2.43574486045072,1.18024517301942,0.0860812262165878,0.0860812262165856,0.0860812262165855,-0.0860812262165855
0.00455200000000028,-1.60471804904437,-2.46187961480674,1.18881678867705,0.0857161565762388,0.0857161565762372,0.0857161565762372,-0.0857161565762372
0.00455300000000028,-1.63444014828302,-2.48791644604769,1.19735155165469,0.0853476297764688,0.085347629776467,0.0853476297764669,-0.0853476297764669
0.00455400000000028,-1.66409772262323,-2.51385431695335,1.205849117598,0.0849756594330131,0.0849756594330119,0.0849756594330118,-0.0849756594330118
0.00455500000000028,-1.69368960123474,-2.5396921942271,1.21430914352792,0.084600259299239,0.0846002592992364,0.0846002592992363,-0.0846002592992363
0.00455600000000028,-1.72321461588085,-2.56542904853682,1.22273128785448,0.0842214432655997,0.0842214432655972,0.0842214432655972,-0.0842214432655972
0.00455700000000028,-1.75267160096455,-2.59106385455557,1.23111521039039,0.0838392253591036,0.0838392253591027,0.0838392253591026,-0.0838392253591026
0.00455800000000028,-1.78205939357449,-2.61659559100215,1.23946057236467,0.0834536197427682,0.083453619742766,0.083453619742766,-0.0834536197427659
0.00455900000000028,-1.81137683353095,-2.64202324068149,1.24776703643617,0.0830646407150559,0.0830646407150542,0.0830646407150542,-0.0830646407150542
0.00456000000000028,-1.84062276343159,-2.6673457905249,1.25603426670711,0.0826723027093323,0.082672302709331,0.082672302709331,-0.082672302709331
0.00456100000000028,-1.86979602869719,-2.69256223163013,1.26426192873644,0.0822766202932979,0.0822766202932944,0.0822766202932943,-0.0822766202932943
0.00456200000000028,-1.89889547761718,-2.71767155930126,1.27244968955328,0.0818776081684081,0.0818776081684089,0.0818776081684089,-0.0818776081684089
0.00456300000000028,-1.92791996139514,-2.74267277308847,1.28059721767021,0.0814752811693342,0.081475281169333,0.081475281169333,-0.081475281169333
0.00456400000000028,-1.95686833419415,-2.76756487682755,1.28870418309654,0.0810696542633416,0.0810696542633406,0.0810696542633406,-0.0810696542633406
0.00456500000000028,-1.98573945318202,-2.79234687867939,1.29677025735152,0.0806607425497385,0.0806607425497376,0.0806607425497375,-0.0806607425497375
0.00456600000000028,-2.01453217857641,-2.81701779116914,1.30479511347744,0.0802485612592729,0.0802485612592729,0.0802485612592728,-0.0802485612592729
0.00456700000000028,-2.04324537368982,-2.84157663122528,1.3127784260528,0.0798331257535456,0.0798331257535451,0.079833125753545,-0.079833125753545
0.00456800000000028,-2.07187790497448,-2.86602242021851,1.32071987120524,0.0794144515244044,0.0794144515244027,0.0794144515244027,-0.0794144515244027
0.00456900000000028,-2.10042864206707,-2.89035418400047,1.32861912662457,0.0789925541933423,0.0789925541933402,0.0789925541933401,-0.0789925541933402
0.00457000000000028,-2.12889645783338,-2.91457095294227,1.33647587157566,0.078567449510889,0.0785674495108884,0.0785674495108883,-0.0785674495108883
0.00457100000000028,-2.1572802284128,-2.9386717619728,1.34428978691126,0.0781391533560027,0.078139153356,0.0781391533559999,-0.0781391533559999
0.00457200000000028,-2.18557883326265,-2.96265565061694,1.35206055508481,0.0777076817354327,0.0777076817354298,0.0777076817354298,-0.0777076817354297
0.00457300000000028,-2.21379115520247,-2.98652166303357,1.35978786016312,0.077273050783111,0.0772730507831102,0.0772730507831101,-0.0772730507831101
0.00457400000000028,-2.2419160804581,-3.01026884805331,1.36747138783907,0.0768352767595215,0.0768352767595209,0.0768352767595208,-0.0768352767595208
0.00457500000000028,-2.26995249870565,-3.0338962592162,1.37511082544418,0.0763943760510566,0.0763943760510549,0.0763943760510549,-0.0763943760510549
0.00457600000000028,-2.29789930311533,-3.05740295480911,1.38270586196111,0.0759503651693794,0.0759503651693779,0.0759503651693778,-0.0759503651693778
0.00457700000000028,-2.32575539039516,-3.080787997903,1.39025618803619,0.0755032607507866,0.0755032607507839,0.0755032607507839,-0.0755032607507839
0.00457800000000028,-2.35351966083451,-3.10405045638997,1.39776149599175,0.0750530795555471,0.0750530795555458,0.0750530795555457,-0.0750530795555457
0.00457900000000028,-2.38119101834752,-3.12718940302012,1.40522147983847,0.0745998384672619,0.0745998384672599,0.0745998384672599,-0.0745998384672599
0.00458000000000028,-2.40876837051638,-3.15020391543825,1.41263583528769,0.0741435544921876,0.0741435544921873,0.0741435544921873,-0.0741435544921873
0.00458100000000028,-2.43625062863444,-3.17309307622033,1.42000425976355,0.0736842447585895,0.0736842447585889,0.0736842447585889,-0.0736842447585889
0.00458200000000028,-2.46363670774922,-3.19585597290978,1.42732645241516,0.0732219265160583,0.0732219265160565,0.0732219265160564,-0.0732219265160564
0.00458300000000028,-2.49092552670519,-3.21849169805357,1.43460211412864,0.0727566171348415,0.0727566171348382,0.0727566171348382,-0.0727566171348382
0.00458400000000028,-2.51811600818651,-3.24099934923812,1.44183094753916,0.0722883341051594,0.0722883341051605,0.0722883341051605,-0.0722883341051605
0.00458500000000028,-2.54520707875954,-3.26337802912498,1.44901265704281,0.0718170950365438,0.0718170950365437,0.0718170950365437,-0.0718170950365437
0.00458600000000028,-2.57219766891519,-3.28562684548633,1.45614694880852,0.0713429176571156,0.0713429176571142,0.0713429176571142,-0.0713429176571142
0.00458700000000028,-2.59908671311118,-3.30774491124029,1.46323353078981,0.0708658198129108,0.0708658198129112,0.0708658198129112,-0.0708658198129112
0.00458800000000028,-2.62587314981409,-3.32973134448598,1.47027211273653,0.0703858194671891,0.070385819467189,0.0703858194671889,-0.070385819467189
0.00458900000000028,-2.65255592154125,-3.3515852685384,1.4772624062065,0.0699029346997171,0.0699029346997145,0.0699029346997144,-0.0699029346997144
0.00459000000000028,-2.67913397490254,-3.37330581196314,1.48420412457711,0.069417183706062,0.0694171837060605,0.0694171837060604,-0.0694171837060604
0.00459100000000029,-2.70560626064191,-3.39489210861084,1.4910969830568,0.0689285847968946,0.0689285847968937,0.0689285847968937,-0.0689285847968937
0.00459200000000029,-2.73197173367885,-3.41634329765144,1.49794069869653,0.0684371563972586,0.0684371563972589,0.0684371563972588,-0.0684371563972588
0.00459300000000029,-2.75822935314963,-3.43765852360821,1.50473499040111,0.0679429170458601,0.067942917045858,0.067942917045858,-0.067942917045858
0.00459400000000029,-2.78437808244839,-3.45883693639163,1.51147957894054,0.0674458853943261,0.0674458853943248,0.0674458853943247,-0.0674458853943248
0.00459500000000029,-2.81041688926807,-3.47987769133302,1.51817418696119,0.0669460802064958,0.0669460802064954,0.0669460802064953,-0.0669460802064953
0.00459600000000029,-2.83634474564117,-3.50077994921791,1.52481853899696,0.066443520357673,0.0664435203576739,0.0664435203576738,-0.0664435203576738
0.00459700000000029,-2.86216062798032,-3.52154287631925,1.53141236148035,0.0659382248338947,0.0659382248338939,0.0659382248338939,-0.0659382248338939
0.00459800000000029,-2.88786351711867,-3.54216564443042,1.53795538275347,0.065430212731179,0.0654302127311756,0.0654302127311755,-0.0654302127311755
0.00459900000000029,-2.91345239835018,-3.56264743089796,1.54444733307895,0.0649195032547789,0.0649195032547779,0.0649195032547778,-0.0649195032547778
0.00460000000000029,-2.93892626146964,-3.58298741865411,1.55088794465079,0.0644061157184495,0.0644061157184474,0.0644061157184473,-0.0644061157184473
0.00460100000000029,-2.96428410081254,-3.60318479624916,1.55727695160516,0.0638900695436639,0.063890069543662,0.0638900695436619,-0.0638900695436619
0.00460200000000029,-2.98952491529481,-3.62323875788351,1.56361409003104,0.0633713842588723,0.0633713842588705,0.0633713842588704,-0.0633713842588704
0.00460300000000029,-3.01464770845231,-3.64314850343959,1.56989909798092,0.0628500794987286,0.0628500794987285,0.0628500794987284,-0.0628500794987284
0.00460400000000029,-3.03965148848018,-3.66291323851347,1.57613171548125,0.062326175003331,0.062326175003329,0.0623261750033289,-0.0623261750033289
0.00460500000000029,-3.064535268272,-3.6825321744463,1.58231168454299,0.0617996906174323,0.06179969061743,0.06179969061743,-0.06179969061743
0.00460600000000029,-3.08929806545876,-3.70200452835553,1.58843874917196,0.0612706462896795,0.0612706462896773,0.0612706462896773,-0.0612706462896773
0.00460700000000029,-3.11393890244762,-3.72132952316585,1.59451265537914,0.0607390620718262,0.0607390620718228,0.0607390620718228,-0.0607390620718228
0.00460800000000029,-3.13845680646053,-3.74050638763992,1.60053315119094,0.0602049581179398,0.0602049581179397,0.0602049581179397,-0.0602049581179397
0.00460900000000029,-3.16285080957261,-3.75953435640894,1.6064999866593,0.059668354683633,0.0596683546836329,0.0596683546836329,-0.0596683546836329
0.00461000000000029,-3.18711994875041,-3.77841267000286,1.61241291387183,0.059129272125249,0.0591292721252454,0.0591292721252454,-0.0591292721252454
0.00461100000000029,-3.21126326588985,-3.79714057488046,1.61827168696173,0.0585877308990623,0.0585877308990612,0.0585877308990612,-0.0585877308990612
0.00461200000000029,-3.23527980785411,-3.81571732345915,1.62407606211778,0.0580437515605015,0.0580437515605035,0.0580437515605035,-0.0580437515605035
0.00461300000000029,-3.25916862651125,-3.83414217414455,1.62982579759412,0.0574973547633295,0.0574973547633297,0.0574973547633296,-0.0574973547633296
0.00461400000000029,-3.28292877877161,-3.85241439135982,1.63552065372,0.056948561258825,0.0569485612588217,0.0569485612588216,-0.0569485612588216
0.00461500000000029,-3.30655932662505,-3.87053324557478,1.6411603929095,0.0563973918949734,0.0563973918949733,0.0563973918949732,-0.0563973918949732
0.00461600000000029,-3.33005933717801,-3.88849801333474,1.64674477967106,0.0558438676156703,0.0558438676156727,0.0558438676156726,-0.0558438676156726
0.00461700000000029,-3.35342788269032,-3.90630797728914,1.65227358061705,0.0552880094598818,0.0552880094598821,0.055288009459882,-0.055288009459882
0.00461800000000029,-3.37666404061181,-3.92396242621993,1.65774656447313,0.0547298385608164,0.0547298385608128,0.0547298385608127,-0.0547298385608127
0.00461900000000029,-3.39976689361875,-3.94146065506972,1.66316350208764,0.0541693761451012,0.054169376145097,0.054169376145097,-0.054169376145097
0.00462000000000029,-3.42273552965006,-3.95880196496962,1.66852416644084,0.0536066435319582,0.053606643531956,0.0536066435319559,-0.0536066435319559
0.00462100000000029,-3.44556904194332,-3.97598566326696,1.67382833265408,0.0530416621323671,0.0530416621323639,0.0530416621323639,-0.0530416621323638
0.00462200000000029,-3.46826652907057,-3.99301106355265,1.6790757779989,0.0524744534482124,0.0524744534482087,0.0524744534482087,-0.0524744534482087
0.00462300000000029,-3.49082709497387,-4.00987748568836,1.68426628190604,0.0519050390714537,0.0519050390714493,0.0519050390714493,-0.0519050390714493
0.00462400000000029,-3.51324984900071,-4.0265842558334,1.68939962597437,0.0513334406832722,0.0513334406832685,0.0513334406832685,-0.0513334406832685
0.00462500000000029,-3.53553390593917,-4.0431307064714,1.69447559397969,0.0507596800532251,0.0507596800532234,0.0507596800532234,-0.0507596800532234
0.00462600000000029,-3.55767838605282,-4.05951617643673,1.69949397188353,0.050183779038393,0.0501837790383914,0.0501837790383914,-0.0501837790383913
0.00462700000000029,-3.57968241511551,-4.07574001094064,1.70445454784178,0.0496057595825139,0.0496057595825132,0.0496057595825131,-0.0496057595825131
0.00462800000000029,-3.60154512444585,-4.09180156159717,1.7093571122133,0.0490256437151304,0.0490256437151321,0.0490256437151321,-0.0490256437151321
0.00462900000000029,-3.62326565094151,-4.10770018644882,1.71420145756837,0.048443453550735,0.0484434535507304,0.0484434535507304,-0.0484434535507303
0.00463000000000029,-3.6448431371133,-4.12343524999191,1.71898737869716,0.0478592112878617,0.0478592112878615,0.0478592112878614,-0.0478592112878614
0.00463100000000029,-3.666276731119,-4.13900612320179,1.72371467261798,0.0472729392082827,0.0472729392082795,0.0472729392082794,-0.0472729392082794
0.00463200000000029,-3.68756558679703,-4.15441218355768,1.72838313858559,0.0466846596760662,0.0466846596760652,0.0466846596760651,-0.0466846596760651
0.00463300000000029,-3.70870886369982,-4.1696528150673,1.73299257809927,0.0460943951367487,0.0460943951367485,0.0460943951367485,-0.0460943951367485
0.00463400000000029,-3.72970572712699,-4.18472740829128,1.73754279491091,0.0455021681164292,0.0455021681164283,0.0455021681164283,-0.0455021681164283
0.00463500000000029,-3.75055534815834,-4.19963536036722,1.742033595033,0.0449080012208869,0.0449080012208883,0.0449080012208883,-0.0449080012208882
0.00463600000000029,-3.77125690368652,-4.21437607503362,1.74646478674647,0.0443119171347139,0.0443119171347103,0.0443119171347103,-0.0443119171347103
0.00463700000000029,-3.79180957644957,-4.22894896265341,1.75083618060851,0.0437139386203866,0.0437139386203841,0.043713938620384,-0.043713938620384
0.00463800000000029,-3.81221255506316,-4.2433534402373,1.75514758946025,0.0431140885174175,0.0431140885174143,0.0431140885174143,-0.0431140885174143
0.00463900000000029,-3.83246503405263,-4.25758893146687,1.75939882843439,0.0425123897414226,0.0425123897414242,0.0425123897414242,-0.0425123897414241
0.00464000000000029,-3.85256621388478,-4.27165486671734,1.76358971496272,0.04190886528326,0.0419088652832562,0.0419088652832561,-0.0419088652832562
0.00464100000000029,-3.87251530099946,-4.28555068308016,1.76772006878352,0.0413035382080706,0.0413035382080699,0.0413035382080698,-0.0413035382080698
0.00464200000000029,-3.89231150784087,-4.29927582438523,1.77178971194897,0.0406964316544389,0.0406964316544364,0.0406964316544363,-0.0406964316544363
0.00464300000000029,-3.91195405288865,-4.31282974122296,1.77579846883231,0.0400875688334335,0.0400875688334309,0.0400875688334308,-0.0400875688334308
0.00464400000000029,-3.93144216068876,-4.32621189096597,1.77974616613508,0.0394769730277211,0.0394769730277208,0.0394769730277208,-0.0394769730277207
0.00464500000000029,-3.95077506188408,-4.3394217377906,1.78363263289415,0.0388646675906545,0.0388646675906523,0.0388646675906522,-0.0388646675906522
0.00464600000000029,-3.96995199324476,-4.35245875269809,1.78745770048868,0.0382506759453349,0.0382506759453337,0.0382506759453336,-0.0382506759453336
0.00464700000000029,-3.98897219769839,-4.36532241353555,1.79122120264705,0.0376350215837173,0.0376350215837154,0.0376350215837153,-0.0376350215837153
0.00464800000000029,-4.00783492435988,-4.37801220501656,1.79492297545362,0.0370177280656692,0.0370177280656684,0.0370177280656683,-0.0370177280656683
0.00464900000000029,-4.02653942856106,-4.39052761874165,1.79856285735543,0.0363988190180575,0.0363988190180587,0.0363988190180586,-0.0363988190180586
0.00465000000000029,-4.04508497188014,-4.40286815321834,1.80214068916881,0.0357783181338212,0.03577831813382,0.0357783181338199,-0.0357783181338199
0.00465100000000029,-4.06347082217083,-4.41503331388106,1.80565631408591,0.0351562491710222,0.0351562491710233,0.0351562491710232,-0.0351562491710232
0.00465200000000029,-4.08169625359124,-4.42702261311068,1.80910957768111,0.0345326359519471,0.0345326359519441,0.034532635951944,-0.034532635951944
0.00465300000000029,-4.09976054663253,-4.4388355702538,1.81250032791732,0.0339075023621294,0.033907502362127,0.0339075023621269,-0.0339075023621269
0.00465400000000029,-4.11766298814736,-4.45047171164184,1.81582841515226,0.0332808723494504,0.0332808723494476,0.0332808723494475,-0.0332808723494475
0.00465500000000029,-4.13540287137799,-4.46193057060971,1.81909369214458,0.0326527699231738,0.0326527699231721,0.032652769923172,-0.032652769923172
0.00465600000000029,-4.1529794959842,-4.47321168751435,1.82229601405988,0.0320232191530145,0.0320232191530147,0.0320232191530146,-0.0320232191530146
0.00465700000000029,-4.17039216807095,-4.48431460975286,1.8254352384767,0.0313922441681935,0.0313922441681918,0.0313922441681918,-0.0313922441681918
0.00465800000000029,-4.18764020021575,-4.4952388917805,1.82851122539235,0.0307598691564781,0.0307598691564745,0.0307598691564744,-0.0307598691564744
0.00465900000000029,-4.20472291149584,-4.50598409512823,1.83152383722867,0.0301261183632384,0.0301261183632388,0.0301261183632387,-0.0301261183632387
0.00466000000000029,-4.22163962751503,-4.51654978842016,1.83447293883772,0.0294910160905149,0.029491016090513,0.0294910160905129,-0.0294910160905129
0.00466100000000029,-4.23838968043032,-4.52693554739055,1.83735839750733,0.0288545866960255,0.0288545866960232,0.0288545866960232,-0.0288545866960231
0.00466200000000029,-4.25497240897832,-4.53714095490068,1.84018008296655,0.0282168545922401,0.0282168545922365,0.0282168545922365,-0.0282168545922364
0.00466300000000029,-4.27138715850129,-4.5471656009553,1.84293786739109,0.0275778442454055,0.0275778442454019,0.0275778442454017,-0.0275778442454017
0.00466400000000029,-4.28763328097302,-4.55700908271891,1.84563162540855,0.0269375801745908,0.0269375801745891,0.026937580174589,-0.026937580174589
0.00466500000000029,-4.30371013502443,-4.56667100453169,1.84826123410362,0.02629608695073,0.0262960869507256,0.0262960869507255,-0.0262960869507256
0.00466600000000029,-4.31961708596884,-4.57615097792515,1.85082657302319,0.0256533891956345,0.0256533891956308,0.0256533891956307,-0.0256533891956307
0.0046670000000003,-4.33535350582707,-4.58544862163756,1.85332752418129,0.0250095115810489,0.0250095115810489,0.0250095115810488,-0.0250095115810488
0.0046680000000003,-4.3509187733522,-4.59456356162899,1.85576397206406,0.0243644788276831,0.0243644788276796,0.0243644788276795,-0.0243644788276795
0.0046690000000003,-4.36631227405412,-4.60349543109619,1.85813580363448,0.0237183157042042,0.0237183157042065,0.0237183157042064,-0.0237183157042064
0.0046700000000003,-4.38153340022379,-4.61224387048703,1.86044290833711,0.0230710470263285,0.0230710470263241,0.023071047026324,-0.023071047026324
0.0046710000000003,-4.3965815509572,-4.62080852751483,1.86268517810269,0.0224226976557618,0.0224226976557623,0.0224226976557622,-0.0224226976557622
0.0046720000000003,-4.41145613217914,-4.62918905717224,1.86486250735262,0.0217732924993097,0.0217732924993098,0.0217732924993097,-0.0217732924993097
0.0046730000000003,-4.4261565566666,-4.63738512174495,1.86697479300341,0.0211228565078403,0.021122856507835,0.0211228565078349,-0.0211228565078349
0.0046740000000003,-4.440682244072,-4.64539639082505,1.86902193447094,0.0204714146753049,0.0204714146753054,0.0204714146753053,-0.0204714146753053
0.0046750000000003,-4.45503262094606,-4.65322254132412,1.87100383367472,0.0198189920378056,0.0198189920378055,0.0198189920378055,-0.0198189920378055
0.0046760000000003,-4.46920712076049,-4.66086325748602,1.87292039504197,0.0191656136725538,0.0191656136725527,0.0191656136725527,-0.0191656136725527
0.0046770000000003,-4.4832051839303,-4.66831823089942,1.87477152551166,0.0185113046969132,0.0185113046969116,0.0185113046969116,-0.0185113046969116
0.0046780000000003,-4.49702625783593,-4.67558716050999,1.8765571345384,0.0178560902674074,0.0178560902674068,0.0178560902674067,-0.0178560902674067
0.0046790000000003,-4.51066979684504,-4.68266975263237,1.87827713409628,0.0171999955787361,0.0171999955787339,0.0171999955787338,-0.0171999955787338
0.0046800000000003,-4.52413526233407,-4.68956572096176,1.87993143868255,0.0165430458627713,0.0165430458627695,0.0165430458627695,-0.0165430458627694
0.0046810000000003,-4.5374221227095,-4.69627478658529,1.88151996532131,0.0158852663875786,0.0158852663875788,0.0158852663875788,-0.0158852663875788
0.0046820000000003,-4.55052985342885,-4.70279667799307,1.88304263356695,0.0152266824564218,0.0152266824564228,0.0152266824564228,-0.0152266824564228
0.0046830000000003,-4.56345793702133,-4.70913113108896,1.88449936550763,0.0145673194067641,0.0145673194067632,0.0145673194067631,-0.0145673194067631
0.0046840000000003,-4.57620586310835,-4.71527788920101,1.88589008576856,0.013907202609269,0.0139072026092662,0.0139072026092661,-0.0139072026092661
0.0046850000000003,-4.58877312842362,-4.72123670309167,1.88721472151524,0.0132463574668074,0.0132463574668055,0.0132463574668055,-0.0132463574668055
0.0046860000000003,-4.60115923683301,-4.72700733096764,1.88847320245658,0.0125848094134651,0.0125848094134631,0.012584809413463,-0.0125848094134631
0.0046870000000003,-4.61336369935418,-4.73258953848947,1.88966546084794,0.0119225839135328,0.0119225839135294,0.0119225839135292,-0.0119225839135292
0.0046880000000003,-4.62538603417584,-4.73798309878086,1.89079143149399,0.0112597064605047,0.0112597064605019,0.0112597064605017,-0.0112597064605017
0.0046890000000003,-4.63722576667681,-4.74318779243764,1.8918510517516,0.0105962025760875,0.010596202576083,0.0105962025760828,-0.0105962025760828
0.0046900000000003,-4.6488824294447,-4.74820340753646,1.89284426153251,0.00993209780917548,0.00993209780917606,0.00993209780917601,-0.00993209780917598
0.0046910000000003,-4.66035556229445,-4.75302973964326,1.893771003306,0.00926741773488393,0.00926741773488113,0.009267417734881,-0.00926741773488104
0.0046920000000003,-4.6716447122864,-4.75766659182129,1.89463122210135,0.00860218795349033,0.00860218795348887,0.00860218795348882,-0.00860218795348883
0.0046930000000003,-4.68274943374425,-4.76211377463899,1.8954248655103,0.00793643408947498,0.00793643408947394,0.00793643408947382,-0.00793643408947387
0.0046940000000003,-4.6936692882726,-4.76637110617748,1.89615188368935,0.00727018179048633,0.00727018179048726,0.00727018179048713,-0.00727018179048716
0.0046950000000003,-4.70440384477431,-4.77043841203778,1.89681222936198,0.00660345672635287,0.00660345672634728,0.00660345672634719,-0.00660345672634716
0.0046960000000003,-4.71495267946745,-4.77431552534775,1.89740585782079,0.00593628458803064,0.00593628458803043,0.00593628458803037,-0.00593628458803042
0.0046970000000003,-4.7253153759021,-4.7780022867687,1.89793272692945,0.00526869108666173,0.00526869108666061,0.00526869108666048,-0.0052686910866605
0.0046980000000003,-4.73549152497674,-4.78149854450172,1.8983927971247,0.0046007019524974,0.00460070195249797,0.00460070195249793,-0.00460070195249795
0.0046990000000003,-4.74548072495443,-4.7848041542937,1.8987860314181,0.00393234293392775,0.00393234293392679,0.00393234293392668,-0.00393234293392669
0.0047000000000003,-4.75528258147867,-4.7879189794431,1.89911239539774,0.00326363979644251,0.00326363979644271,0.00326363979644269,-0.00326363979644267
0.0047010000000003,-4.76489670758895,-4.79084289080534,1.8993718572299,0.00259461832164076,0.00259461832163919,0.00259461832163908,-0.0025946183216391
0.0047020000000003,-4.77432272373601,-4.79357576679794,1.89956438766052,0.00192530430619398,0.00192530430619334,0.00192530430619327,-0.00192530430619325
0.0047030000000003,-4.78356025779689,-4.7961174934054,1.89968996001661,0.00125572356085346,0.00125572356085114,0.00125572356085106,-0.00125572356085107
0.0047040000000003,-4.79260894508957,-4.79846796418368,1.89974855020755,0.000585901909413433,0.000585901909412014,0.000585901909411923,-0.000585901909411934
0.0047050000000003,-4.80146842838735,-4.80062708026447,1.89974013672632,-0.0000841348122881946,-0.0000841348122870656,-0.0000841348122872176,0.0000841348122871954
0.0047060000000003,-4.810138357933,-4.80259475035912,1.89966470065058,-0.000754360757386774,-0.000754360757388036,-0.000754360757388106,0.000754360757388106
0.0047070000000003,-4.81861839145257,-4.80437089076228,1.89952222564368,-0.00142475006902565,-0.00142475006902863,-0.00142475006902867,0.00142475006902865
0.0047080000000003,-4.82690819416883,-4.80595542535523,1.89931269795554,-0.0020952768813598,-0.00209527688135971,-0.0020952768813598,0.0020952768813598
0.0047090000000003,-4.83500743881458,-4.80734828560895,1.89903610642349,-0.00276591532056392,-0.00276591532056295,-0.00276591532056303,0.00276591532056303
0.0047100000000003,-4.84291580564551,-4.80854941058682,1.8986924424729,-0.00343663950586715,-0.00343663950586893,-0.00343663950586901,0.00343663950586903
0.0047110000000003,-4.85063298245282,-4.80955874694707,1.89828170011784,-0.00410742355057447,-0.00410742355057542,-0.00410742355057554,0.00410742355057558
0.0047120000000003,-4.85815866457561,-4.81037624894495,1.89780387596154,-0.00477824156306594,-0.00477824156306606,-0.00477824156306612,0.00477824156306617
0.0047130000000003,-4.86549255491281,-4.81100187843452,1.89725896919675,-0.00544906764782915,-0.00544906764782919,-0.00544906764782933,0.00544906764782932
0.0047140000000003,-4.87263436393501,-4.81143560487024,1.89664698160611,-0.00611987590647844,-0.00611987590647683,-0.00611987590647685,0.00611987590647683
0.0047150000000003,-4.8795838096958,-4.81167740530816,1.89596791756223,-0.00679064043876298,-0.00679064043876387,-0.00679064043876396,0.00679064043876398
0.0047160000000003,-4.88634061784298,-4.8117272644069,1.89522178402787,-0.00746133534360149,-0.00746133534360735,-0.00746133534360744,0.00746133534360743
0.0047170000000003,-4.89290452162931,-4.81158517442825,1.89440859055586,-0.00813193472010365,-0.00813193472010576,-0.00813193472010578,0.00813193472010576
0.0047180000000003,-4.89927526192313,-4.81125113523754,1.893528349289,-0.00880241266855597,-0.00880241266855841,-0.00880241266855846,0.00880241266855847
0.0047190000000003,-4.90545258721851,-4.81072515430366,1.89258107495986,-0.00947274329148318,-0.00947274329148476,-0.00947274329148486,0.00947274329148484
0.0047200000000003,-4.91143625364522,-4.81000724669878,1.89156678489039,-0.010142900694643,-0.0101429006946437,-0.0101429006946438,0.0101429006946437
0.0047210000000003,-4.91722602497837,-4.80909743509784,1.89048549899159,-0.0108128589880518,-0.0108128589880526,-0.0108128589880526,0.0108128589880527
0.0047220000000003,-4.92282167264769,-4.80799574977762,1.88933723976289,-0.0114825922870065,-0.0114825922870067,-0.0114825922870067,0.0114825922870067
0.0047230000000003,-4.92822297574659,-4.80670222861562,1.88812203229158,-0.0121520747130943,-0.0121520747130974,-0.0121520747130975,0.0121520747130975
0.0047240000000003,-4.93342972104089,-4.80521691708857,1.88683990425205,-0.0128212803952277,-0.0128212803952315,-0.0128212803952315,0.0128212803952315
0.0047250000000003,-4.93844170297718,-4.80353986827069,1.88549088590499,-0.0134901834706502,-0.013490183470649,-0.0134901834706491,0.0134901834706491
0.0047260000000003,-4.943258723691,-4.80167114283158,1.88407501009639,-0.0141587580859381,-0.0141587580859418,-0.014158758085942,0.0141587580859419
0.0047270000000003,-4.94788059301463,-4.79961080903392,1.88259231225659,-0.0148269783980681,-0.0148269783980709,-0.014826978398071,0.014826978398071
0.0047280000000003,-4.95230712848457,-4.79735894273073,1.88104283039905,-0.0154948185753834,-0.0154948185753839,-0.0154948185753839,0.0154948185753839
0.0047290000000003,-4.95653815534879,-4.79491562736246,1.87942660511919,-0.0161622527986283,-0.016162252798632,-0.0161622527986322,0.0161622527986321
0.0047300000000003,-4.96057350657358,-4.79228095395372,1.87774367959299,-0.0168292552619853,-0.0168292552619867,-0.0168292552619867,0.0168292552619868
0.0047310000000003,-4.9644130228502,-4.78945502110965,1.87599409957558,-0.0174958001740522,-0.0174958001740552,-0.0174958001740553,0.0174958001740553
0.0047320000000003,-4.96805655260112,-4.78643793501215,1.87417791339969,-0.0181618617588941,-0.0181618617588964,-0.0181618617588964,0.0181618617588964
0.0047330000000003,-4.97150395198601,-4.78322980941566,1.87229517197399,-0.0188274142570366,-0.0188274142570354,-0.0188274142570354,0.0188274142570354
0.0047340000000003,-4.97475508490746,-4.77983076564268,1.87034592878134,-0.0194924319264778,-0.0194924319264778,-0.0194924319264779,0.0194924319264778
0.0047350000000003,-4.9778098230163,-4.77624093257907,1.86833023987697,-0.0201568890437209,-0.0201568890437234,-0.0201568890437234,0.0201568890437234
0.0047360000000003,-4.9806680457167,-4.77246044666891,1.86624816388649,-0.0208207599047761,-0.0208207599047789,-0.020820759904779,0.020820759904779
0.0047370000000003,-4.98332964017093,-4.76848945190923,1.86409976200387,-0.02148401882617,-0.0214840188261702,-0.0214840188261703,0.0214840188261703
0.0047380000000003,-4.98579450130379,-4.76432809984425,1.86188509798928,-0.0221466401459525,-0.0221466401459536,-0.0221466401459536,0.0221466401459536
0.0047390000000003,-4.98806253180679,-4.75997654955952,1.85960423816681,-0.0228085982247261,-0.0228085982247262,-0.0228085982247263,0.0228085982247263
0.0047400000000003,-4.99013364214196,-4.7554349676756,1.85725725142214,-0.0234698674466349,-0.023469867446636,-0.0234698674466361,0.0234698674466361
0.0047410000000003,-4.99200775054542,-4.75070352834151,1.8548442092001,-0.0241304222203897,-0.0241304222203902,-0.0241304222203902,0.0241304222203902
0.00474200000000031,-4.99368478303057,-4.74578241322794,1.85236518550208,-0.0247902369802611,-0.0247902369802632,-0.0247902369802632,0.0247902369802632
0.00474300000000031,-4.99516467339105,-4.74067181152001,1.84982025688337,-0.0254492861871003,-0.0254492861871035,-0.0254492861871036,0.0254492861871036
0.00474400000000031,-4.99644736320331,-4.73537191990991,1.84720950245043,-0.026107544329339,-0.0261075443293395,-0.0261075443293397,0.0261075443293396
0.00474500000000031,-4.99753280182896,-4.72988294258912,1.84453300385804,-0.0267649859239816,-0.0267649859239842,-0.0267649859239843,0.0267649859239843
0.00474600000000031,-4.99842094641674,-4.72420509124035,1.84179084530627,-0.0274215855176396,-0.0274215855176389,-0.027421585517639,0.027421585517639
0.00474700000000031,-4.99911176190423,-4.71833858502927,1.83898311353752,-0.028077317687496,-0.0280773176874956,-0.0280773176874956,0.0280773176874957
0.00474800000000031,-4.9996052210192,-4.71228365059581,1.83610989783329,-0.0287321570423371,-0.0287321570423385,-0.0287321570423386,0.0287321570423386
0.00474900000000031,-4.99990130428075,-4.7060405220453,1.83317129001093,-0.0293860782235433,-0.0293860782235441,-0.0293860782235442,0.0293860782235442
0.00475000000000031,-5,-4.6996094409392,1.83016738442033,-0.030039055906077,-0.0300390559060801,-0.0300390559060801,0.0300390559060801
0.00475100000000031,-4.99990130428063,-4.6929906562856,1.82709827794038,-0.0306910647994996,-0.0306910647995027,-0.0306910647995028,0.0306910647995027
0.00475200000000031,-4.99960522101896,-4.68618442452943,1.82396406997548,-0.0313420796489505,-0.0313420796489532,-0.0313420796489533,0.0313420796489532
0.00475300000000031,-4.99911176190386,-4.67919100954234,1.82076486245187,-0.0319920752361513,-0.0319920752361526,-0.0319920752361527,0.0319920752361527
0.00475400000000031,-4.99842094641626,-4.6720106826123,1.81750075981383,-0.0326410263803933,-0.0326410263803952,-0.0326410263803953,0.0326410263803953
0.00475500000000031,-4.99753280182836,-4.66464372243295,1.81417186901987,-0.0332889079395393,-0.0332889079395405,-0.0332889079395406,0.0332889079395405
0.00475600000000031,-4.99644736320258,-4.65709041509255,1.81077829953877,-0.0339356948110003,-0.0339356948110036,-0.0339356948110036,0.0339356948110037
0.00475700000000031,-4.9951646733902,-4.64935105406275,1.8073201633455,-0.0345813619327395,-0.0345813619327445,-0.0345813619327445,0.0345813619327445
0.00475800000000031,-4.9936847830296,-4.64142594018705,1.80379757491707,-0.0352258842842534,-0.0352258842842549,-0.035225884284255,0.0352258842842549
0.00475900000000031,-4.99200775054433,-4.63331538166888,1.80021065122832,-0.0358692368875446,-0.0358692368875446,-0.0358692368875447,0.0358692368875447
0.00476000000000031,-4.99013364214075,-4.6250196940595,1.79655951174751,-0.0365113948081253,-0.0365113948081253,-0.0365113948081254,0.0365113948081254
0.00476100000000031,-4.98806253180546,-4.61653920024553,1.79284427843191,-0.0371523331559942,-0.037152333155993,-0.0371523331559931,0.0371523331559931
0.00476200000000031,-4.98579450130234,-4.60787423043625,1.78906507572325,-0.0377920270866094,-0.037792027086609,-0.0377920270866091,0.0377920270866091
0.00476300000000031,-4.98332964016936,-4.59902512215058,1.78522203054306,-0.0384304518018785,-0.0384304518018784,-0.0384304518018785,0.0384304518018784
0.00476400000000031,-4.98066804571501,-4.58999222020374,1.78131527228795,-0.0390675825511244,-0.0390675825511275,-0.0390675825511276,0.0390675825511276
0.00476500000000031,-4.97780982301449,-4.5807758766937,1.77734493282474,-0.0397033946320779,-0.0397033946320794,-0.0397033946320794,0.0397033946320794
0.00476600000000031,-4.97475508490553,-4.57137645098726,1.77331114648556,-0.0403378633918283,-0.0403378633918267,-0.0403378633918267,0.0403378633918267
0.00476700000000031,-4.97150395198396,-4.56179430970593,1.76921405006278,-0.0409709642278,-0.0409709642278035,-0.0409709642278036,0.0409709642278036
0.00476800000000031,-4.96805655259895,-4.5520298267114,1.7650537828039,-0.0416026725887542,-0.0416026725887551,-0.0416026725887551,0.0416026725887552
0.00476900000000031,-4.96441302284791,-4.54208338309087,1.76083048640633,-0.0422329639757035,-0.0422329639757048,-0.0422329639757049,0.0422329639757049
0.00477000000000031,-4.96057350657117,-4.53195536714197,1.75654430501204,-0.042861813942916,-0.0428618139429202,-0.0428618139429203,0.0428618139429203
0.00477100000000031,-4.95653815534626,-4.52164617435749,1.75219538520215,-0.0434891980988739,-0.0434891980988761,-0.0434891980988763,0.0434891980988762
0.00477200000000031,-4.95230712848192,-4.51115620740975,1.74778387599143,-0.0441150921072153,-0.0441150921072163,-0.0441150921072164,0.0441150921072164
0.00477300000000031,-4.94788059301186,-4.50048587613474,1.74330992882266,-0.0447394716877092,-0.044739471687712,-0.044739471687712,0.044739471687712
0.00477400000000031,-4.94325872368811,-4.48963559751591,1.73877369756094,-0.0453623126172209,-0.0453623126172197,-0.0453623126172197,0.0453623126172198
0.00477500000000031,-4.93844170297417,-4.47860579566781,1.73417533848787,-0.0459835907306316,-0.0459835907306352,-0.0459835907306354,0.0459835907306353
0.00477600000000031,-4.93342972103776,-4.46739690181929,1.72951501029569,-0.0466032819218465,-0.0466032819218467,-0.0466032819218468,0.0466032819218468
0.00477700000000031,-4.92822297574335,-4.4560093542965,1.72479287408122,-0.0472213621446849,-0.0472213621446845,-0.0472213621446846,0.0472213621446846
0.00477800000000031,-4.92282167264432,-4.44444359850563,1.72000909333983,-0.0478378074138708,-0.0478378074138691,-0.0478378074138691,0.0478378074138691
0.00477900000000031,-4.91722602497488,-4.43270008691532,1.71516383395924,-0.0484525938059566,-0.0484525938059565,-0.0484525938059567,0.0484525938059566
0.00478000000000031,-4.91143625364162,-4.4207792790388,1.71025726421321,-0.0490656974602777,-0.0490656974602817,-0.0490656974602818,0.0490656974602818
0.00478100000000031,-4.90545258721478,-4.4086816414158,1.70528955475522,-0.0496770945798986,-0.0496770945798988,-0.0496770945798989,0.0496770945798989
0.00478200000000031,-4.89927526191929,-4.39640764759409,1.70026087861197,-0.0502867614325186,-0.0502867614325195,-0.0502867614325195,0.0502867614325195
0.00478300000000031,-4.89290452162535,-4.38395777811087,1.69517141117682,-0.0508946743514493,-0.0508946743514482,-0.0508946743514483,0.0508946743514483
0.00478400000000031,-4.8863406178389,-4.37133252047374,1.69002133020317,-0.0515008097365133,-0.0515008097365159,-0.051500809736516,0.0515008097365161
0.00478500000000031,-4.87958380969161,-4.35853236914151,1.68481081579767,-0.0521051440550102,-0.0521051440550098,-0.0521051440550099,0.0521051440550099
0.00478600000000031,-4.8726343639307,-4.34555782550468,1.67954005041341,-0.0527076538425986,-0.0527076538426017,-0.0527076538426017,0.0527076538426017
0.00478700000000031,-4.86549255490838,-4.33240939786566,1.67420921884298,-0.0533083157042702,-0.0533083157042725,-0.0533083157042726,0.0533083157042726
0.00478800000000031,-4.85815866457106,-4.3190876014187,1.66881850821146,-0.0539071063152341,-0.0539071063152355,-0.0539071063152356,0.0539071063152356
0.00478900000000031,-4.85063298244816,-4.3055929582296,1.66336810796928,-0.0545040024218535,-0.0545040024218554,-0.0545040024218555,0.0545040024218555
0.00479000000000031,-4.84291580564072,-4.29192599721507,1.65785820988502,-0.0550989808425628,-0.0550989808425654,-0.0550989808425655,0.0550989808425655
0.00479100000000031,-4.83500743880968,-4.27808725412187,1.65228900803814,-0.0556920184687781,-0.0556920184687814,-0.0556920184687815,0.0556920184687815
0.00479200000000031,-4.82690819416382,-4.26407727150568,1.64666069881156,-0.056283092265812,-0.0562830922658132,-0.0562830922658132,0.0562830922658132
0.00479300000000031,-4.81861839144743,-4.24989659870971,1.64097348088418,-0.0568721792737681,-0.0568721792737726,-0.0568721792737726,0.0568721792737726
0.00479400000000031,-4.81013835792776,-4.23554579184296,1.63522755522334,-0.0574592566084742,-0.0574592566084792,-0.0574592566084792,0.0574592566084793
0.00479500000000031,-4.80146842838198,-4.22102541375835,1.6294231250771,-0.0580443014623588,-0.0580443014623627,-0.0580443014623627,0.0580443014623628
0.00479600000000031,-4.79260894508408,-4.20633603403046,1.62356039596656,-0.058627291105362,-0.0586272911053624,-0.0586272911053626,0.0586272911053626
0.00479700000000031,-4.7835602577913,-4.19147822893306,1.61763957567798,-0.0592082028858232,-0.0592082028858236,-0.0592082028858236,0.0592082028858236
0.00479800000000031,-4.7743227237303,-4.17645258141639,1.61166087425484,-0.0597870142313917,-0.0597870142313907,-0.0597870142313907,0.0597870142313907
0.00479900000000031,-4.76489670758312,-4.16125968108414,1.60562450398985,-0.0603637026498949,-0.0603637026498981,-0.0603637026498981,0.0603637026498981
0.00480000000000031,-4.75528258147273,-4.14590012417016,1.59953067941683,-0.0609382457302554,-0.0609382457302568,-0.0609382457302568,0.0609382457302569
0.00480100000000031,-4.74548072494838,-4.13037451351499,1.59337961730249,-0.0615106211433369,-0.0615106211433385,-0.0615106211433386,0.0615106211433386
0.00480200000000031,-4.73549152497057,-4.114683458542,1.58717153663821,-0.0620808066428546,-0.0620808066428566,-0.0620808066428566,0.0620808066428566
0.00480300000000031,-4.72531537589581,-4.09882757523338,1.58090665863158,-0.0626487800662412,-0.0626487800662431,-0.0626487800662432,0.0626487800662431
0.00480400000000031,-4.71495267946105,-4.08280748610581,1.57458520669803,-0.0632145193355238,-0.0632145193355235,-0.0632145193355235,0.0632145193355235
0.00480500000000031,-4.70440384476779,-4.06662382018592,1.56820740645221,-0.0637780024581858,-0.0637780024581873,-0.0637780024581874,0.0637780024581873
0.00480600000000031,-4.69366928826598,-4.05027721298542,1.56177348569941,-0.0643392075280547,-0.0643392075280557,-0.0643392075280558,0.0643392075280558
0.00480700000000031,-4.68274943373751,-4.03376830647605,1.55528367442679,-0.0648981127261439,-0.064898112726146,-0.0648981127261461,0.0648981127261461
0.00480800000000031,-4.67164471227955,-4.01709774906423,1.54873820479464,-0.0654546963215319,-0.0654546963215319,-0.065454696321532,0.065454696321532
0.00480900000000031,-4.66035556228748,-4.00026619556547,1.54213731112742,-0.0660089366722016,-0.0660089366722012,-0.0660089366722013,0.0660089366722013
0.00481000000000031,-4.64888242943763,-3.98327430717853,1.53548122990483,-0.0665608122259087,-0.0665608122259096,-0.0665608122259096,0.0665608122259096
0.00481100000000031,-4.63722576666962,-3.96612275145931,1.52877019975273,-0.0671103015210295,-0.0671103015210308,-0.0671103015210308,0.0671103015210308
0.00481200000000031,-4.62538603416854,-3.9488122022945,1.52200446143399,-0.0676573831874006,-0.0676573831874036,-0.0676573831874037,0.0676573831874037
0.00481300000000031,-4.61336369934677,-3.93134333987501,1.51518425783927,-0.0682020359471736,-0.068202035947175,-0.0682020359471751,0.0682020359471751
0.00481400000000031,-4.60115923682548,-3.91371685066909,1.5083098339777,-0.0687442386156367,-0.0687442386156397,-0.0687442386156398,0.0687442386156398
0.00481500000000031,-4.58877312841598,-3.89593342739522,1.5013814369675,-0.0692839701020742,-0.069283970102076,-0.0692839701020761,0.069283970102076
0.00481600000000031,-4.5762058631006,-3.87799376899482,1.49439931602644,-0.0698212094105766,-0.0698212094105781,-0.0698212094105782,0.0698212094105782
0.00481700000000032,-4.56345793701347,-3.85989858060462,1.48736372246235,-0.0703559356408845,-0.0703559356408848,-0.0703559356408849,0.0703559356408849
0.00481800000000032,-4.55052985342088,-3.84164857352884,1.48027490966343,-0.0708881279892037,-0.0708881279892041,-0.0708881279892041,0.0708881279892041
0.00481900000000032,-4.53742212270142,-3.82324446521108,1.47313313308853,-0.0714177657490334,-0.071417765749034,-0.0714177657490341,0.071417765749034
0.00482000000000032,-4.52413526232588,-3.80468697920608,1.46593865025733,-0.0719448283119806,-0.0719448283119804,-0.0719448283119804,0.0719448283119804
0.00482100000000032,-4.51066979683674,-3.78597684515104,1.45869172074047,-0.072469295168569,-0.0724692951685695,-0.0724692951685696,0.0724692951685696
0.00482200000000032,-4.49702625782752,-3.76711479873694,1.45139260614957,-0.0729911459090582,-0.0729911459090582,-0.0729911459090583,0.0729911459090583
0.00482300000000032,-4.48320518392179,-3.7481015816794,1.44404157012714,-0.0735103602242382,-0.0735103602242388,-0.0735103602242389,0.0735103602242389
0.00482400000000032,-4.46920712075187,-3.72893794168945,1.43663887833652,-0.0740269179062381,-0.0740269179062414,-0.0740269179062415,0.0740269179062415
0.00482500000000032,-4.45503262093733,-3.70962463244402,1.42918479845159,-0.0745407988493296,-0.074540798849331,-0.074540798849331,0.074540798849331
0.00482600000000032,-4.44068224406316,-3.69016241355614,1.42167960014652,-0.0750519830506979,-0.0750519830507013,-0.0750519830507013,0.0750519830507013
0.00482700000000032,-4.42615655665765,-3.67055205054501,1.41412355508539,-0.0755604506112628,-0.0755604506112643,-0.0755604506112644,0.0755604506112644
0.00482800000000032,-4.41145613217009,-3.65079431480573,1.40651693691175,-0.0760661817364361,-0.0760661817364361,-0.0760661817364361,0.0760661817364361
0.00482900000000032,-4.39658155094805,-3.63088998357887,1.39886002123805,-0.0765691567369187,-0.0765691567369178,-0.0765691567369178,0.0765691567369178
0.00483000000000032,-4.38153340021452,-3.61083983991979,1.39115308563511,-0.0770693560294711,-0.0770693560294732,-0.0770693560294733,0.0770693560294733
0.00483100000000032,-4.36631227404475,-3.59064467266773,1.38339640962134,-0.0775667601377017,-0.0775667601377022,-0.0775667601377022,0.0775667601377023
0.00483200000000032,-4.35091877334272,-3.57030527641463,1.37559027465206,-0.0780613496928084,-0.0780613496928088,-0.0780613496928089,0.0780613496928089
0.00483300000000032,-4.33535350581749,-3.54982245147382,1.36773496410862,-0.0785531054343647,-0.0785531054343671,-0.0785531054343672,0.0785531054343672
0.00483400000000032,-4.31961708595916,-3.52919700384835,1.35983076328751,-0.0790420082110788,-0.0790420082110807,-0.0790420082110808,0.0790420082110808
0.00483500000000032,-4.30371013501464,-3.50842974519925,1.35187795938936,-0.07952803898154,-0.0795280389815395,-0.0795280389815396,0.0795280389815396
0.00483600000000032,-4.28763328096313,-3.48752149281341,1.34387684150786,-0.0800111788149693,-0.0800111788149717,-0.0800111788149718,0.0800111788149718
0.00483700000000032,-4.27138715849129,-3.46647306957138,1.33582770061866,-0.0804914088919895,-0.0804914088919907,-0.0804914088919908,0.0804914088919907
0.00483800000000032,-4.25497240896822,-3.44528530391483,1.32773082956813,-0.080968710505338,-0.080968710505339,-0.080968710505339,0.080968710505339
0.00483900000000032,-4.23838968042012,-3.42395902981385,1.31958652306207,-0.0814430650606246,-0.0814430650606266,-0.0814430650606267,0.0814430650606267
0.00484000000000032,-4.22163962750472,-3.40249508673407,1.31139507765436,-0.0819144540770655,-0.0819144540770654,-0.0819144540770655,0.0819144540770655
0.00484100000000032,-4.20472291148544,-3.38089431960344,1.30315679173554,-0.082382859188197,-0.0823828591881993,-0.0823828591881993,0.0823828591881993
0.00484200000000032,-4.18764020020525,-3.35915757877895,1.29487196552128,-0.0828482621426274,-0.0828482621426294,-0.0828482621426294,0.0828482621426294
0.00484300000000032,-4.17039216806034,-3.33728572001299,1.2865409010408,-0.0833106448047349,-0.0833106448047347,-0.0833106448047349,0.0833106448047348
0.00484400000000032,-4.15297949597349,-3.3152796044196,1.27816390212526,-0.0837699891553889,-0.0837699891553892,-0.0837699891553893,0.0837699891553892
0.00484500000000032,-4.13540287136718,-3.29314009844045,1.269741274396,-0.0842262772926738,-0.0842262772926729,-0.084226277292673,0.084226277292673
0.00484600000000032,-4.11766298813646,-3.27086807381066,1.26127332525274,-0.0846794914325799,-0.0846794914325792,-0.0846794914325793,0.0846794914325793
0.00484700000000032,-4.09976054662153,-3.24846440752435,1.25276036386177,-0.085129613909718,-0.0851296139097178,-0.0851296139097179,0.0851296139097179
0.00484800000000032,-4.08169625358013,-3.22592998180001,1.24420270114397,-0.0855766271780101,-0.0855766271780123,-0.0855766271780123,0.0855766271780123
0.00484900000000032,-4.06347082215963,-3.20326568404569,1.23560064976283,-0.0860205138113912,-0.0860205138113931,-0.0860205138113932,0.0860205138113931
0.00485000000000032,-4.04508497186884,-3.18047240682397,1.22695452411238,-0.0864612565044842,-0.0864612565044868,-0.0864612565044868,0.0864612565044868
0.00485100000000032,-4.02653942854966,-3.15755104781667,1.21826464030505,-0.0868988380732971,-0.0868988380732989,-0.086898838073299,0.086898838073299
0.00485200000000032,-4.00783492434838,-3.13450250978944,1.20953131615946,-0.0873332414558914,-0.0873332414558938,-0.0873332414558939,0.0873332414558939
0.00485300000000032,-3.9889721976868,-3.11132770055612,1.20075487118815,-0.0877644497130681,-0.0877644497130683,-0.0877644497130683,0.0877644497130683
0.00485400000000032,-3.96995199323307,-3.08802753294286,1.19193562658525,-0.0881924460290207,-0.0881924460290211,-0.0881924460290211,0.0881924460290211
0.00485500000000032,-3.95077506187229,-3.06460292475211,1.18307390521405,-0.0886172137120167,-0.0886172137120177,-0.0886172137120178,0.0886172137120178
0.00485600000000032,-3.93144216067688,-3.04105479872638,1.17417003159454,-0.0890387361950484,-0.0890387361950498,-0.0890387361950498,0.0890387361950499
0.00485700000000032,-3.91195405287667,-3.01738408251177,1.1652243318909,-0.08945699703649,-0.0894569970364901,-0.0894569970364901,0.0894569970364901
0.00485800000000032,-3.8923115078288,-2.99359170862138,1.15623713389882,-0.0898719799207415,-0.0898719799207421,-0.0898719799207421,0.0898719799207421
0.00485900000000032,-3.8725153009873,-2.96967861439845,1.14720876703293,-0.0902836686588837,-0.0902836686588852,-0.0902836686588852,0.0902836686588853
0.00486000000000032,-3.85256621387253,-2.94564574197938,1.138139562314,-0.0906920471893158,-0.0906920471893146,-0.0906920471893146,0.0906920471893146
0.00486100000000032,-3.83246503404028,-2.92149403825652,1.12902985235616,-0.0910970995783766,-0.0910970995783758,-0.0910970995783759,0.0910970995783759
0.00486200000000032,-3.81221255505072,-2.89722445484076,1.11987997135406,-0.0914988100209935,-0.0914988100209953,-0.0914988100209954,0.0914988100209954
0.00486300000000032,-3.79180957643703,-2.87283794802399,1.11069025506993,-0.0918971628413034,-0.0918971628413047,-0.0918971628413047,0.0918971628413048
0.00486400000000032,-3.77125690367389,-2.84833547874128,1.10146104082061,-0.0922921424932599,-0.0922921424932609,-0.092292142493261,0.092292142493261
0.00486500000000032,-3.75055534814562,-2.82371801253302,1.09219266746448,-0.0926837335612607,-0.0926837335612607,-0.0926837335612607,0.0926837335612607
0.00486600000000032,-3.72970572711418,-2.79898651950668,1.08288547538841,-0.0930719207607478,-0.0930719207607502,-0.0930719207607502,0.0930719207607503
0.00486700000000032,-3.70870886368692,-2.77414197429862,1.07353980649452,-0.0934566889388289,-0.0934566889388295,-0.0934566889388295,0.0934566889388296
0.00486800000000032,-3.68756558678404,-2.74918535603553,1.06415600418704,-0.0938380230748503,-0.0938380230748517,-0.0938380230748518,0.0938380230748518
0.00486900000000032,-3.66627673110593,-2.72411764829575,1.05473441335894,-0.0942159082810168,-0.0942159082810172,-0.0942159082810173,0.0942159082810173
0.00487000000000032,-3.64484313710013,-2.69893983907051,1.04527538037864,-0.0945903298029593,-0.0945903298029621,-0.0945903298029621,0.0945903298029621
0.00487100000000032,-3.62326565092826,-2.67365292072484,1.03577925307661,-0.094961273020342,-0.0949612730203423,-0.0949612730203423,0.0949612730203423
0.00487200000000032,-3.60154512443251,-2.6482578899584,1.02624638073187,-0.0953287234474121,-0.0953287234474113,-0.0953287234474113,0.0953287234474113
0.00487300000000032,-3.57968241510208,-2.62275574776615,1.01667711405851,-0.0956926667335933,-0.0956926667335938,-0.0956926667335938,0.0956926667335938
0.00487400000000032,-3.55767838603931,-2.59714749939878,1.0070718051921,-0.0960530886640543,-0.0960530886640529,-0.0960530886640529,0.0960530886640529
0.00487500000000032,-3.53553390592557,-2.57143415432304,0.997430807676076,-0.0964099751602543,-0.0964099751602528,-0.0964099751602528,0.0964099751602528
0.00487600000000032,-3.51324984898703,-2.54561672618187,0.987754476448025,-0.0967633122805134,-0.0967633122805158,-0.0967633122805159,0.0967633122805159
0.00487700000000032,-3.4908270949601,-2.51969623275436,0.978043167825968,-0.0971130862205716,-0.0971130862205738,-0.0971130862205739,0.0971130862205739
0.00487800000000032,-3.46826652905671,-2.49367369591557,0.968297239494556,-0.0974592833141141,-0.0974592833141148,-0.0974592833141149,0.0974592833141149
0.00487900000000032,-3.44556904192938,-2.46755014159615,0.958517050491224,-0.0978018900333222,-0.0978018900333236,-0.0978018900333236,0.0978018900333236
0.00488000000000032,-3.42273552963604,-2.44132659974187,0.948702961192282,-0.0981408929894168,-0.098140892989417,-0.098140892989417,0.098140892989417
0.00488100000000032,-3.39976689360465,-2.4150041042729,0.938855333298965,-0.0984762789331717,-0.0984762789331742,-0.0984762789331742,0.0984762789331742
0.00488200000000032,-3.37666404059763,-2.38858369304302,0.928974529823419,-0.0988080347554599,-0.0988080347554608,-0.0988080347554608,0.0988080347554609
0.00488300000000032,-3.35342788267606,-2.36206640779858,0.919060915074644,-0.0991361474877484,-0.0991361474877482,-0.0991361474877482,0.0991361474877482
0.00488400000000032,-3.33005933716367,-2.3354532941374,0.909114854644382,-0.0994606043026247,-0.0994606043026263,-0.0994606043026264,0.0994606043026264
0.00488500000000032,-3.30655932661062,-2.3087454014675,0.899136715392951,-0.0997813925143121,-0.0997813925143124,-0.0997813925143124,0.0997813925143124
0.00488600000000032,-3.2829287787571,-2.28194378296558,0.889126865435036,-0.100098499579152,-0.100098499579152,-0.100098499579153,0.100098499579153
0.00488700000000032,-3.25916862649667,-2.25504949553548,0.879085674125424,-0.100411913096118,-0.100411913096119,-0.100411913096119,0.100411913096119
0.00488800000000032,-3.23527980783945,-2.22806359976646,0.869013512044694,-0.100721620807299,-0.1007216208073,-0.1007216208073,0.1007216208073
0.00488900000000032,-3.21126326587511,-2.20098715989123,0.858910750984855,-0.101027610598387,-0.101027610598387,-0.101027610598387,0.101027610598387
0.00489000000000032,-3.18711994873559,-2.17382124374404,0.84877776393494,-0.101329870499154,-0.101329870499155,-0.101329870499155,0.101329870499155
0.00489100000000032,-3.16285080955772,-2.14656692271838,0.838614925066547,-0.101628388683932,-0.101628388683934,-0.101628388683934,0.101628388683934
0.00489200000000032,-3.13845680644556,-2.11922527172478,0.828422609719339,-0.101923153472077,-0.101923153472078,-0.101923153472078,0.101923153472078
0.00489300000000033,-3.11393890243257,-2.09179736914826,0.818201194386496,-0.102214153328433,-0.102214153328432,-0.102214153328432,0.102214153328432
0.00489400000000033,-3.08929806544364,-2.06428429680582,0.807951056700118,-0.102501376863781,-0.102501376863782,-0.102501376863782,0.102501376863782
0.00489500000000033,-3.06453526825681,-2.03668713990367,0.797672575416586,-0.102784812835313,-0.102784812835314,-0.102784812835314,0.102784812835314
0.00489600000000033,-3.03965148846491,-2.00900698699437,0.787366130401881,-0.103064450147053,-0.103064450147054,-0.103064450147054,0.103064450147054
0.00489700000000033,-3.01464770843696,-1.98124492993387,0.77703210261685,-0.103340277850309,-0.103340277850309,-0.103340277850309,0.103340277850309
0.00489800000000033,-2.98952491527939,-1.95340206383836,0.76667087410244,-0.103612285144102,-0.103612285144103,-0.103612285144103,0.103612285144103
0.00489900000000033,-2.96428410079705,-1.92547948704102,0.75628282796488,-0.103880461375604,-0.103880461375604,-0.103880461375604,0.103880461375604
0.00490000000000033,-2.93892626145408,-1.89747830104864,0.745868348360825,-0.104144796040545,-0.104144796040545,-0.104144796040545,0.104144796040545
0.00490100000000033,-2.91345239833455,-1.86939961049813,0.735427820482461,-0.104405278783641,-0.104405278783643,-0.104405278783643,0.104405278783643
0.00490200000000033,-2.88786351710297,-1.84124452311289,0.72496163054256,-0.104661899399007,-0.104661899399008,-0.104661899399008,0.104661899399008
0.00490300000000033,-2.86216062796455,-1.81301414965905,0.714470165759505,-0.10491464783055,-0.10491464783055,-0.10491464783055,0.10491464783055
0.00490400000000033,-2.83634474562534,-1.78470960390159,0.703953814342268,-0.105163514172374,-0.105163514172374,-0.105163514172374,0.105163514172374
0.00490500000000033,-2.81041688925217,-1.75633200256039,0.69341296547535,-0.105408488669178,-0.105408488669178,-0.105408488669178,0.105408488669178
0.00490600000000033,-2.78437808243241,-1.72788246526606,0.682848009303687,-0.105649561716634,-0.105649561716635,-0.105649561716635,0.105649561716635
0.00490700000000033,-2.75822935313359,-1.6993621145158,0.672259336917509,-0.105886723861778,-0.105886723861778,-0.105886723861778,0.105886723861778
0.00490800000000033,-2.73197173366274,-1.67077207562899,0.661647340337171,-0.106119965803375,-0.106119965803375,-0.106119965803375,0.106119965803375
0.00490900000000033,-2.70560626062574,-1.64211347670279,0.651012412497942,-0.106349278392295,-0.106349278392295,-0.106349278392295,0.106349278392295
0.00491000000000033,-2.6791339748863,-1.61338744856755,0.640354947234755,-0.106574652631874,-0.106574652631875,-0.106574652631875,0.106574652631875
0.00491100000000033,-2.65255592152495,-1.58459512474219,0.629675339266927,-0.106796079678275,-0.106796079678276,-0.106796079678276,0.106796079678276
0.00491200000000033,-2.62587314979772,-1.55573764138939,0.618973984182844,-0.107013550840833,-0.107013550840833,-0.107013550840833,0.107013550840833
0.00491300000000033,-2.59908671309475,-1.52681613727072,0.608251278424603,-0.107227057582403,-0.107227057582403,-0.107227057582403,0.107227057582403
0.00491400000000033,-2.5721976688987,-1.4978317537017,0.597507619272633,-0.1074365915197,-0.1074365915197,-0.1074365915197,0.1074365915197
0.00491500000000033,-2.54520707874299,-1.46878563450665,0.58674340483027,-0.107642144423634,-0.107642144423634,-0.107642144423634,0.107642144423634
0.00491600000000033,-2.5181160081699,-1.43967892597358,0.575959034008307,-0.107843708219632,-0.107843708219632,-0.107843708219632,0.107843708219632
0.00491700000000033,-2.49092552668851,-1.41051277680887,0.565154906509511,-0.108041274987962,-0.108041274987964,-0.108041274987964,0.108041274987964
0.00491800000000033,-2.46363670773248,-1.38128833809193,0.554331422813105,-0.108234836964054,-0.108234836964055,-0.108234836964055,0.108234836964055
0.00491900000000033,-2.43625062861765,-1.35200676322971,0.543488984159226,-0.108424386538792,-0.108424386538794,-0.108424386538794,0.108424386538794
0.00492000000000033,-2.40876837049953,-1.32266920791115,0.532627992533342,-0.108609916258837,-0.108609916258838,-0.108609916258838,0.108609916258838
0.00492100000000033,-2.38119101833061,-1.29327683006152,0.521748850650651,-0.108791418826908,-0.108791418826909,-0.108791418826909,0.108791418826909
0.00492200000000033,-2.35351966081755,-1.26383078979672,0.510851961940443,-0.108968887102083,-0.108968887102083,-0.108968887102083,0.108968887102083
0.00492300000000033,-2.32575539037814,-1.2343322493774,0.499937730530436,-0.109142314100074,-0.109142314100074,-0.109142314100074,0.109142314100074
0.00492400000000033,-2.29789930309826,-1.20478237316312,0.489006561231084,-0.109311692993512,-0.109311692993513,-0.109311692993513,0.109311692993513
0.00492500000000033,-2.26995249868852,-1.1751823275663,0.478058859519862,-0.109477017112222,-0.109477017112222,-0.109477017112222,0.109477017112222
0.00492600000000033,-2.24191608044091,-1.14553328100616,0.467095031525515,-0.109638279943475,-0.109638279943475,-0.109638279943475,0.109638279943475
0.00492700000000033,-2.21379115518522,-1.1158364038626,0.456115484012289,-0.109795475132262,-0.109795475132262,-0.109795475132262,0.109795475132262
0.00492800000000033,-2.18557883324535,-1.08609286842993,0.445120624364134,-0.109948596481542,-0.109948596481542,-0.109948596481542,0.109948596481542
0.00492900000000033,-2.15728022839545,-1.05630384887059,0.434110860568886,-0.110097637952485,-0.110097637952486,-0.110097637952486,0.110097637952486
0.00493000000000033,-2.12889645781598,-1.02647052116876,0.423086601202414,-0.110242593664723,-0.110242593664723,-0.110242593664723,0.110242593664723
0.00493100000000033,-2.10042864204962,-0.996594063083895,0.412048255412756,-0.110383457896572,-0.110383457896573,-0.110383457896573,0.110383457896573
0.00493200000000033,-2.07187790495698,-0.966675654104245,0.400996232904229,-0.110520225085273,-0.110520225085273,-0.110520225085273,0.110520225085273
0.00493300000000033,-2.04324537367227,-0.936716475400217,0.389930943921509,-0.110652889827205,-0.110652889827206,-0.110652889827206,0.110652889827206
0.00493400000000033,-2.01453217855881,-0.906717709777744,0.378852799233698,-0.110781446878106,-0.110781446878107,-0.110781446878107,0.110781446878107
0.00493500000000033,-1.98573945316437,-0.876680541631553,0.36776221011837,-0.110905891153281,-0.110905891153282,-0.110905891153282,0.110905891153282
0.00493600000000033,-1.95686833417645,-0.846606156898389,0.356659588345589,-0.111026217727806,-0.111026217727806,-0.111026217727806,0.111026217727806
0.00493700000000033,-1.92791996137739,-0.816495743010158,0.345545346161917,-0.111142421836724,-0.111142421836723,-0.111142421836723,0.111142421836723
0.00493800000000033,-1.89889547759939,-0.78635048884703,0.334419896274393,-0.111254498875235,-0.111254498875236,-0.111254498875236,0.111254498875236
0.00493900000000033,-1.86979602867935,-0.756171584690473,0.323283651834505,-0.111362444398888,-0.111362444398888,-0.111362444398888,0.111362444398888
0.00494000000000033,-1.84062276341371,-0.725960222176234,0.31213702642213,-0.111466254123748,-0.111466254123748,-0.111466254123748,0.111466254123748
0.00494100000000033,-1.81137683351302,-0.695717594247269,0.300980434029472,-0.111565923926575,-0.111565923926576,-0.111565923926576,0.111565923926576
0.00494200000000033,-1.78205939355652,-0.665444895106614,0.289814289044973,-0.11166144984499,-0.111661449844991,-0.111661449844991,0.111661449844991
0.00494300000000033,-1.75267160094654,-0.635143320170221,0.27863900623721,-0.111752828077631,-0.111752828077631,-0.111752828077631,0.111752828077631
0.00494400000000033,-1.7232146158628,-0.604814066019727,0.267455000738779,-0.111840054984307,-0.111840054984307,-0.111840054984307,0.111840054984307
0.00494500000000033,-1.69368960121665,-0.574458330355186,0.256262688030165,-0.111923127086145,-0.111923127086146,-0.111923127086146,0.111923127086146
0.00494600000000033,-1.6640977226051,-0.544077311947766,0.245062483923592,-0.112002041065733,-0.112002041065733,-0.112002041065733,0.112002041065733
0.00494700000000033,-1.63444014826485,-0.51367221059238,0.233854804546867,-0.112076793767247,-0.112076793767247,-0.112076793767247,0.112076793767247
0.00494800000000033,-1.60471804902616,-0.483244227060302,0.222640066327208,-0.112147382196586,-0.112147382196586,-0.112147382196586,0.112147382196586
0.00494900000000033,-1.57493259826661,-0.452794563051727,0.21141868597506,-0.112213803521488,-0.112213803521488,-0.112213803521488,0.112213803521488
0.00495000000000033,-1.5450849718648,-0.4223244211483,0.200191080467894,-0.11227605507165,-0.11227605507165,-0.11227605507165,0.11227605507165
0.00495100000000033,-1.51517634815391,-0.391835004765609,0.188957667034012,-0.11233413433883,-0.11233413433883,-0.11233413433883,0.11233413433883
0.00495200000000033,-1.48520790787519,-0.361327518105647,0.177718863136316,-0.112388038976954,-0.112388038976954,-0.112388038976954,0.112388038976954
0.00495300000000033,-1.45518083413135,-0.330803166109243,0.166475086456095,-0.112437766802211,-0.112437766802211,-0.112437766802211,0.112437766802211
0.00495400000000033,-1.42509631233985,-0.300263154408457,0.155226754876781,-0.112483315793139,-0.112483315793139,-0.112483315793139,0.112483315793139
0.00495500000000033,-1.39495553018609,-0.269708689278953,0.14397428646771,-0.112524684090714,-0.112524684090714,-0.112524684090714,0.112524684090714
0.00495600000000033,-1.36475967757655,-0.239140977592351,0.132718099467868,-0.11256186999842,-0.11256186999842,-0.11256186999842,0.11256186999842
0.00495700000000033,-1.33450994659178,-0.208561226768542,0.121458612269635,-0.112594871982324,-0.112594871982324,-0.112594871982324,0.112594871982324
0.00495800000000033,-1.30420753143937,-0.177970644727997,0.110196243402522,-0.112623688671137,-0.112623688671137,-0.112623688671137,0.112623688671137
0.00495900000000033,-1.27385362840677,-0.147370439844041,0.0989314115168944,-0.112648318856273,-0.112648318856273,-0.112648318856273,0.112648318856273
0.00496000000000033,-1.24344943581411,-0.116761820895121,0.0876645353677045,-0.112668761491899,-0.112668761491899,-0.112668761491899,0.112668761491899
0.00496100000000033,-1.21299615396686,-0.0861459970170484,0.0763960337982065,-0.112685015694981,-0.112685015694981,-0.112685015694981,0.112685015694981
0.00496200000000033,-1.18249498510842,-0.0555241776552359,0.0651263257236746,-0.112697080745319,-0.112697080745319,-0.112697080745319,0.112697080745319
0.00496300000000033,-1.15194713337273,-0.0248975725169141,0.0538558301151164,-0.112704956085582,-0.112704956085582,-0.112704956085582,0.112704956085582
0.00496400000000033,-1.12135380473667,0.00573260847665831,0.0425849659829832,-0.112708641321332,-0.112708641321332,-0.112708641321332,0.112708641321332
0.00496500000000033,-1.09071620697245,0.0363651552379931,0.0313141523608787,-0.112708136221045,-0.112708136221045,-0.112708136221045,0.112708136221045
0.00496600000000033,-1.0600355496,0.0669988575611791,0.020043808289267,-0.112703440716118,-0.112703440716118,-0.112703440716118,0.112703440716118
0.00496700000000033,-1.02931304383911,0.0976325051696932,0.00877435279917891,-0.112694554900881,-0.112694554900881,-0.112694554900881,0.112694554900881
0.00496800000000034,-0.998549902561723,0.128264887764214,-0.00249379510408046,-0.112681479032594,-0.112681479032594,-0.112681479032594,0.112681479032594
0.00496900000000034,-0.967747340243972,0.158894795070437,-0.0137602164572246,-0.112664213531441,-0.112664213531441,-0.112664213531441,0.112664213531441
0.00497000000000034,-0.936906572918277,0.18952101688689,-0.0250244923552762,-0.112642758980517,-0.112642758980517,-0.112642758980517,0.112642758980517
0.00497100000000034,-0.906028818125325,0.220142343132742,-0.0362862039678569,-0.112617116125807,-0.112617116125807,-0.112617116125807,0.112617116125807
0.00497200000000034,-0.875115294866002,0.250757563895614,-0.0475449325554731,-0.112587285876162,-0.112587285876162,-0.112587285876162,0.112587285876162
0.00497300000000034,-0.844167223553276,0.281365469479375,-0.0588002594857996,-0.112553269303265,-0.112553269303265,-0.112553269303265,0.112553269303265
0.00497400000000034,-0.813185825964009,0.31196485045194,-0.0700517662499591,-0.112515067641595,-0.112515067641595,-0.112515067641595,0.112515067641595
0.00497500000000034,-0.782172325190731,0.342554497693046,-0.0812990344787968,-0.112472682288378,-0.112472682288378,-0.112472682288378,0.112472682288378
0.00497600000000034,-0.751127945593348,0.373133202442028,-0.0925416459591506,-0.112426114803538,-0.112426114803538,-0.112426114803538,0.112426114803538
0.00497700000000034,-0.720053912750809,0.403699756345571,-0.103779182650114,-0.112375366909638,-0.112375366909638,-0.112375366909638,0.112375366909638
0.00497800000000034,-0.688951453412725,0.43425295150545,-0.115011226699296,-0.112320440491818,-0.112320440491818,-0.112320440491818,0.112320440491818
0.00497900000000034,-0.657821795450934,0.464791580526256,-0.126237360459068,-0.112261337597719,-0.112261337597719,-0.112261337597719,0.112261337597719
0.00498000000000034,-0.62666616781103,0.495314436563094,-0.137457166502809,-0.112198060437413,-0.112198060437412,-0.112198060437412,0.112198060437412
0.00498100000000034,-0.595485800463846,0.525820313369268,-0.14867022764114,-0.112130611383311,-0.112130611383311,-0.112130611383311,0.112130611383311
0.00498200000000034,-0.564281924356894,0.556308005343938,-0.159876126938149,-0.112058992970083,-0.112058992970083,-0.112058992970083,0.112058992970083
0.00498300000000034,-0.533055771365773,0.586776307579751,-0.171074447727604,-0.111983207894553,-0.111983207894552,-0.111983207894552,0.111983207894552
0.00498400000000034,-0.501808574245537,0.617224015910448,-0.182264773629164,-0.111903259015599,-0.111903259015599,-0.111903259015599,0.111903259015599
0.00498500000000034,-0.470541566582024,0.647649926958438,-0.193446688564569,-0.111819149354046,-0.111819149354046,-0.111819149354046,0.111819149354046
0.00498600000000034,-0.439255982743158,0.678052838182348,-0.204619776773824,-0.111730882092551,-0.111730882092551,-0.111730882092551,0.111730882092551
0.00498700000000034,-0.40795305783022,0.70843154792453,-0.215783622831371,-0.111638460575475,-0.111638460575475,-0.111638460575475,0.111638460575475
0.00498800000000034,-0.376634027629086,0.738784855458543,-0.226937811662247,-0.111541888308763,-0.111541888308763,-0.111541888308763,0.111541888308763
0.00498900000000034,-0.345300128561443,0.769111561036592,-0.238081928558228,-0.111441168959804,-0.111441168959803,-0.111441168959803,0.111441168959803
0.00499000000000034,-0.313952597635972,0.799410465936932,-0.249215559193957,-0.111336306357291,-0.11133630635729,-0.11133630635729,0.11133630635729
0.00499100000000034,-0.28259267239952,0.82968037251123,-0.260338289643064,-0.111227304491075,-0.111227304491075,-0.111227304491075,0.111227304491075
0.00499200000000034,-0.251221590888237,0.859920084231887,-0.271449706394266,-0.111114167512013,-0.111114167512012,-0.111114167512012,0.111114167512012
0.00499300000000034,-0.219840591578706,0.89012840573931,-0.282549396367446,-0.110996899731802,-0.110996899731802,-0.110996899731802,0.110996899731802
0.00499400000000034,-0.188450913339048,0.92030414288915,-0.293636946929728,-0.11087550562282,-0.11087550562282,-0.11087550562282,0.11087550562282
0.00499500000000034,-0.15705379538001,0.950446102799477,-0.304711945911523,-0.110749989817949,-0.110749989817949,-0.110749989817949,0.110749989817949
0.00499600000000034,-0.12565047720605,0.980553093897916,-0.315773981622562,-0.110620357110397,-0.110620357110397,-0.110620357110397,0.110620357110397
0.00499700000000034,-0.0942421985663977,1.01062392596873,-0.326822642867914,-0.110486612453513,-0.110486612453513,-0.110486612453513,0.110486612453513
0.00499800000000034,-0.0628301994061146,1.04065741019985,-0.337857518963973,-0.110348760960597,-0.110348760960597,-0.110348760960597,0.110348760960597
0.00499900000000034,-0.0314157198171415,1.07065235922984,-0.348878199754443,-0.110206807904699,-0.110206807904698,-0.110206807904698,0.110206807904698
0.00500000000000034,1.06576211614598E-11,1.10060758719482,-0.359884275626285,-0.110060758718416,-0.110060758718416,-0.110060758718416,0.110060758718416
